date,ingredient_id,opening_stock,purchased,used,closing_stock
2026-01-01,ING001,90.0,0.0,25.51,64.49
2026-01-01,ING002,75.0,0.0,11.68,63.32
2026-01-01,ING003,60.0,0.0,5.87,54.13
2026-01-01,ING004,12.0,0.0,1.07,10.93
2026-01-01,ING005,15.0,0.0,0.49,14.51
2026-01-01,ING006,9.0,0.0,0.55,8.45
2026-01-01,ING007,15.0,0.0,2.33,12.67
2026-01-01,ING008,18.0,0.0,1.48,16.52
2026-01-01,ING009,15.0,0.0,3.21,11.79
2026-01-01,ING010,9.0,0.0,3.46,5.54
2026-01-01,ING011,75.0,0.0,21.4,53.6
2026-01-01,ING012,24.0,0.0,6.42,17.58
2026-01-01,ING013,30.0,0.0,10.92,19.08
2026-01-01,ING014,15.0,0.0,1.12,13.88
2026-01-01,ING015,18.0,18.3,29.0,7.3
2026-01-01,ING016,120.0,0.0,15.84,104.16
2026-01-01,ING017,75.0,0.0,8.28,66.72
2026-01-01,ING018,105.0,0.0,3.6,101.4
2026-01-01,ING019,75.0,0.0,5.0,70.0
2026-01-01,ING020,45.0,0.0,2.88,42.12
2026-01-01,ING021,60.0,0.0,2.92,57.08
2026-01-01,ING022,45.0,0.0,1.68,43.32
2026-01-01,ING023,45.0,0.0,0.96,44.04
2026-01-01,ING024,36.0,0.0,1.43,34.57
2026-01-01,ING025,90.0,0.0,9.62,80.38
2026-01-01,ING026,18.0,0.0,0.66,17.34
2026-01-01,ING027,12.0,0.0,0.7,11.3
2026-01-01,ING028,75.0,0.0,4.33,70.67
2026-01-01,ING029,24.0,0.0,3.38,20.62
2026-01-01,ING030,36.0,0.0,21.0,15.0
2026-01-01,ING031,54.0,0.0,11.19,42.81
2026-01-01,ING032,36.0,0.0,9.6,26.4
2026-01-02,ING001,64.49,0.0,22.88,41.61
2026-01-02,ING002,63.32,0.0,11.26,52.06
2026-01-02,ING003,54.13,0.0,5.79,48.34
2026-01-02,ING004,10.93,0.0,0.99,9.94
2026-01-02,ING005,14.51,0.0,0.54,13.97
2026-01-02,ING006,8.45,0.0,0.45,8.0
2026-01-02,ING007,12.67,0.0,2.37,10.3
2026-01-02,ING008,16.52,0.0,1.62,14.9
2026-01-02,ING009,11.79,0.0,2.91,8.88
2026-01-02,ING010,5.54,8.1,3.24,10.4
2026-01-02,ING011,53.6,0.0,21.36,32.24
2026-01-02,ING012,17.58,0.0,5.9,11.68
2026-01-02,ING013,19.08,24.4,13.22,30.26
2026-01-02,ING014,13.88,0.0,0.8,13.08
2026-01-02,ING015,7.3,15.9,16.0,7.2
2026-01-02,ING016,104.16,0.0,16.04,88.12
2026-01-02,ING017,66.72,0.0,6.28,60.44
2026-01-02,ING018,101.4,0.0,5.28,96.12
2026-01-02,ING019,70.0,0.0,5.28,64.72
2026-01-02,ING020,42.12,0.0,3.12,39.0
2026-01-02,ING021,57.08,0.0,3.27,53.81
2026-01-02,ING022,43.32,0.0,1.68,41.64
2026-01-02,ING023,44.04,0.0,1.84,42.2
2026-01-02,ING024,34.57,0.0,1.25,33.32
2026-01-02,ING025,80.38,0.0,9.4,70.98
2026-01-02,ING026,17.34,0.0,1.03,16.31
2026-01-02,ING027,11.3,0.0,0.37,10.93
2026-01-02,ING028,70.67,0.0,4.52,66.15
2026-01-02,ING029,20.62,0.0,3.31,17.31
2026-01-02,ING030,15.0,29.6,13.25,31.35
2026-01-02,ING031,42.81,0.0,12.36,30.45
2026-01-02,ING032,26.4,0.0,8.53,17.87
2026-01-03,ING001,41.61,0.0,4.96,36.65
2026-01-03,ING002,52.06,0.0,2.92,49.14
2026-01-03,ING003,48.34,0.0,1.62,46.72
2026-01-03,ING004,9.94,0.0,0.21,9.73
2026-01-03,ING005,13.97,0.0,0.14,13.83
2026-01-03,ING006,8.0,0.0,0.07,7.93
2026-01-03,ING007,10.3,0.0,0.66,9.64
2026-01-03,ING008,14.9,0.0,0.48,14.42
2026-01-03,ING009,8.88,0.0,0.68,8.2
2026-01-03,ING010,10.4,0.0,0.97,9.43
2026-01-03,ING011,32.24,60.6,6.34,86.5
2026-01-03,ING012,11.68,0.0,1.3,10.38
2026-01-03,ING013,30.26,0.0,2.48,27.78
2026-01-03,ING014,13.08,0.0,0.22,12.86
2026-01-03,ING015,7.2,21.4,4.0,24.6
2026-01-03,ING016,88.12,0.0,5.14,82.98
2026-01-03,ING017,60.44,0.0,1.22,59.22
2026-01-03,ING018,96.12,0.0,1.14,94.98
2026-01-03,ING019,64.72,0.0,0.84,63.88
2026-01-03,ING020,39.0,0.0,0.96,38.04
2026-01-03,ING021,53.81,0.0,0.89,52.92
2026-01-03,ING022,41.64,0.0,0.84,40.8
2026-01-03,ING023,42.2,0.0,0.24,41.96
2026-01-03,ING024,33.32,0.0,0.28,33.04
2026-01-03,ING025,70.98,0.0,2.17,68.81
2026-01-03,ING026,16.31,0.0,0.27,16.04
2026-01-03,ING027,10.93,0.0,0.16,10.77
2026-01-03,ING028,66.15,0.0,1.21,64.94
2026-01-03,ING029,17.31,0.0,0.79,16.52
2026-01-03,ING030,31.35,0.0,3.5,27.85
2026-01-03,ING031,30.45,0.0,2.34,28.11
2026-01-03,ING032,17.87,0.0,2.4,15.47
2026-01-04,ING001,36.65,62.2,5.05,93.8
2026-01-04,ING002,49.14,0.0,2.85,46.29
2026-01-04,ING003,46.72,0.0,1.85,44.87
2026-01-04,ING004,9.73,0.0,0.22,9.51
2026-01-04,ING005,13.83,0.0,0.15,13.68
2026-01-04,ING006,7.93,0.0,0.1,7.83
2026-01-04,ING007,9.64,0.0,0.58,9.06
2026-01-04,ING008,14.42,0.0,0.42,14.0
2026-01-04,ING009,8.2,0.0,0.62,7.58
2026-01-04,ING010,9.43,0.0,0.56,8.87
2026-01-04,ING011,86.5,0.0,5.55,80.95
2026-01-04,ING012,10.38,15.5,1.82,24.06
2026-01-04,ING013,27.78,0.0,2.03,25.75
2026-01-04,ING014,12.86,0.0,0.34,12.52
2026-01-04,ING015,24.6,0.0,4.0,20.6
2026-01-04,ING016,82.98,0.0,4.46,78.52
2026-01-04,ING017,59.22,0.0,1.12,58.1
2026-01-04,ING018,94.98,0.0,0.96,94.02
2026-01-04,ING019,63.88,0.0,1.48,62.4
2026-01-04,ING020,38.04,0.0,0.48,37.56
2026-01-04,ING021,52.92,0.0,0.81,52.11
2026-01-04,ING022,40.8,0.0,0.77,40.03
2026-01-04,ING023,41.96,0.0,0.48,41.48
2026-01-04,ING024,33.04,0.0,0.3,32.74
2026-01-04,ING025,68.81,0.0,2.22,66.59
2026-01-04,ING026,16.04,0.0,0.28,15.76
2026-01-04,ING027,10.77,0.0,0.1,10.67
2026-01-04,ING028,64.94,0.0,0.96,63.98
2026-01-04,ING029,16.52,0.0,0.82,15.7
2026-01-04,ING030,27.85,0.0,3.5,24.35
2026-01-04,ING031,28.11,0.0,1.5,26.61
2026-01-04,ING032,15.47,23.3,2.31,36.46
2026-01-05,ING001,93.8,0.0,20.26,73.54
2026-01-05,ING002,46.29,0.0,10.61,35.68
2026-01-05,ING003,44.87,0.0,5.2,39.67
2026-01-05,ING004,9.51,0.0,0.81,8.7
2026-01-05,ING005,13.68,0.0,0.35,13.33
2026-01-05,ING006,7.83,0.0,0.44,7.39
2026-01-05,ING007,9.06,0.0,2.09,6.97
2026-01-05,ING008,14.0,0.0,1.31,12.69
2026-01-05,ING009,7.58,13.2,2.75,18.03
2026-01-05,ING010,8.87,0.0,3.25,5.62
2026-01-05,ING011,80.95,0.0,17.84,63.11
2026-01-05,ING012,24.06,0.0,3.7,20.36
2026-01-05,ING013,25.75,0.0,9.69,16.06
2026-01-05,ING014,12.52,0.0,0.71,11.81
2026-01-05,ING015,20.6,15.1,25.0,10.7
2026-01-05,ING016,78.52,0.0,16.66,61.86
2026-01-05,ING017,58.1,0.0,6.86,51.24
2026-01-05,ING018,94.02,0.0,3.78,90.24
2026-01-05,ING019,62.4,0.0,3.84,58.56
2026-01-05,ING020,37.56,0.0,2.8,34.76
2026-01-05,ING021,52.11,0.0,3.46,48.65
2026-01-05,ING022,40.03,0.0,2.38,37.65
2026-01-05,ING023,41.48,0.0,0.8,40.68
2026-01-05,ING024,32.74,0.0,1.03,31.71
2026-01-05,ING025,66.59,0.0,8.12,58.47
2026-01-05,ING026,15.76,0.0,0.74,15.02
2026-01-05,ING027,10.67,0.0,0.46,10.21
2026-01-05,ING028,63.98,0.0,3.85,60.13
2026-01-05,ING029,15.7,0.0,2.92,12.78
2026-01-05,ING030,24.35,29.3,18.5,35.15
2026-01-05,ING031,26.61,35.0,7.35,54.26
2026-01-05,ING032,36.46,0.0,7.61,28.85
2026-01-06,ING001,73.54,0.0,25.43,48.11
2026-01-06,ING002,35.68,88.4,14.04,110.04
2026-01-06,ING003,39.67,0.0,8.11,31.56
2026-01-06,ING004,8.7,0.0,1.02,7.68
2026-01-06,ING005,13.33,0.0,0.56,12.77
2026-01-06,ING006,7.39,0.0,0.55,6.84
2026-01-06,ING007,6.97,14.6,2.71,18.86
2026-01-06,ING008,12.69,0.0,1.69,11.0
2026-01-06,ING009,18.03,0.0,3.11,14.92
2026-01-06,ING010,5.62,6.0,3.62,8.0
2026-01-06,ING011,63.11,0.0,24.6,38.51
2026-01-06,ING012,20.36,0.0,7.52,12.84
2026-01-06,ING013,16.06,19.7,13.49,22.27
2026-01-06,ING014,11.81,0.0,1.23,10.58
2026-01-06,ING015,10.7,22.3,15.0,18.0
2026-01-06,ING016,61.86,149.9,22.52,189.24
2026-01-06,ING017,51.24,0.0,7.06,44.18
2026-01-06,ING018,90.24,0.0,6.6,83.64
2026-01-06,ING019,58.56,0.0,6.36,52.2
2026-01-06,ING020,34.76,0.0,2.96,31.8
2026-01-06,ING021,48.65,0.0,4.92,43.73
2026-01-06,ING022,37.65,0.0,2.24,35.41
2026-01-06,ING023,40.68,0.0,1.92,38.76
2026-01-06,ING024,31.71,0.0,1.8,29.91
2026-01-06,ING025,58.47,0.0,10.47,48.0
2026-01-06,ING026,15.02,0.0,0.88,14.14
2026-01-06,ING027,10.21,0.0,0.7,9.51
2026-01-06,ING028,60.13,0.0,4.85,55.28
2026-01-06,ING029,12.78,31.8,3.66,40.92
2026-01-06,ING030,35.15,0.0,16.75,18.4
2026-01-06,ING031,54.26,0.0,7.68,46.58
2026-01-06,ING032,28.85,0.0,8.63,20.22
2026-01-07,ING001,48.11,89.6,19.15,118.56
2026-01-07,ING002,110.04,0.0,11.99,98.05
2026-01-07,ING003,31.56,0.0,7.05,24.51
2026-01-07,ING004,7.68,0.0,0.85,6.83
2026-01-07,ING005,12.77,0.0,0.56,12.21
2026-01-07,ING006,6.84,0.0,0.41,6.43
2026-01-07,ING007,18.86,0.0,2.77,16.09
2026-01-07,ING008,11.0,0.0,1.47,9.53
2026-01-07,ING009,14.92,0.0,2.76,12.16
2026-01-07,ING010,8.0,0.0,2.66,5.34
2026-01-07,ING011,38.51,59.5,18.77,79.24
2026-01-07,ING012,12.84,16.5,8.38,20.96
2026-01-07,ING013,22.27,23.9,10.31,35.86
2026-01-07,ING014,10.58,0.0,1.59,8.99
2026-01-07,ING015,18.0,15.4,11.0,22.4
2026-01-07,ING016,189.24,0.0,18.5,170.74
2026-01-07,ING017,44.18,0.0,6.74,37.44
2026-01-07,ING018,83.64,0.0,4.92,78.72
2026-01-07,ING019,52.2,0.0,4.28,47.92
2026-01-07,ING020,31.8,0.0,2.48,29.32
2026-01-07,ING021,43.73,0.0,3.8,39.93
2026-01-07,ING022,35.41,0.0,2.8,32.61
2026-01-07,ING023,38.76,0.0,0.96,37.8
2026-01-07,ING024,29.91,0.0,0.68,29.23
2026-01-07,ING025,48.0,0.0,8.27,39.73
2026-01-07,ING026,14.14,0.0,0.73,13.41
2026-01-07,ING027,9.51,0.0,0.46,9.05
2026-01-07,ING028,55.28,0.0,3.68,51.6
2026-01-07,ING029,40.92,0.0,3.08,37.84
2026-01-07,ING030,18.4,22.8,13.5,27.7
2026-01-07,ING031,46.58,0.0,7.52,39.06
2026-01-07,ING032,20.22,23.7,7.5,36.42
2026-01-08,ING001,118.56,0.0,19.23,99.33
2026-01-08,ING002,98.05,0.0,11.61,86.44
2026-01-08,ING003,24.51,53.4,6.33,71.58
2026-01-08,ING004,6.83,0.0,0.77,6.06
2026-01-08,ING005,12.21,0.0,0.47,11.74
2026-01-08,ING006,6.43,0.0,0.32,6.11
2026-01-08,ING007,16.09,0.0,2.88,13.21
2026-01-08,ING008,9.53,0.0,1.68,7.85
2026-01-08,ING009,12.16,0.0,2.77,9.39
2026-01-08,ING010,5.34,8.6,2.95,10.99
2026-01-08,ING011,79.24,0.0,20.48,58.76
2026-01-08,ING012,20.96,0.0,8.16,12.8
2026-01-08,ING013,35.86,0.0,8.21,27.65
2026-01-08,ING014,8.99,0.0,1.41,7.58
2026-01-08,ING015,22.4,18.8,18.0,23.2
2026-01-08,ING016,170.74,0.0,18.64,152.1
2026-01-08,ING017,37.44,0.0,5.94,31.5
2026-01-08,ING018,78.72,0.0,5.28,73.44
2026-01-08,ING019,47.92,0.0,3.2,44.72
2026-01-08,ING020,29.32,0.0,2.8,26.52
2026-01-08,ING021,39.93,0.0,3.91,36.02
2026-01-08,ING022,32.61,0.0,1.68,30.93
2026-01-08,ING023,37.8,0.0,0.8,37.0
2026-01-08,ING024,29.23,0.0,1.33,27.9
2026-01-08,ING025,39.73,100.7,8.08,132.35
2026-01-08,ING026,13.41,0.0,0.91,12.5
2026-01-08,ING027,9.05,0.0,0.46,8.59
2026-01-08,ING028,51.6,0.0,3.8,47.8
2026-01-08,ING029,37.84,0.0,3.06,34.78
2026-01-08,ING030,27.7,28.9,14.5,42.1
2026-01-08,ING031,39.06,0.0,8.52,30.54
2026-01-08,ING032,36.42,0.0,8.27,28.15
2026-01-09,ING001,99.33,0.0,23.69,75.64
2026-01-09,ING002,86.44,0.0,13.73,72.71
2026-01-09,ING003,71.58,0.0,8.21,63.37
2026-01-09,ING004,6.06,0.0,1.0,5.06
2026-01-09,ING005,11.74,0.0,0.6,11.14
2026-01-09,ING006,6.11,0.0,0.53,5.58
2026-01-09,ING007,13.21,0.0,2.77,10.44
2026-01-09,ING008,7.85,15.8,1.87,21.78
2026-01-09,ING009,9.39,0.0,3.23,6.16
2026-01-09,ING010,10.99,0.0,3.12,7.87
2026-01-09,ING011,58.76,0.0,24.52,34.24
2026-01-09,ING012,12.8,15.5,7.0,21.3
2026-01-09,ING013,27.65,0.0,13.04,14.61
2026-01-09,ING014,7.58,0.0,1.17,6.41
2026-01-09,ING015,23.2,22.9,31.0,15.1
2026-01-09,ING016,152.1,0.0,20.76,131.34
2026-01-09,ING017,31.5,90.1,6.86,114.74
2026-01-09,ING018,73.44,0.0,6.3,67.14
2026-01-09,ING019,44.72,0.0,5.88,38.84
2026-01-09,ING020,26.52,0.0,3.36,23.16
2026-01-09,ING021,36.02,0.0,4.61,31.41
2026-01-09,ING022,30.93,0.0,3.15,27.78
2026-01-09,ING023,37.0,0.0,1.68,35.32
2026-01-09,ING024,27.9,0.0,0.78,27.12
2026-01-09,ING025,132.35,0.0,10.15,122.2
2026-01-09,ING026,12.5,0.0,1.29,11.21
2026-01-09,ING027,8.59,0.0,0.37,8.22
2026-01-09,ING028,47.8,0.0,4.71,43.09
2026-01-09,ING029,34.78,0.0,3.64,31.14
2026-01-09,ING030,42.1,0.0,19.5,22.6
2026-01-09,ING031,30.54,0.0,8.52,22.02
2026-01-09,ING032,28.15,0.0,8.33,19.82
2026-01-10,ING001,75.64,0.0,5.65,69.99
2026-01-10,ING002,72.71,0.0,2.83,69.88
2026-01-10,ING003,63.37,0.0,1.35,62.02
2026-01-10,ING004,5.06,0.0,0.24,4.82
2026-01-10,ING005,11.14,0.0,0.11,11.03
2026-01-10,ING006,5.58,0.0,0.12,5.46
2026-01-10,ING007,10.44,0.0,0.54,9.9
2026-01-10,ING008,21.78,0.0,0.3,21.48
2026-01-10,ING009,6.16,11.4,0.71,16.85
2026-01-10,ING010,7.87,0.0,1.06,6.81
2026-01-10,ING011,34.24,57.1,6.29,85.05
2026-01-10,ING012,21.3,0.0,1.44,19.86
2026-01-10,ING013,14.61,0.0,2.18,12.43
2026-01-10,ING014,6.41,0.0,0.26,6.15
2026-01-10,ING015,15.1,0.0,4.0,11.1
2026-01-10,ING016,131.34,0.0,4.1,127.24
2026-01-10,ING017,114.74,0.0,1.92,112.82
2026-01-10,ING018,67.14,0.0,0.9,66.24
2026-01-10,ING019,38.84,0.0,1.08,37.76
2026-01-10,ING020,23.16,0.0,0.88,22.28
2026-01-10,ING021,31.41,0.0,0.8,30.61
2026-01-10,ING022,27.78,0.0,0.49,27.29
2026-01-10,ING023,35.32,0.0,0.16,35.16
2026-01-10,ING024,27.12,0.0,0.4,26.72
2026-01-10,ING025,122.2,0.0,2.13,120.07
2026-01-10,ING026,11.21,0.0,0.32,10.89
2026-01-10,ING027,8.22,0.0,0.12,8.1
2026-01-10,ING028,43.09,0.0,1.24,41.85
2026-01-10,ING029,31.14,0.0,0.86,30.28
2026-01-10,ING030,22.6,0.0,4.25,18.35
2026-01-10,ING031,22.02,37.6,2.84,56.78
2026-01-10,ING032,19.82,0.0,1.45,18.37
2026-01-11,ING001,69.99,0.0,6.3,63.69
2026-01-11,ING002,69.88,0.0,3.86,66.02
2026-01-11,ING003,62.02,0.0,2.09,59.93
2026-01-11,ING004,4.82,9.7,0.25,14.27
2026-01-11,ING005,11.03,0.0,0.17,10.86
2026-01-11,ING006,5.46,0.0,0.16,5.3
2026-01-11,ING007,9.9,0.0,0.64,9.26
2026-01-11,ING008,21.48,0.0,0.34,21.14
2026-01-11,ING009,16.85,0.0,0.94,15.91
2026-01-11,ING010,6.81,0.0,1.02,5.79
2026-01-11,ING011,85.05,0.0,7.12,77.93
2026-01-11,ING012,19.86,0.0,2.2,17.66
2026-01-11,ING013,12.43,19.9,3.98,28.35
2026-01-11,ING014,6.15,19.3,0.37,25.08
2026-01-11,ING015,11.1,22.4,6.0,27.5
2026-01-11,ING016,127.24,0.0,5.16,122.08
2026-01-11,ING017,112.82,0.0,2.72,110.1
2026-01-11,ING018,66.24,0.0,1.68,64.56
2026-01-11,ING019,37.76,0.0,1.52,36.24
2026-01-11,ING020,22.28,0.0,0.96,21.32
2026-01-11,ING021,30.61,0.0,1.11,29.5
2026-01-11,ING022,27.29,0.0,0.84,26.45
2026-01-11,ING023,35.16,0.0,0.48,34.68
2026-01-11,ING024,26.72,0.0,0.3,26.42
2026-01-11,ING025,120.07,0.0,2.61,117.46
2026-01-11,ING026,10.89,0.0,0.34,10.55
2026-01-11,ING027,8.1,0.0,0.14,7.96
2026-01-11,ING028,41.85,0.0,1.42,40.43
2026-01-11,ING029,30.28,0.0,0.99,29.29
2026-01-11,ING030,18.35,25.7,4.0,40.05
2026-01-11,ING031,56.78,0.0,2.17,54.61
2026-01-11,ING032,18.37,0.0,1.69,16.68
2026-01-12,ING001,63.69,0.0,25.24,38.45
2026-01-12,ING002,66.02,0.0,14.56,51.46
2026-01-12,ING003,59.93,0.0,8.03,51.9
2026-01-12,ING004,14.27,0.0,1.06,13.21
2026-01-12,ING005,10.86,0.0,0.61,10.25
2026-01-12,ING006,5.3,0.0,0.52,4.78
2026-01-12,ING007,9.26,0.0,3.1,6.16
2026-01-12,ING008,21.14,0.0,1.74,19.4
2026-01-12,ING009,15.91,0.0,3.23,12.68
2026-01-12,ING010,5.79,7.8,3.34,10.25
2026-01-12,ING011,77.93,0.0,22.66,55.27
2026-01-12,ING012,17.66,0.0,7.78,9.88
2026-01-12,ING013,28.35,0.0,14.84,13.51
2026-01-12,ING014,25.08,0.0,1.2,23.88
2026-01-12,ING015,27.5,20.6,24.0,24.1
2026-01-12,ING016,122.08,0.0,21.6,100.48
2026-01-12,ING017,110.1,0.0,7.46,102.64
2026-01-12,ING018,64.56,0.0,6.84,57.72
2026-01-12,ING019,36.24,0.0,5.56,30.68
2026-01-12,ING020,21.32,46.4,3.92,63.8
2026-01-12,ING021,29.5,0.0,4.64,24.86
2026-01-12,ING022,26.45,0.0,3.15,23.3
2026-01-12,ING023,34.68,0.0,1.52,33.16
2026-01-12,ING024,26.42,0.0,1.12,25.3
2026-01-12,ING025,117.46,0.0,10.66,106.8
2026-01-12,ING026,10.55,0.0,0.89,9.66
2026-01-12,ING027,7.96,0.0,0.55,7.41
2026-01-12,ING028,40.43,0.0,4.7,35.73
2026-01-12,ING029,29.29,0.0,3.74,25.55
2026-01-12,ING030,40.05,0.0,21.0,19.05
2026-01-12,ING031,54.61,0.0,10.69,43.92
2026-01-12,ING032,16.68,27.4,8.26,35.82
2026-01-13,ING001,38.45,73.5,23.87,88.08
2026-01-13,ING002,51.46,0.0,12.32,39.14
2026-01-13,ING003,51.9,0.0,7.29,44.61
2026-01-13,ING004,13.21,0.0,0.96,12.25
2026-01-13,ING005,10.25,0.0,0.56,9.69
2026-01-13,ING006,4.78,0.0,0.44,4.34
2026-01-13,ING007,6.16,13.3,2.14,17.32
2026-01-13,ING008,19.4,0.0,1.52,17.88
2026-01-13,ING009,12.68,0.0,2.83,9.85
2026-01-13,ING010,10.25,0.0,4.09,6.16
2026-01-13,ING011,55.27,0.0,23.72,31.55
2026-01-13,ING012,9.88,15.6,7.18,18.3
2026-01-13,ING013,13.51,22.5,8.92,27.09
2026-01-13,ING014,23.88,0.0,1.43,22.45
2026-01-13,ING015,24.1,16.0,27.0,13.1
2026-01-13,ING016,100.48,0.0,19.4,81.08
2026-01-13,ING017,102.64,0.0,6.38,96.26
2026-01-13,ING018,57.72,0.0,4.08,53.64
2026-01-13,ING019,30.68,96.3,3.28,123.7
2026-01-13,ING020,63.8,0.0,3.12,60.68
2026-01-13,ING021,24.86,64.7,3.89,85.67
2026-01-13,ING022,23.3,0.0,3.08,20.22
2026-01-13,ING023,33.16,0.0,0.0,33.16
2026-01-13,ING024,25.3,0.0,1.45,23.85
2026-01-13,ING025,106.8,0.0,9.13,97.67
2026-01-13,ING026,9.66,0.0,0.94,8.72
2026-01-13,ING027,7.41,0.0,0.63,6.78
2026-01-13,ING028,35.73,0.0,4.64,31.09
2026-01-13,ING029,25.55,0.0,3.47,22.08
2026-01-13,ING030,19.05,23.1,20.25,21.9
2026-01-13,ING031,43.92,0.0,9.69,34.23
2026-01-13,ING032,35.82,0.0,10.66,25.16
2026-01-14,ING001,88.08,0.0,20.27,67.81
2026-01-14,ING002,39.14,74.8,12.61,101.33
2026-01-14,ING003,44.61,0.0,6.69,37.92
2026-01-14,ING004,12.25,0.0,0.89,11.36
2026-01-14,ING005,9.69,0.0,0.64,9.05
2026-01-14,ING006,4.34,0.0,0.4,3.94
2026-01-14,ING007,17.32,0.0,2.77,14.55
2026-01-14,ING008,17.88,0.0,1.83,16.05
2026-01-14,ING009,9.85,0.0,3.3,6.55
2026-01-14,ING010,6.16,8.8,3.76,11.2
2026-01-14,ING011,31.55,49.5,24.53,56.52
2026-01-14,ING012,18.3,0.0,6.74,11.56
2026-01-14,ING013,27.09,0.0,9.26,17.83
2026-01-14,ING014,22.45,0.0,1.16,21.29
2026-01-14,ING015,13.1,21.1,26.0,8.2
2026-01-14,ING016,81.08,0.0,18.72,62.36
2026-01-14,ING017,96.26,0.0,7.54,88.72
2026-01-14,ING018,53.64,0.0,3.9,49.74
2026-01-14,ING019,123.7,0.0,4.04,119.66
2026-01-14,ING020,60.68,0.0,3.68,57.0
2026-01-14,ING021,85.67,0.0,3.19,82.48
2026-01-14,ING022,20.22,58.4,2.94,75.68
2026-01-14,ING023,33.16,0.0,1.52,31.64
2026-01-14,ING024,23.85,0.0,1.2,22.65
2026-01-14,ING025,97.67,0.0,8.82,88.85
2026-01-14,ING026,8.72,0.0,1.03,7.69
2026-01-14,ING027,6.78,0.0,0.62,6.16
2026-01-14,ING028,31.09,77.4,4.65,103.84
2026-01-14,ING029,22.08,0.0,3.38,18.7
2026-01-14,ING030,21.9,26.1,15.5,32.5
2026-01-14,ING031,34.23,0.0,12.53,21.7
2026-01-14,ING032,25.16,0.0,7.14,18.02
2026-01-15,ING001,67.81,0.0,26.84,40.97
2026-01-15,ING002,101.33,0.0,12.84,88.49
2026-01-15,ING003,37.92,0.0,6.74,31.18
2026-01-15,ING004,11.36,0.0,1.14,10.22
2026-01-15,ING005,9.05,0.0,0.49,8.56
2026-01-15,ING006,3.94,6.0,0.51,9.43
2026-01-15,ING007,14.55,0.0,2.22,12.33
2026-01-15,ING008,16.05,0.0,1.2,14.85
2026-01-15,ING009,6.55,12.9,2.84,16.61
2026-01-15,ING010,11.2,0.0,4.02,7.18
2026-01-15,ING011,56.52,0.0,23.52,33.0
2026-01-15,ING012,11.56,15.0,6.54,20.02
2026-01-15,ING013,17.83,18.8,11.3,25.33
2026-01-15,ING014,21.29,0.0,1.08,20.21
2026-01-15,ING015,8.2,22.4,32.0,-1.4
2026-01-15,ING016,62.36,153.0,17.4,197.96
2026-01-15,ING017,88.72,0.0,7.8,80.92
2026-01-15,ING018,49.74,0.0,5.46,44.28
2026-01-15,ING019,119.66,0.0,5.44,114.22
2026-01-15,ING020,57.0,0.0,4.56,52.44
2026-01-15,ING021,82.48,0.0,3.93,78.55
2026-01-15,ING022,75.68,0.0,1.96,73.72
2026-01-15,ING023,31.64,0.0,1.36,30.28
2026-01-15,ING024,22.65,0.0,1.3,21.35
2026-01-15,ING025,88.85,0.0,10.22,78.63
2026-01-15,ING026,7.69,23.6,0.74,30.55
2026-01-15,ING027,6.16,0.0,0.8,5.36
2026-01-15,ING028,103.84,0.0,4.63,99.21
2026-01-15,ING029,18.7,0.0,3.38,15.32
2026-01-15,ING030,32.5,26.3,20.75,38.05
2026-01-15,ING031,21.7,38.7,10.02,50.38
2026-01-15,ING032,18.02,22.7,10.85,29.87
2026-01-16,ING001,40.97,89.9,22.42,108.45
2026-01-16,ING002,88.49,0.0,11.15,77.34
2026-01-16,ING003,31.18,0.0,6.35,24.83
2026-01-16,ING004,10.22,0.0,0.96,9.26
2026-01-16,ING005,8.56,0.0,0.61,7.95
2026-01-16,ING006,9.43,0.0,0.52,8.91
2026-01-16,ING007,12.33,0.0,2.5,9.83
2026-01-16,ING008,14.85,0.0,1.48,13.37
2026-01-16,ING009,16.61,0.0,3.01,13.6
2026-01-16,ING010,7.18,7.4,3.61,10.97
2026-01-16,ING011,33.0,46.9,23.62,56.28
2026-01-16,ING012,20.02,0.0,8.1,11.92
2026-01-16,ING013,25.33,0.0,9.0,16.33
2026-01-16,ING014,20.21,0.0,1.17,19.04
2026-01-16,ING015,0.0,17.1,16.0,1.1
2026-01-16,ING016,197.96,0.0,15.6,182.36
2026-01-16,ING017,80.92,0.0,7.2,73.72
2026-01-16,ING018,44.28,131.2,5.28,170.2
2026-01-16,ING019,114.22,0.0,5.2,109.02
2026-01-16,ING020,52.44,0.0,0.88,51.56
2026-01-16,ING021,78.55,0.0,3.19,75.36
2026-01-16,ING022,73.72,0.0,2.24,71.48
2026-01-16,ING023,30.28,0.0,1.28,29.0
2026-01-16,ING024,21.35,0.0,1.25,20.1
2026-01-16,ING025,78.63,0.0,9.14,69.49
2026-01-16,ING026,30.55,0.0,0.98,29.57
2026-01-16,ING027,5.36,11.1,0.6,15.86
2026-01-16,ING028,99.21,0.0,4.58,94.63
2026-01-16,ING029,15.32,0.0,3.46,11.86
2026-01-16,ING030,38.05,0.0,13.25,24.8
2026-01-16,ING031,50.38,0.0,12.53,37.85
2026-01-16,ING032,29.87,0.0,8.03,21.84
2026-01-17,ING001,108.45,0.0,7.63,100.82
2026-01-17,ING002,77.34,0.0,4.07,73.27
2026-01-17,ING003,24.83,55.3,2.23,77.9
2026-01-17,ING004,9.26,0.0,0.32,8.94
2026-01-17,ING005,7.95,0.0,0.19,7.76
2026-01-17,ING006,8.91,0.0,0.15,8.76
2026-01-17,ING007,9.83,0.0,0.65,9.18
2026-01-17,ING008,13.37,0.0,0.51,12.86
2026-01-17,ING009,13.6,0.0,0.98,12.62
2026-01-17,ING010,10.97,0.0,1.18,9.79
2026-01-17,ING011,56.28,0.0,8.14,48.14
2026-01-17,ING012,11.92,0.0,2.04,9.88
2026-01-17,ING013,16.33,0.0,3.07,13.26
2026-01-17,ING014,19.04,0.0,0.4,18.64
2026-01-17,ING015,1.1,22.3,7.0,16.4
2026-01-17,ING016,182.36,0.0,5.76,176.6
2026-01-17,ING017,73.72,0.0,2.28,71.44
2026-01-17,ING018,170.2,0.0,1.38,168.82
2026-01-17,ING019,109.02,0.0,1.72,107.3
2026-01-17,ING020,51.56,0.0,1.44,50.12
2026-01-17,ING021,75.36,0.0,1.29,74.07
2026-01-17,ING022,71.48,0.0,0.42,71.06
2026-01-17,ING023,29.0,0.0,0.64,28.36
2026-01-17,ING024,20.1,0.0,0.53,19.57
2026-01-17,ING025,69.49,0.0,2.98,66.51
2026-01-17,ING026,29.57,0.0,0.35,29.22
2026-01-17,ING027,15.86,0.0,0.2,15.66
2026-01-17,ING028,94.63,0.0,1.48,93.15
2026-01-17,ING029,11.86,0.0,1.09,10.77
2026-01-17,ING030,24.8,0.0,5.0,19.8
2026-01-17,ING031,37.85,0.0,4.01,33.84
2026-01-17,ING032,21.84,0.0,2.09,19.75
2026-01-18,ING001,100.82,0.0,5.66,95.16
2026-01-18,ING002,73.27,0.0,3.12,70.15
2026-01-18,ING003,77.9,0.0,1.44,76.46
2026-01-18,ING004,8.94,0.0,0.24,8.7
2026-01-18,ING005,7.76,0.0,0.11,7.65
2026-01-18,ING006,8.76,0.0,0.11,8.65
2026-01-18,ING007,9.18,0.0,0.72,8.46
2026-01-18,ING008,12.86,0.0,0.39,12.47
2026-01-18,ING009,12.62,0.0,0.75,11.87
2026-01-18,ING010,9.79,0.0,0.87,8.92
2026-01-18,ING011,48.14,0.0,6.29,41.85
2026-01-18,ING012,9.88,15.8,1.3,24.38
2026-01-18,ING013,13.26,22.3,2.53,33.03
2026-01-18,ING014,18.64,0.0,0.14,18.5
2026-01-18,ING015,16.4,0.0,8.0,8.4
2026-01-18,ING016,176.6,0.0,4.36,172.24
2026-01-18,ING017,71.44,0.0,1.82,69.62
2026-01-18,ING018,168.82,0.0,1.38,167.44
2026-01-18,ING019,107.3,0.0,1.24,106.06
2026-01-18,ING020,50.12,0.0,0.96,49.16
2026-01-18,ING021,74.07,0.0,0.74,73.33
2026-01-18,ING022,71.06,0.0,0.63,70.43
2026-01-18,ING023,28.36,0.0,0.48,27.88
2026-01-18,ING024,19.57,0.0,0.28,19.29
2026-01-18,ING025,66.51,0.0,2.47,64.04
2026-01-18,ING026,29.22,0.0,0.3,28.92
2026-01-18,ING027,15.66,0.0,0.14,15.52
2026-01-18,ING028,93.15,0.0,1.19,91.96
2026-01-18,ING029,10.77,0.0,0.86,9.91
2026-01-18,ING030,19.8,0.0,5.0,14.8
2026-01-18,ING031,33.84,0.0,2.17,31.67
2026-01-18,ING032,19.75,0.0,2.49,17.26
2026-01-19,ING001,95.16,0.0,20.04,75.12
2026-01-19,ING002,70.15,0.0,10.97,59.18
2026-01-19,ING003,76.46,0.0,5.67,70.79
2026-01-19,ING004,8.7,0.0,0.85,7.85
2026-01-19,ING005,7.65,0.0,0.4,7.25
2026-01-19,ING006,8.65,0.0,0.45,8.2
2026-01-19,ING007,8.46,0.0,2.44,6.02
2026-01-19,ING008,12.47,0.0,1.5,10.97
2026-01-19,ING009,11.87,0.0,2.74,9.13
2026-01-19,ING010,8.92,0.0,4.03,4.89
2026-01-19,ING011,41.85,52.7,20.21,74.34
2026-01-19,ING012,24.38,0.0,5.96,18.42
2026-01-19,ING013,33.03,0.0,6.97,26.06
2026-01-19,ING014,18.5,0.0,1.0,17.5
2026-01-19,ING015,8.4,16.3,12.0,12.7
2026-01-19,ING016,172.24,0.0,17.4,154.84
2026-01-19,ING017,69.62,0.0,6.28,63.34
2026-01-19,ING018,167.44,0.0,4.38,163.06
2026-01-19,ING019,106.06,0.0,5.04,101.02
2026-01-19,ING020,49.16,0.0,2.64,46.52
2026-01-19,ING021,73.33,0.0,3.52,69.81
2026-01-19,ING022,70.43,0.0,1.96,68.47
2026-01-19,ING023,27.88,0.0,1.28,26.6
2026-01-19,ING024,19.29,0.0,1.45,17.84
2026-01-19,ING025,64.04,0.0,8.34,55.7
2026-01-19,ING026,28.92,0.0,0.97,27.95
2026-01-19,ING027,15.52,0.0,0.44,15.08
2026-01-19,ING028,91.96,0.0,4.17,87.79
2026-01-19,ING029,9.91,27.2,3.15,33.96
2026-01-19,ING030,14.8,21.9,13.25,23.45
2026-01-19,ING031,31.67,0.0,6.18,25.49
2026-01-19,ING032,17.26,29.4,7.18,39.48
2026-01-20,ING001,75.12,0.0,25.21,49.91
2026-01-20,ING002,59.18,0.0,12.13,47.05
2026-01-20,ING003,70.79,0.0,6.75,64.04
2026-01-20,ING004,7.85,0.0,1.05,6.8
2026-01-20,ING005,7.25,0.0,0.51,6.74
2026-01-20,ING006,8.2,0.0,0.42,7.78
2026-01-20,ING007,6.02,13.8,2.39,17.43
2026-01-20,ING008,10.97,0.0,1.43,9.54
2026-01-20,ING009,9.13,0.0,2.66,6.47
2026-01-20,ING010,4.89,6.6,4.46,7.03
2026-01-20,ING011,74.34,0.0,27.96,46.38
2026-01-20,ING012,18.42,0.0,8.36,10.06
2026-01-20,ING013,26.06,0.0,12.87,13.19
2026-01-20,ING014,17.5,0.0,1.4,16.1
2026-01-20,ING015,12.7,16.9,27.0,2.6
2026-01-20,ING016,154.84,0.0,16.22,138.62
2026-01-20,ING017,63.34,0.0,5.98,57.36
2026-01-20,ING018,163.06,0.0,6.18,156.88
2026-01-20,ING019,101.02,0.0,5.0,96.02
2026-01-20,ING020,46.52,0.0,3.68,42.84
2026-01-20,ING021,69.81,0.0,4.58,65.23
2026-01-20,ING022,68.47,0.0,0.0,68.47
2026-01-20,ING023,26.6,0.0,1.6,25.0
2026-01-20,ING024,17.84,0.0,1.58,16.26
2026-01-20,ING025,55.7,0.0,9.57,46.13
2026-01-20,ING026,27.95,0.0,1.1,26.85
2026-01-20,ING027,15.08,0.0,0.73,14.35
2026-01-20,ING028,87.79,0.0,5.55,82.24
2026-01-20,ING029,33.96,0.0,3.56,30.4
2026-01-20,ING030,23.45,24.3,18.5,29.25
2026-01-20,ING031,25.49,39.6,13.53,51.56
2026-01-20,ING032,39.48,0.0,9.2,30.28
2026-01-21,ING001,49.91,88.5,19.89,118.52
2026-01-21,ING002,47.05,0.0,11.12,35.93
2026-01-21,ING003,64.04,0.0,5.81,58.23
2026-01-21,ING004,6.8,0.0,0.84,5.96
2026-01-21,ING005,6.74,0.0,0.5,6.24
2026-01-21,ING006,7.78,0.0,0.47,7.31
2026-01-21,ING007,17.43,0.0,1.98,15.45
2026-01-21,ING008,9.54,0.0,1.14,8.4
2026-01-21,ING009,6.47,11.7,2.87,15.3
2026-01-21,ING010,7.03,0.0,3.16,3.87
2026-01-21,ING011,46.38,61.6,24.0,83.98
2026-01-21,ING012,10.06,19.6,5.54,24.12
2026-01-21,ING013,13.19,20.5,7.57,26.12
2026-01-21,ING014,16.1,0.0,1.18,14.92
2026-01-21,ING015,2.6,16.8,18.0,1.4
2026-01-21,ING016,138.62,0.0,17.28,121.34
2026-01-21,ING017,57.36,0.0,8.08,49.28
2026-01-21,ING018,156.88,0.0,3.78,153.1
2026-01-21,ING019,96.02,0.0,4.24,91.78
2026-01-21,ING020,42.84,0.0,2.48,40.36
2026-01-21,ING021,65.23,0.0,3.89,61.34
2026-01-21,ING022,68.47,0.0,1.89,66.58
2026-01-21,ING023,25.0,0.0,1.28,23.72
2026-01-21,ING024,16.26,0.0,1.35,14.91
2026-01-21,ING025,46.13,0.0,7.89,38.24
2026-01-21,ING026,26.85,0.0,1.17,25.68
2026-01-21,ING027,14.35,0.0,0.52,13.83
2026-01-21,ING028,82.24,0.0,4.25,77.99
2026-01-21,ING029,30.4,0.0,3.15,27.25
2026-01-21,ING030,29.25,0.0,11.25,18.0
2026-01-21,ING031,51.56,0.0,10.69,40.87
2026-01-21,ING032,30.28,0.0,6.04,24.24
2026-01-22,ING001,118.52,0.0,20.79,97.73
2026-01-22,ING002,35.93,86.7,10.35,112.28
2026-01-22,ING003,58.23,0.0,6.04,52.19
2026-01-22,ING004,5.96,0.0,0.92,5.04
2026-01-22,ING005,6.24,12.0,0.52,17.72
2026-01-22,ING006,7.31,0.0,0.51,6.8
2026-01-22,ING007,15.45,0.0,2.16,13.29
2026-01-22,ING008,8.4,12.9,1.48,19.82
2026-01-22,ING009,15.3,0.0,2.76,12.54
2026-01-22,ING010,3.87,6.9,2.79,7.98
2026-01-22,ING011,83.98,0.0,23.41,60.57
2026-01-22,ING012,24.12,0.0,6.48,17.64
2026-01-22,ING013,26.12,0.0,9.74,16.38
2026-01-22,ING014,14.92,0.0,1.14,13.78
2026-01-22,ING015,1.4,15.6,15.0,2.0
2026-01-22,ING016,121.34,0.0,14.8,106.54
2026-01-22,ING017,49.28,0.0,6.36,42.92
2026-01-22,ING018,153.1,0.0,4.56,148.54
2026-01-22,ING019,91.78,0.0,5.8,85.98
2026-01-22,ING020,40.36,0.0,1.92,38.44
2026-01-22,ING021,61.34,0.0,3.16,58.18
2026-01-22,ING022,66.58,0.0,1.47,65.11
2026-01-22,ING023,23.72,0.0,1.6,22.12
2026-01-22,ING024,14.91,33.3,0.7,47.51
2026-01-22,ING025,38.24,83.7,8.3,113.64
2026-01-22,ING026,25.68,0.0,0.9,24.78
2026-01-22,ING027,13.83,0.0,0.66,13.17
2026-01-22,ING028,77.99,0.0,4.17,73.82
2026-01-22,ING029,27.25,0.0,2.94,24.31
2026-01-22,ING030,18.0,27.1,12.25,32.85
2026-01-22,ING031,40.87,0.0,9.69,31.18
2026-01-22,ING032,24.24,0.0,5.22,19.02
2026-01-23,ING001,97.73,0.0,17.23,80.5
2026-01-23,ING002,112.28,0.0,9.69,102.59
2026-01-23,ING003,52.19,0.0,5.59,46.6
2026-01-23,ING004,5.04,9.8,0.65,14.19
2026-01-23,ING005,17.72,0.0,0.49,17.23
2026-01-23,ING006,6.8,0.0,0.34,6.46
2026-01-23,ING007,13.29,0.0,1.88,11.41
2026-01-23,ING008,19.82,0.0,1.11,18.71
2026-01-23,ING009,12.54,0.0,2.48,10.06
2026-01-23,ING010,7.98,0.0,2.96,5.02
2026-01-23,ING011,60.57,0.0,24.74,35.83
2026-01-23,ING012,17.64,0.0,6.86,10.78
2026-01-23,ING013,16.38,24.1,7.78,32.7
2026-01-23,ING014,13.78,0.0,1.19,12.59
2026-01-23,ING015,2.0,15.6,26.0,-8.4
2026-01-23,ING016,106.54,0.0,12.88,93.66
2026-01-23,ING017,42.92,0.0,6.52,36.4
2026-01-23,ING018,148.54,0.0,3.3,145.24
2026-01-23,ING019,85.98,0.0,3.04,82.94
2026-01-23,ING020,38.44,0.0,1.68,36.76
2026-01-23,ING021,58.18,0.0,2.26,55.92
2026-01-23,ING022,65.11,0.0,1.89,63.22
2026-01-23,ING023,22.12,0.0,0.88,21.24
2026-01-23,ING024,47.51,0.0,1.0,46.51
2026-01-23,ING025,113.64,0.0,6.85,106.79
2026-01-23,ING026,24.78,0.0,1.06,23.72
2026-01-23,ING027,13.17,0.0,0.62,12.55
2026-01-23,ING028,73.82,0.0,4.32,69.5
2026-01-23,ING029,24.31,0.0,2.75,21.56
2026-01-23,ING030,32.85,0.0,15.0,17.85
2026-01-23,ING031,31.18,0.0,8.02,23.16
2026-01-23,ING032,19.02,23.7,6.61,36.11
2026-01-24,ING001,80.5,0.0,5.44,75.06
2026-01-24,ING002,102.59,0.0,2.92,99.67
2026-01-24,ING003,46.6,0.0,1.63,44.97
2026-01-24,ING004,14.19,0.0,0.24,13.95
2026-01-24,ING005,17.23,0.0,0.14,17.09
2026-01-24,ING006,6.46,0.0,0.14,6.32
2026-01-24,ING007,11.41,0.0,0.55,10.86
2026-01-24,ING008,18.71,0.0,0.33,18.38
2026-01-24,ING009,10.06,0.0,0.73,9.33
2026-01-24,ING010,5.02,0.0,0.67,4.35
2026-01-24,ING011,35.83,0.0,5.57,30.26
2026-01-24,ING012,10.78,17.4,1.86,26.32
2026-01-24,ING013,32.7,0.0,2.74,29.96
2026-01-24,ING014,12.59,0.0,0.32,12.27
2026-01-24,ING015,0.0,20.0,4.0,16.0
2026-01-24,ING016,93.66,0.0,3.88,89.78
2026-01-24,ING017,36.4,0.0,1.86,34.54
2026-01-24,ING018,145.24,0.0,1.2,144.04
2026-01-24,ING019,82.94,0.0,1.44,81.5
2026-01-24,ING020,36.76,0.0,0.56,36.2
2026-01-24,ING021,55.92,0.0,0.86,55.06
2026-01-24,ING022,63.22,0.0,0.42,62.8
2026-01-24,ING023,21.24,0.0,0.48,20.76
2026-01-24,ING024,46.51,0.0,0.28,46.23
2026-01-24,ING025,106.79,0.0,2.29,104.5
2026-01-24,ING026,23.72,0.0,0.22,23.5
2026-01-24,ING027,12.55,0.0,0.14,12.41
2026-01-24,ING028,69.5,0.0,1.03,68.47
2026-01-24,ING029,21.56,0.0,0.83,20.73
2026-01-24,ING030,17.85,0.0,2.75,15.1
2026-01-24,ING031,23.16,34.2,2.17,55.19
2026-01-24,ING032,36.11,0.0,2.4,33.71
2026-01-25,ING001,75.06,0.0,7.86,67.2
2026-01-25,ING002,99.67,0.0,4.18,95.49
2026-01-25,ING003,44.97,0.0,2.32,42.65
2026-01-25,ING004,13.95,0.0,0.34,13.61
2026-01-25,ING005,17.09,0.0,0.18,16.91
2026-01-25,ING006,6.32,0.0,0.19,6.13
2026-01-25,ING007,10.86,0.0,0.86,10.0
2026-01-25,ING008,18.38,0.0,0.62,17.76
2026-01-25,ING009,9.33,0.0,1.11,8.22
2026-01-25,ING010,4.35,8.9,1.04,12.21
2026-01-25,ING011,30.26,46.0,7.91,68.35
2026-01-25,ING012,26.32,0.0,2.4,23.92
2026-01-25,ING013,29.96,0.0,3.8,26.16
2026-01-25,ING014,12.27,0.0,0.38,11.89
2026-01-25,ING015,16.0,0.0,6.0,10.0
2026-01-25,ING016,89.78,0.0,6.12,83.66
2026-01-25,ING017,34.54,0.0,2.4,32.14
2026-01-25,ING018,144.04,0.0,1.86,142.18
2026-01-25,ING019,81.5,0.0,1.96,79.54
2026-01-25,ING020,36.2,0.0,1.12,35.08
2026-01-25,ING021,55.06,0.0,1.29,53.77
2026-01-25,ING022,62.8,0.0,0.7,62.1
2026-01-25,ING023,20.76,0.0,0.48,20.28
2026-01-25,ING024,46.23,0.0,0.38,45.85
2026-01-25,ING025,104.5,0.0,3.25,101.25
2026-01-25,ING026,23.5,0.0,0.36,23.14
2026-01-25,ING027,12.41,0.0,0.17,12.24
2026-01-25,ING028,68.47,0.0,1.48,66.99
2026-01-25,ING029,20.73,0.0,1.15,19.58
2026-01-25,ING030,15.1,27.4,4.75,37.75
2026-01-25,ING031,55.19,0.0,2.84,52.35
2026-01-25,ING032,33.71,0.0,2.8,30.91
2026-01-26,ING001,67.2,0.0,22.65,44.55
2026-01-26,ING002,95.49,0.0,13.08,82.41
2026-01-26,ING003,42.65,0.0,6.56,36.09
2026-01-26,ING004,13.61,0.0,0.92,12.69
2026-01-26,ING005,16.91,0.0,0.53,16.38
2026-01-26,ING006,6.13,0.0,0.52,5.61
2026-01-26,ING007,10.0,0.0,2.49,7.51
2026-01-26,ING008,17.76,0.0,1.55,16.21
2026-01-26,ING009,8.22,12.0,3.44,16.78
2026-01-26,ING010,12.21,0.0,3.6,8.61
2026-01-26,ING011,68.35,0.0,23.17,45.18
2026-01-26,ING012,23.92,0.0,5.96,17.96
2026-01-26,ING013,26.16,0.0,12.04,14.12
2026-01-26,ING014,11.89,0.0,1.11,10.78
2026-01-26,ING015,10.0,19.8,20.0,9.8
2026-01-26,ING016,83.66,0.0,17.56,66.1
2026-01-26,ING017,32.14,85.7,8.86,108.98
2026-01-26,ING018,142.18,0.0,4.2,137.98
2026-01-26,ING019,79.54,0.0,5.08,74.46
2026-01-26,ING020,35.08,0.0,3.6,31.48
2026-01-26,ING021,53.77,0.0,3.81,49.96
2026-01-26,ING022,62.1,0.0,1.82,60.28
2026-01-26,ING023,20.28,0.0,2.0,18.28
2026-01-26,ING024,45.85,0.0,1.3,44.55
2026-01-26,ING025,101.25,0.0,9.42,91.83
2026-01-26,ING026,23.14,0.0,0.98,22.16
2026-01-26,ING027,12.24,0.0,0.55,11.69
2026-01-26,ING028,66.99,0.0,4.7,62.29
2026-01-26,ING029,19.58,0.0,3.58,16.0
2026-01-26,ING030,37.75,0.0,19.5,18.25
2026-01-26,ING031,52.35,0.0,10.86,41.49
2026-01-26,ING032,30.91,0.0,7.35,23.56
2026-01-27,ING001,44.55,65.1,19.61,90.04
2026-01-27,ING002,82.41,0.0,11.66,70.75
2026-01-27,ING003,36.09,0.0,6.7,29.39
2026-01-27,ING004,12.69,0.0,0.74,11.95
2026-01-27,ING005,16.38,0.0,0.55,15.83
2026-01-27,ING006,5.61,0.0,0.4,5.21
2026-01-27,ING007,7.51,14.7,2.08,20.13
2026-01-27,ING008,16.21,0.0,1.45,14.76
2026-01-27,ING009,16.78,0.0,2.89,13.89
2026-01-27,ING010,8.61,0.0,2.22,6.39
2026-01-27,ING011,45.18,51.5,28.4,68.28
2026-01-27,ING012,17.96,0.0,7.08,10.88
2026-01-27,ING013,14.12,19.0,8.55,24.57
2026-01-27,ING014,10.78,0.0,1.36,9.42
2026-01-27,ING015,9.8,15.9,24.0,1.7
2026-01-27,ING016,66.1,0.0,17.5,48.6
2026-01-27,ING017,108.98,0.0,6.9,102.08
2026-01-27,ING018,137.98,0.0,4.2,133.78
2026-01-27,ING019,74.46,0.0,3.48,70.98
2026-01-27,ING020,31.48,0.0,2.56,28.92
2026-01-27,ING021,49.96,0.0,3.65,46.31
2026-01-27,ING022,60.28,0.0,1.82,58.46
2026-01-27,ING023,18.28,42.8,1.12,59.96
2026-01-27,ING024,44.55,0.0,1.4,43.15
2026-01-27,ING025,91.83,0.0,7.92,83.91
2026-01-27,ING026,22.16,0.0,1.13,21.03
2026-01-27,ING027,11.69,0.0,0.8,10.89
2026-01-27,ING028,62.29,0.0,4.35,57.94
2026-01-27,ING029,16.0,0.0,3.09,12.91
2026-01-27,ING030,18.25,24.8,14.25,28.8
2026-01-27,ING031,41.49,0.0,9.52,31.97
2026-01-27,ING032,23.56,0.0,6.8,16.76
2026-01-28,ING001,90.04,0.0,23.62,66.42
2026-01-28,ING002,70.75,0.0,10.82,59.93
2026-01-28,ING003,29.39,51.3,5.96,74.73
2026-01-28,ING004,11.95,0.0,0.98,10.97
2026-01-28,ING005,15.83,0.0,0.43,15.4
2026-01-28,ING006,5.21,0.0,0.46,4.75
2026-01-28,ING007,20.13,0.0,2.04,18.09
2026-01-28,ING008,14.76,0.0,1.18,13.58
2026-01-28,ING009,13.89,0.0,2.17,11.72
2026-01-28,ING010,6.39,8.4,2.84,11.95
2026-01-28,ING011,68.28,0.0,25.59,42.69
2026-01-28,ING012,10.88,18.7,5.7,23.88
2026-01-28,ING013,24.57,0.0,10.62,13.95
2026-01-28,ING014,9.42,0.0,0.92,8.5
2026-01-28,ING015,1.7,16.1,18.0,-0.2
2026-01-28,ING016,48.6,113.5,17.6,144.5
2026-01-28,ING017,102.08,0.0,4.68,97.4
2026-01-28,ING018,133.78,0.0,6.12,127.66
2026-01-28,ING019,70.98,0.0,3.6,67.38
2026-01-28,ING020,28.92,0.0,2.72,26.2
2026-01-28,ING021,46.31,0.0,4.16,42.15
2026-01-28,ING022,58.46,0.0,1.61,56.85
2026-01-28,ING023,59.96,0.0,0.0,59.96
2026-01-28,ING024,43.15,0.0,1.15,42.0
2026-01-28,ING025,83.91,0.0,8.8,75.11
2026-01-28,ING026,21.03,0.0,1.18,19.85
2026-01-28,ING027,10.89,0.0,0.57,10.32
2026-01-28,ING028,57.94,0.0,4.52,53.42
2026-01-28,ING029,12.91,0.0,3.18,9.73
2026-01-28,ING030,28.8,26.9,17.0,38.7
2026-01-28,ING031,31.97,39.5,11.19,60.28
2026-01-28,ING032,16.76,22.2,7.75,31.21
2026-01-29,ING001,66.42,0.0,22.25,44.17
2026-01-29,ING002,59.93,0.0,12.88,47.05
2026-01-29,ING003,74.73,0.0,7.54,67.19
2026-01-29,ING004,10.97,0.0,1.01,9.96
2026-01-29,ING005,15.4,0.0,0.68,14.72
2026-01-29,ING006,4.75,0.0,0.47,4.28
2026-01-29,ING007,18.09,0.0,2.4,15.69
2026-01-29,ING008,13.58,0.0,1.18,12.4
2026-01-29,ING009,11.72,0.0,2.75,8.97
2026-01-29,ING010,11.95,0.0,3.71,8.24
2026-01-29,ING011,42.69,56.4,30.93,68.16
2026-01-29,ING012,23.88,0.0,9.14,14.74
2026-01-29,ING013,13.95,24.4,12.82,25.53
2026-01-29,ING014,8.5,0.0,1.54,6.96
2026-01-29,ING015,0.0,23.4,30.0,-6.6
2026-01-29,ING016,144.5,0.0,17.12,127.38
2026-01-29,ING017,97.4,0.0,7.48,89.92
2026-01-29,ING018,127.66,0.0,5.64,122.02
2026-01-29,ING019,67.38,0.0,5.84,61.54
2026-01-29,ING020,26.2,0.0,3.28,22.92
2026-01-29,ING021,42.15,0.0,3.93,38.22
2026-01-29,ING022,56.85,0.0,2.24,54.61
2026-01-29,ING023,59.96,0.0,2.16,57.8
2026-01-29,ING024,42.0,0.0,1.25,40.75
2026-01-29,ING025,75.11,0.0,9.32,65.79
2026-01-29,ING026,19.85,0.0,1.3,18.55
2026-01-29,ING027,10.32,0.0,0.76,9.56
2026-01-29,ING028,53.42,0.0,5.6,47.82
2026-01-29,ING029,9.73,27.7,3.58,33.85
2026-01-29,ING030,38.7,0.0,11.75,26.95
2026-01-29,ING031,60.28,0.0,11.19,49.09
2026-01-29,ING032,31.21,0.0,8.35,22.86
2026-01-30,ING001,44.17,68.5,24.29,88.38
2026-01-30,ING002,47.05,0.0,13.73,33.32
2026-01-30,ING003,67.19,0.0,7.22,59.97
2026-01-30,ING004,9.96,0.0,1.02,8.94
2026-01-30,ING005,14.72,0.0,0.55,14.17
2026-01-30,ING006,4.28,0.0,0.58,3.7
2026-01-30,ING007,15.69,0.0,2.85,12.84
2026-01-30,ING008,12.4,0.0,1.6,10.8
2026-01-30,ING009,8.97,13.1,3.59,18.48
2026-01-30,ING010,8.24,0.0,4.51,3.73
2026-01-30,ING011,68.16,0.0,26.33,41.83
2026-01-30,ING012,14.74,16.9,8.14,23.5
2026-01-30,ING013,25.53,23.2,15.49,33.24
2026-01-30,ING014,6.96,17.6,1.51,23.05
2026-01-30,ING015,0.0,20.5,27.0,-6.5
2026-01-30,ING016,127.38,0.0,18.4,108.98
2026-01-30,ING017,89.92,0.0,9.56,80.36
2026-01-30,ING018,122.02,0.0,5.46,116.56
2026-01-30,ING019,61.54,0.0,5.6,55.94
2026-01-30,ING020,22.92,0.0,3.68,19.24
2026-01-30,ING021,38.22,0.0,4.14,34.08
2026-01-30,ING022,54.61,0.0,2.03,52.58
2026-01-30,ING023,57.8,0.0,1.44,56.36
2026-01-30,ING024,40.75,0.0,0.8,39.95
2026-01-30,ING025,65.79,0.0,9.74,56.05
2026-01-30,ING026,18.55,0.0,1.04,17.51
2026-01-30,ING027,9.56,0.0,0.65,8.91
2026-01-30,ING028,47.82,0.0,5.63,42.19
2026-01-30,ING029,33.85,0.0,3.69,30.16
2026-01-30,ING030,26.95,24.5,19.75,31.7
2026-01-30,ING031,49.09,0.0,10.19,38.9
2026-01-30,ING032,22.86,0.0,6.39,16.47
2026-01-31,ING001,88.38,0.0,7.6,80.78
2026-01-31,ING002,33.32,99.5,4.13,128.69
2026-01-31,ING003,59.97,0.0,2.5,57.47
2026-01-31,ING004,8.94,0.0,0.32,8.62
2026-01-31,ING005,14.17,0.0,0.18,13.99
2026-01-31,ING006,3.7,6.4,0.16,9.94
2026-01-31,ING007,12.84,0.0,0.81,12.03
2026-01-31,ING008,10.8,0.0,0.65,10.15
2026-01-31,ING009,18.48,0.0,1.11,17.37
2026-01-31,ING010,3.73,8.8,1.22,11.31
2026-01-31,ING011,41.83,0.0,8.22,33.61
2026-01-31,ING012,23.5,0.0,2.44,21.06
2026-01-31,ING013,33.24,0.0,3.54,29.7
2026-01-31,ING014,23.05,0.0,0.53,22.52
2026-01-31,ING015,0.0,16.4,10.0,6.4
2026-01-31,ING016,108.98,0.0,6.46,102.52
2026-01-31,ING017,80.36,0.0,2.36,78.0
2026-01-31,ING018,116.56,0.0,1.5,115.06
2026-01-31,ING019,55.94,0.0,1.76,54.18
2026-01-31,ING020,19.24,0.0,0.96,18.28
2026-01-31,ING021,34.08,0.0,1.42,32.66
2026-01-31,ING022,52.58,0.0,0.7,51.88
2026-01-31,ING023,56.36,0.0,0.48,55.88
2026-01-31,ING024,39.95,0.0,0.28,39.67
2026-01-31,ING025,56.05,0.0,3.1,52.95
2026-01-31,ING026,17.51,0.0,0.34,17.17
2026-01-31,ING027,8.91,0.0,0.21,8.7
2026-01-31,ING028,42.19,0.0,1.56,40.63
2026-01-31,ING029,30.16,0.0,1.12,29.04
2026-01-31,ING030,31.7,0.0,5.25,26.45
2026-01-31,ING031,38.9,0.0,2.34,36.56
2026-01-31,ING032,16.47,26.1,3.42,39.15
2026-02-01,ING001,80.78,0.0,4.56,76.22
2026-02-01,ING002,128.69,0.0,2.45,126.24
2026-02-01,ING003,57.47,0.0,1.34,56.13
2026-02-01,ING004,8.62,0.0,0.19,8.43
2026-02-01,ING005,13.99,0.0,0.12,13.87
2026-02-01,ING006,9.94,0.0,0.12,9.82
2026-02-01,ING007,12.03,0.0,0.51,11.52
2026-02-01,ING008,10.15,0.0,0.23,9.92
2026-02-01,ING009,17.37,0.0,0.63,16.74
2026-02-01,ING010,11.31,0.0,0.63,10.68
2026-02-01,ING011,33.61,51.3,6.2,78.71
2026-02-01,ING012,21.06,0.0,1.56,19.5
2026-02-01,ING013,29.7,0.0,1.63,28.07
2026-02-01,ING014,22.52,0.0,0.3,22.22
2026-02-01,ING015,6.4,16.3,4.0,18.7
2026-02-01,ING016,102.52,0.0,3.4,99.12
2026-02-01,ING017,78.0,0.0,1.92,76.08
2026-02-01,ING018,115.06,0.0,0.84,114.22
2026-02-01,ING019,54.18,0.0,1.12,53.06
2026-02-01,ING020,18.28,0.0,0.24,18.04
2026-02-01,ING021,32.66,0.0,0.6,32.06
2026-02-01,ING022,51.88,0.0,0.49,51.39
2026-02-01,ING023,55.88,0.0,0.32,55.56
2026-02-01,ING024,39.67,0.0,0.15,39.52
2026-02-01,ING025,52.95,0.0,1.83,51.12
2026-02-01,ING026,17.17,0.0,0.27,16.9
2026-02-01,ING027,8.7,0.0,0.16,8.54
2026-02-01,ING028,40.63,0.0,1.01,39.62
2026-02-01,ING029,29.04,0.0,0.7,28.34
2026-02-01,ING030,26.45,0.0,3.25,23.2
2026-02-01,ING031,36.56,0.0,1.84,34.72
2026-02-01,ING032,39.15,0.0,1.5,37.65
2026-02-02,ING001,76.22,0.0,20.62,55.6
2026-02-02,ING002,126.24,0.0,11.69,114.55
2026-02-02,ING003,56.13,0.0,7.5,48.63
2026-02-02,ING004,8.43,0.0,0.76,7.67
2026-02-02,ING005,13.87,0.0,0.57,13.3
2026-02-02,ING006,9.82,0.0,0.35,9.47
2026-02-02,ING007,11.52,0.0,1.96,9.56
2026-02-02,ING008,9.92,0.0,1.24,8.68
2026-02-02,ING009,16.74,0.0,2.43,14.31
2026-02-02,ING010,10.68,0.0,1.82,8.86
2026-02-02,ING011,78.71,0.0,25.95,52.76
2026-02-02,ING012,19.5,0.0,7.1,12.4
2026-02-02,ING013,28.07,0.0,12.45,15.62
2026-02-02,ING014,22.22,0.0,1.38,20.84
2026-02-02,ING015,18.7,20.7,29.0,10.4
2026-02-02,ING016,99.12,0.0,18.5,80.62
2026-02-02,ING017,76.08,0.0,5.8,70.28
2026-02-02,ING018,114.22,0.0,5.1,109.12
2026-02-02,ING019,53.06,0.0,3.28,49.78
2026-02-02,ING020,18.04,41.4,2.16,57.28
2026-02-02,ING021,32.06,0.0,4.32,27.74
2026-02-02,ING022,51.39,0.0,2.03,49.36
2026-02-02,ING023,55.56,0.0,0.96,54.6
2026-02-02,ING024,39.52,0.0,1.28,38.24
2026-02-02,ING025,51.12,0.0,8.02,43.1
2026-02-02,ING026,16.9,0.0,1.01,15.89
2026-02-02,ING027,8.54,0.0,0.68,7.86
2026-02-02,ING028,39.62,0.0,4.28,35.34
2026-02-02,ING029,28.34,0.0,2.99,25.35
2026-02-02,ING030,23.2,29.7,17.75,35.15
2026-02-02,ING031,34.72,0.0,10.35,24.37
2026-02-02,ING032,37.65,0.0,7.11,30.54
2026-02-03,ING001,55.6,90.0,20.07,125.53
2026-02-03,ING002,114.55,0.0,12.54,102.01
2026-02-03,ING003,48.63,0.0,6.13,42.5
2026-02-03,ING004,7.67,0.0,0.82,6.85
2026-02-03,ING005,13.3,0.0,0.52,12.78
2026-02-03,ING006,9.47,0.0,0.48,8.99
2026-02-03,ING007,9.56,0.0,2.85,6.71
2026-02-03,ING008,8.68,17.3,1.56,24.42
2026-02-03,ING009,14.31,0.0,3.32,10.99
2026-02-03,ING010,8.86,0.0,3.56,5.3
2026-02-03,ING011,52.76,0.0,20.39,32.37
2026-02-03,ING012,12.4,16.5,6.94,21.96
2026-02-03,ING013,15.62,18.1,12.91,20.81
2026-02-03,ING014,20.84,0.0,1.0,19.84
2026-02-03,ING015,10.4,22.2,23.0,9.6
2026-02-03,ING016,80.62,0.0,16.08,64.54
2026-02-03,ING017,70.28,0.0,8.54,61.74
2026-02-03,ING018,109.12,0.0,4.56,104.56
2026-02-03,ING019,49.78,0.0,4.56,45.22
2026-02-03,ING020,57.28,0.0,3.28,54.0
2026-02-03,ING021,27.74,0.0,2.5,25.24
2026-02-03,ING022,49.36,0.0,2.52,46.84
2026-02-03,ING023,54.6,0.0,1.68,52.92
2026-02-03,ING024,38.24,0.0,0.88,37.36
2026-02-03,ING025,43.1,81.5,8.88,115.72
2026-02-03,ING026,15.89,0.0,0.83,15.06
2026-02-03,ING027,7.86,0.0,0.46,7.4
2026-02-03,ING028,35.34,0.0,4.48,30.86
2026-02-03,ING029,25.35,0.0,3.27,22.08
2026-02-03,ING030,35.15,0.0,18.0,17.15
2026-02-03,ING031,24.37,38.2,7.85,54.72
2026-02-03,ING032,30.54,0.0,7.08,23.46
2026-02-04,ING001,125.53,0.0,23.32,102.21
2026-02-04,ING002,102.01,0.0,14.54,87.47
2026-02-04,ING003,42.5,0.0,7.95,34.55
2026-02-04,ING004,6.85,0.0,1.01,5.84
2026-02-04,ING005,12.78,0.0,0.66,12.12
2026-02-04,ING006,8.99,0.0,0.54,8.45
2026-02-04,ING007,6.71,13.6,2.81,17.5
2026-02-04,ING008,24.42,0.0,1.29,23.13
2026-02-04,ING009,10.99,0.0,3.15,7.84
2026-02-04,ING010,5.3,7.6,3.57,9.33
2026-02-04,ING011,32.37,49.0,22.0,59.37
2026-02-04,ING012,21.96,0.0,8.82,13.14
2026-02-04,ING013,20.81,20.8,10.07,31.54
2026-02-04,ING014,19.84,0.0,1.53,18.31
2026-02-04,ING015,9.6,22.6,18.0,14.2
2026-02-04,ING016,64.54,121.2,20.72,165.02
2026-02-04,ING017,61.74,0.0,8.88,52.86
2026-02-04,ING018,104.56,0.0,6.18,98.38
2026-02-04,ING019,45.22,0.0,5.76,39.46
2026-02-04,ING020,54.0,0.0,3.76,50.24
2026-02-04,ING021,25.24,78.3,4.46,99.08
2026-02-04,ING022,46.84,0.0,3.01,43.83
2026-02-04,ING023,52.92,0.0,1.84,51.08
2026-02-04,ING024,37.36,0.0,1.27,36.09
2026-02-04,ING025,115.72,0.0,9.89,105.83
2026-02-04,ING026,15.06,0.0,1.06,14.0
2026-02-04,ING027,7.4,0.0,0.43,6.97
2026-02-04,ING028,30.86,78.3,4.27,104.89
2026-02-04,ING029,22.08,0.0,3.69,18.39
2026-02-04,ING030,17.15,25.1,14.5,27.75
2026-02-04,ING031,54.72,0.0,10.19,44.53
2026-02-04,ING032,23.46,0.0,6.67,16.79
2026-02-05,ING001,102.21,0.0,24.23,77.98
2026-02-05,ING002,87.47,0.0,12.72,74.75
2026-02-05,ING003,34.55,0.0,7.33,27.22
2026-02-05,ING004,5.84,10.9,1.09,15.65
2026-02-05,ING005,12.12,0.0,0.64,11.48
2026-02-05,ING006,8.45,0.0,0.53,7.92
2026-02-05,ING007,17.5,0.0,2.5,15.0
2026-02-05,ING008,23.13,0.0,1.31,21.82
2026-02-05,ING009,7.84,12.2,2.75,17.29
2026-02-05,ING010,9.33,0.0,4.22,5.11
2026-02-05,ING011,59.37,0.0,27.63,31.74
2026-02-05,ING012,13.14,16.6,7.34,22.4
2026-02-05,ING013,31.54,0.0,10.37,21.17
2026-02-05,ING014,18.31,0.0,1.29,17.02
2026-02-05,ING015,14.2,18.3,15.0,17.5
2026-02-05,ING016,165.02,0.0,18.48,146.54
2026-02-05,ING017,52.86,0.0,6.88,45.98
2026-02-05,ING018,98.38,0.0,5.46,92.92
2026-02-05,ING019,39.46,0.0,6.48,32.98
2026-02-05,ING020,50.24,0.0,2.56,47.68
2026-02-05,ING021,99.08,0.0,4.12,94.96
2026-02-05,ING022,43.83,0.0,2.87,40.96
2026-02-05,ING023,51.08,0.0,2.0,49.08
2026-02-05,ING024,36.09,0.0,1.08,35.01
2026-02-05,ING025,105.83,0.0,10.08,95.75
2026-02-05,ING026,14.0,0.0,1.0,13.0
2026-02-05,ING027,6.97,0.0,0.85,6.12
2026-02-05,ING028,104.89,0.0,5.28,99.61
2026-02-05,ING029,18.39,0.0,3.68,14.71
2026-02-05,ING030,27.75,24.3,15.5,36.55
2026-02-05,ING031,44.53,0.0,11.36,33.17
2026-02-05,ING032,16.79,25.0,8.51,33.28
2026-02-06,ING001,77.98,0.0,21.38,56.6
2026-02-06,ING002,74.75,0.0,11.93,62.82
2026-02-06,ING003,27.22,54.5,6.87,74.85
2026-02-06,ING004,15.65,0.0,0.94,14.71
2026-02-06,ING005,11.48,0.0,0.6,10.88
2026-02-06,ING006,7.92,0.0,0.47,7.45
2026-02-06,ING007,15.0,0.0,2.54,12.46
2026-02-06,ING008,21.82,0.0,1.94,19.88
2026-02-06,ING009,17.29,0.0,3.25,14.04
2026-02-06,ING010,5.11,6.6,3.14,8.57
2026-02-06,ING011,31.74,48.8,27.56,52.98
2026-02-06,ING012,22.4,0.0,6.78,15.62
2026-02-06,ING013,21.17,19.3,10.78,29.69
2026-02-06,ING014,17.02,0.0,1.39,15.63
2026-02-06,ING015,17.5,16.8,20.0,14.3
2026-02-06,ING016,146.54,0.0,18.08,128.46
2026-02-06,ING017,45.98,0.0,6.72,39.26
2026-02-06,ING018,92.92,0.0,3.96,88.96
2026-02-06,ING019,32.98,95.3,5.44,122.84
2026-02-06,ING020,47.68,0.0,2.72,44.96
2026-02-06,ING021,94.96,0.0,3.91,91.05
2026-02-06,ING022,40.96,0.0,1.75,39.21
2026-02-06,ING023,49.08,0.0,1.84,47.24
2026-02-06,ING024,35.01,0.0,1.05,33.96
2026-02-06,ING025,95.75,0.0,8.93,86.82
2026-02-06,ING026,13.0,0.0,1.28,11.72
2026-02-06,ING027,6.12,0.0,0.58,5.54
2026-02-06,ING028,99.61,0.0,4.94,94.67
2026-02-06,ING029,14.71,0.0,3.48,11.23
2026-02-06,ING030,36.55,0.0,14.75,21.8
2026-02-06,ING031,33.17,0.0,11.52,21.65
2026-02-06,ING032,33.28,0.0,6.66,26.62
2026-02-07,ING001,56.6,0.0,6.84,49.76
2026-02-07,ING002,62.82,0.0,3.46,59.36
2026-02-07,ING003,74.85,0.0,1.78,73.07
2026-02-07,ING004,14.71,0.0,0.26,14.45
2026-02-07,ING005,10.88,0.0,0.11,10.77
2026-02-07,ING006,7.45,0.0,0.1,7.35
2026-02-07,ING007,12.46,0.0,0.72,11.74
2026-02-07,ING008,19.88,0.0,0.51,19.37
2026-02-07,ING009,14.04,0.0,0.94,13.1
2026-02-07,ING010,8.57,0.0,0.94,7.63
2026-02-07,ING011,52.98,0.0,6.16,46.82
2026-02-07,ING012,15.62,0.0,1.88,13.74
2026-02-07,ING013,29.69,0.0,2.95,26.74
2026-02-07,ING014,15.63,0.0,0.38,15.25
2026-02-07,ING015,14.3,0.0,7.0,7.3
2026-02-07,ING016,128.46,0.0,4.92,123.54
2026-02-07,ING017,39.26,0.0,2.2,37.06
2026-02-07,ING018,88.96,0.0,1.38,87.58
2026-02-07,ING019,122.84,0.0,1.28,121.56
2026-02-07,ING020,44.96,0.0,1.12,43.84
2026-02-07,ING021,91.05,0.0,1.31,89.74
2026-02-07,ING022,39.21,0.0,0.0,39.21
2026-02-07,ING023,47.24,0.0,0.56,46.68
2026-02-07,ING024,33.96,0.0,0.4,33.56
2026-02-07,ING025,86.82,0.0,2.67,84.15
2026-02-07,ING026,11.72,0.0,0.23,11.49
2026-02-07,ING027,5.54,0.0,0.18,5.36
2026-02-07,ING028,94.67,0.0,1.18,93.49
2026-02-07,ING029,11.23,0.0,0.93,10.3
2026-02-07,ING030,21.8,0.0,5.75,16.05
2026-02-07,ING031,21.65,40.7,2.84,59.51
2026-02-07,ING032,26.62,0.0,3.34,23.28
2026-02-08,ING001,49.76,0.0,5.35,44.41
2026-02-08,ING002,59.36,0.0,2.6,56.76
2026-02-08,ING003,73.07,0.0,1.15,71.92
2026-02-08,ING004,14.45,0.0,0.21,14.24
2026-02-08,ING005,10.77,0.0,0.08,10.69
2026-02-08,ING006,7.35,0.0,0.12,7.23
2026-02-08,ING007,11.74,0.0,0.62,11.12
2026-02-08,ING008,19.37,0.0,0.44,18.93
2026-02-08,ING009,13.1,0.0,0.81,12.29
2026-02-08,ING010,7.63,0.0,0.62,7.01
2026-02-08,ING011,46.82,0.0,5.83,40.99
2026-02-08,ING012,13.74,0.0,1.06,12.68
2026-02-08,ING013,26.74,0.0,1.63,25.11
2026-02-08,ING014,15.25,0.0,0.17,15.08
2026-02-08,ING015,7.3,20.6,6.0,21.9
2026-02-08,ING016,123.54,0.0,4.28,119.26
2026-02-08,ING017,37.06,0.0,1.82,35.24
2026-02-08,ING018,87.58,0.0,1.02,86.56
2026-02-08,ING019,121.56,0.0,1.04,120.52
2026-02-08,ING020,43.84,0.0,0.56,43.28
2026-02-08,ING021,89.74,0.0,0.76,88.98
2026-02-08,ING022,39.21,0.0,0.56,38.65
2026-02-08,ING023,46.68,0.0,0.16,46.52
2026-02-08,ING024,33.56,0.0,0.28,33.28
2026-02-08,ING025,84.15,0.0,2.15,82.0
2026-02-08,ING026,11.49,0.0,0.31,11.18
2026-02-08,ING027,5.36,0.0,0.11,5.25
2026-02-08,ING028,93.49,0.0,0.98,92.51
2026-02-08,ING029,10.3,30.8,0.78,40.32
2026-02-08,ING030,16.05,26.2,4.0,38.25
2026-02-08,ING031,59.51,0.0,1.84,57.67
2026-02-08,ING032,23.28,0.0,2.06,21.22
2026-02-09,ING001,44.41,82.9,18.65,108.66
2026-02-09,ING002,56.76,0.0,10.38,46.38
2026-02-09,ING003,71.92,0.0,5.3,66.62
2026-02-09,ING004,14.24,0.0,0.75,13.49
2026-02-09,ING005,10.69,0.0,0.37,10.32
2026-02-09,ING006,7.23,0.0,0.4,6.83
2026-02-09,ING007,11.12,0.0,2.37,8.75
2026-02-09,ING008,18.93,0.0,1.31,17.62
2026-02-09,ING009,12.29,0.0,2.58,9.71
2026-02-09,ING010,7.01,7.2,3.96,10.25
2026-02-09,ING011,40.99,56.3,21.46,75.83
2026-02-09,ING012,12.68,15.6,6.1,22.18
2026-02-09,ING013,25.11,0.0,9.6,15.51
2026-02-09,ING014,15.08,0.0,0.88,14.2
2026-02-09,ING015,21.9,16.3,19.0,19.2
2026-02-09,ING016,119.26,0.0,14.78,104.48
2026-02-09,ING017,35.24,66.6,6.2,95.64
2026-02-09,ING018,86.56,0.0,5.34,81.22
2026-02-09,ING019,120.52,0.0,3.6,116.92
2026-02-09,ING020,43.28,0.0,2.48,40.8
2026-02-09,ING021,88.98,0.0,3.14,85.84
2026-02-09,ING022,38.65,0.0,1.54,37.11
2026-02-09,ING023,46.52,0.0,0.88,45.64
2026-02-09,ING024,33.28,0.0,0.8,32.48
2026-02-09,ING025,82.0,0.0,7.81,74.19
2026-02-09,ING026,11.18,0.0,1.04,10.14
2026-02-09,ING027,5.25,0.0,0.42,4.83
2026-02-09,ING028,92.51,0.0,4.48,88.03
2026-02-09,ING029,40.32,0.0,2.94,37.38
2026-02-09,ING030,38.25,0.0,14.5,23.75
2026-02-09,ING031,57.67,0.0,6.51,51.16
2026-02-09,ING032,21.22,27.1,7.87,40.45
2026-02-10,ING001,108.66,0.0,22.37,86.29
2026-02-10,ING002,46.38,0.0,12.24,34.14
2026-02-10,ING003,66.62,0.0,6.99,59.63
2026-02-10,ING004,13.49,0.0,0.93,12.56
2026-02-10,ING005,10.32,0.0,0.66,9.66
2026-02-10,ING006,6.83,0.0,0.49,6.34
2026-02-10,ING007,8.75,0.0,2.6,6.15
2026-02-10,ING008,17.62,0.0,1.64,15.98
2026-02-10,ING009,9.71,0.0,2.8,6.91
2026-02-10,ING010,10.25,0.0,3.57,6.68
2026-02-10,ING011,75.83,0.0,31.9,43.93
2026-02-10,ING012,22.18,0.0,8.76,13.42
2026-02-10,ING013,15.51,20.1,9.53,26.08
2026-02-10,ING014,14.2,0.0,1.12,13.08
2026-02-10,ING015,19.2,22.5,25.0,16.7
2026-02-10,ING016,104.48,0.0,15.42,89.06
2026-02-10,ING017,95.64,0.0,5.82,89.82
2026-02-10,ING018,81.22,0.0,5.82,75.4
2026-02-10,ING019,116.92,0.0,5.72,111.2
2026-02-10,ING020,40.8,0.0,2.96,37.84
2026-02-10,ING021,85.84,0.0,1.76,84.08
2026-02-10,ING022,37.11,0.0,3.22,33.89
2026-02-10,ING023,45.64,0.0,1.6,44.04
2026-02-10,ING024,32.48,0.0,0.68,31.8
2026-02-10,ING025,74.19,0.0,9.61,64.58
2026-02-10,ING026,10.14,0.0,1.35,8.79
2026-02-10,ING027,4.83,14.6,0.82,18.61
2026-02-10,ING028,88.03,0.0,5.37,82.66
2026-02-10,ING029,37.38,0.0,3.37,34.01
2026-02-10,ING030,23.75,26.8,15.5,35.05
2026-02-10,ING031,51.16,0.0,7.35,43.81
2026-02-10,ING032,40.45,0.0,7.29,33.16
2026-02-11,ING001,86.29,0.0,22.04,64.25
2026-02-11,ING002,34.14,64.4,11.7,86.84
2026-02-11,ING003,59.63,0.0,6.87,52.76
2026-02-11,ING004,12.56,0.0,0.94,11.62
2026-02-11,ING005,9.66,0.0,0.66,9.0
2026-02-11,ING006,6.34,0.0,0.5,5.84
2026-02-11,ING007,6.15,11.1,1.9,15.35
2026-02-11,ING008,15.98,0.0,1.28,14.7
2026-02-11,ING009,6.91,12.8,3.08,16.63
2026-02-11,ING010,6.68,0.0,2.44,4.24
2026-02-11,ING011,43.93,47.7,21.76,69.87
2026-02-11,ING012,13.42,16.6,6.6,23.42
2026-02-11,ING013,26.08,0.0,12.33,13.75
2026-02-11,ING014,13.08,0.0,1.32,11.76
2026-02-11,ING015,16.7,19.7,24.0,12.4
2026-02-11,ING016,89.06,0.0,17.06,72.0
2026-02-11,ING017,89.82,0.0,8.52,81.3
2026-02-11,ING018,75.4,0.0,3.54,71.86
2026-02-11,ING019,111.2,0.0,5.24,105.96
2026-02-11,ING020,37.84,0.0,2.32,35.52
2026-02-11,ING021,84.08,0.0,3.07,81.01
2026-02-11,ING022,33.89,0.0,2.94,30.95
2026-02-11,ING023,44.04,0.0,1.68,42.36
2026-02-11,ING024,31.8,0.0,1.05,30.75
2026-02-11,ING025,64.58,0.0,8.76,55.82
2026-02-11,ING026,8.79,0.0,0.99,7.8
2026-02-11,ING027,18.61,0.0,0.42,18.19
2026-02-11,ING028,82.66,0.0,4.11,78.55
2026-02-11,ING029,34.01,0.0,3.17,30.84
2026-02-11,ING030,35.05,0.0,12.0,23.05
2026-02-11,ING031,43.81,0.0,10.86,32.95
2026-02-11,ING032,33.16,0.0,7.64,25.52
2026-02-12,ING001,64.25,0.0,27.22,37.03
2026-02-12,ING002,86.84,0.0,12.68,74.16
2026-02-12,ING003,52.76,0.0,6.2,46.56
2026-02-12,ING004,11.62,0.0,1.2,10.42
2026-02-12,ING005,9.0,0.0,0.57,8.43
2026-02-12,ING006,5.84,0.0,0.61,5.23
2026-02-12,ING007,15.35,0.0,2.42,12.93
2026-02-12,ING008,14.7,0.0,1.74,12.96
2026-02-12,ING009,16.63,0.0,3.68,12.95
2026-02-12,ING010,4.24,6.5,3.57,7.17
2026-02-12,ING011,69.87,0.0,23.92,45.95
2026-02-12,ING012,23.42,0.0,7.08,16.34
2026-02-12,ING013,13.75,21.1,7.71,27.14
2026-02-12,ING014,11.76,0.0,1.08,10.68
2026-02-12,ING015,12.4,21.2,18.0,15.6
2026-02-12,ING016,72.0,0.0,15.24,56.76
2026-02-12,ING017,81.3,0.0,9.24,72.06
2026-02-12,ING018,71.86,0.0,3.54,68.32
2026-02-12,ING019,105.96,0.0,6.56,99.4
2026-02-12,ING020,35.52,0.0,4.16,31.36
2026-02-12,ING021,81.01,0.0,2.35,78.66
2026-02-12,ING022,30.95,0.0,1.89,29.06
2026-02-12,ING023,42.36,0.0,1.84,40.52
2026-02-12,ING024,30.75,0.0,1.55,29.2
2026-02-12,ING025,55.82,0.0,10.65,45.17
2026-02-12,ING026,7.8,18.5,1.02,25.28
2026-02-12,ING027,18.19,0.0,0.62,17.57
2026-02-12,ING028,78.55,0.0,4.3,74.25
2026-02-12,ING029,30.84,0.0,3.71,27.13
2026-02-12,ING030,23.05,27.2,18.25,32.0
2026-02-12,ING031,32.95,0.0,10.86,22.09
2026-02-12,ING032,25.52,0.0,10.69,14.83
2026-02-13,ING001,37.03,68.2,22.09,83.14
2026-02-13,ING002,74.16,0.0,12.48,61.68
2026-02-13,ING003,46.56,0.0,6.72,39.84
2026-02-13,ING004,10.42,0.0,0.95,9.47
2026-02-13,ING005,8.43,0.0,0.59,7.84
2026-02-13,ING006,5.23,0.0,0.5,4.73
2026-02-13,ING007,12.93,0.0,2.35,10.58
2026-02-13,ING008,12.96,0.0,1.36,11.6
2026-02-13,ING009,12.95,0.0,3.03,9.92
2026-02-13,ING010,7.17,8.2,4.45,10.92
2026-02-13,ING011,45.95,54.9,21.13,79.72
2026-02-13,ING012,16.34,0.0,6.64,9.7
2026-02-13,ING013,27.14,0.0,11.47,15.67
2026-02-13,ING014,10.68,0.0,1.31,9.37
2026-02-13,ING015,15.6,16.4,12.0,20.0
2026-02-13,ING016,56.76,124.1,18.82,162.04
2026-02-13,ING017,72.06,0.0,7.88,64.18
2026-02-13,ING018,68.32,0.0,4.68,63.64
2026-02-13,ING019,99.4,0.0,5.12,94.28
2026-02-13,ING020,31.36,0.0,2.8,28.56
2026-02-13,ING021,78.66,0.0,3.94,74.72
2026-02-13,ING022,29.06,0.0,2.52,26.54
2026-02-13,ING023,40.52,0.0,1.76,38.76
2026-02-13,ING024,29.2,0.0,1.15,28.05
2026-02-13,ING025,45.17,110.2,9.29,146.08
2026-02-13,ING026,25.28,0.0,0.82,24.46
2026-02-13,ING027,17.57,0.0,0.54,17.03
2026-02-13,ING028,74.25,0.0,4.74,69.51
2026-02-13,ING029,27.13,0.0,3.47,23.66
2026-02-13,ING030,32.0,0.0,11.75,20.25
2026-02-13,ING031,22.09,34.9,10.35,46.64
2026-02-13,ING032,14.83,25.1,8.86,31.07
2026-02-14,ING001,83.14,0.0,8.58,74.56
2026-02-14,ING002,61.68,0.0,4.66,57.02
2026-02-14,ING003,39.84,0.0,2.51,37.33
2026-02-14,ING004,9.47,0.0,0.32,9.15
2026-02-14,ING005,7.84,0.0,0.2,7.64
2026-02-14,ING006,4.73,0.0,0.17,4.56
2026-02-14,ING007,10.58,0.0,1.04,9.54
2026-02-14,ING008,11.6,0.0,0.72,10.88
2026-02-14,ING009,9.92,0.0,1.29,8.63
2026-02-14,ING010,10.92,0.0,1.19,9.73
2026-02-14,ING011,79.72,0.0,8.55,71.17
2026-02-14,ING012,9.7,17.0,2.38,24.32
2026-02-14,ING013,15.67,24.1,4.21,35.56
2026-02-14,ING014,9.37,0.0,0.4,8.97
2026-02-14,ING015,20.0,0.0,10.0,10.0
2026-02-14,ING016,162.04,0.0,7.8,154.24
2026-02-14,ING017,64.18,0.0,2.84,61.34
2026-02-14,ING018,63.64,0.0,2.22,61.42
2026-02-14,ING019,94.28,0.0,1.44,92.84
2026-02-14,ING020,28.56,0.0,0.72,27.84
2026-02-14,ING021,74.72,0.0,1.5,73.22
2026-02-14,ING022,26.54,0.0,1.12,25.42
2026-02-14,ING023,38.76,0.0,0.32,38.44
2026-02-14,ING024,28.05,0.0,0.38,27.67
2026-02-14,ING025,146.08,0.0,3.55,142.53
2026-02-14,ING026,24.46,0.0,0.33,24.13
2026-02-14,ING027,17.03,0.0,0.24,16.79
2026-02-14,ING028,69.51,0.0,1.64,67.87
2026-02-14,ING029,23.66,0.0,1.23,22.43
2026-02-14,ING030,20.25,22.7,6.25,36.7
2026-02-14,ING031,46.64,0.0,3.67,42.97
2026-02-14,ING032,31.07,0.0,3.5,27.57
2026-02-15,ING001,74.56,0.0,7.74,66.82
2026-02-15,ING002,57.02,0.0,4.53,52.49
2026-02-15,ING003,37.33,0.0,2.37,34.96
2026-02-15,ING004,9.15,0.0,0.29,8.86
2026-02-15,ING005,7.64,0.0,0.18,7.46
2026-02-15,ING006,4.56,0.0,0.17,4.39
2026-02-15,ING007,9.54,0.0,0.83,8.71
2026-02-15,ING008,10.88,0.0,0.43,10.45
2026-02-15,ING009,8.63,0.0,1.14,7.49
2026-02-15,ING010,9.73,0.0,1.05,8.68
2026-02-15,ING011,71.17,0.0,9.68,61.49
2026-02-15,ING012,24.32,0.0,3.22,21.1
2026-02-15,ING013,35.56,0.0,4.59,30.97
2026-02-15,ING014,8.97,0.0,0.54,8.43
2026-02-15,ING015,10.0,23.4,8.0,25.4
2026-02-15,ING016,154.24,0.0,5.5,148.74
2026-02-15,ING017,61.34,0.0,3.26,58.08
2026-02-15,ING018,61.42,0.0,1.68,59.74
2026-02-15,ING019,92.84,0.0,1.36,91.48
2026-02-15,ING020,27.84,0.0,1.2,26.64
2026-02-15,ING021,73.22,0.0,1.24,71.98
2026-02-15,ING022,25.42,0.0,0.63,24.79
2026-02-15,ING023,38.44,0.0,0.32,38.12
2026-02-15,ING024,27.67,0.0,0.55,27.12
2026-02-15,ING025,142.53,0.0,3.04,139.49
2026-02-15,ING026,24.13,0.0,0.45,23.68
2026-02-15,ING027,16.79,0.0,0.19,16.6
2026-02-15,ING028,67.87,0.0,1.77,66.1
2026-02-15,ING029,22.43,0.0,1.25,21.18
2026-02-15,ING030,36.7,0.0,6.5,30.2
2026-02-15,ING031,42.97,0.0,2.84,40.13
2026-02-15,ING032,27.57,0.0,2.92,24.65
2026-02-16,ING001,66.82,0.0,20.72,46.1
2026-02-16,ING002,52.49,0.0,12.08,40.41
2026-02-16,ING003,34.96,0.0,6.37,28.59
2026-02-16,ING004,8.86,0.0,0.83,8.03
2026-02-16,ING005,7.46,0.0,0.49,6.97
2026-02-16,ING006,4.39,0.0,0.49,3.9
2026-02-16,ING007,8.71,0.0,2.38,6.33
2026-02-16,ING008,10.45,0.0,1.24,9.21
2026-02-16,ING009,7.49,11.6,3.14,15.95
2026-02-16,ING010,8.68,0.0,3.05,5.63
2026-02-16,ING011,61.49,0.0,22.67,38.82
2026-02-16,ING012,21.1,0.0,6.58,14.52
2026-02-16,ING013,30.97,0.0,10.85,20.12
2026-02-16,ING014,8.43,0.0,1.18,7.25
2026-02-16,ING015,25.4,0.0,17.0,8.4
2026-02-16,ING016,148.74,0.0,17.74,131.0
2026-02-16,ING017,58.08,0.0,8.9,49.18
2026-02-16,ING018,59.74,0.0,5.28,54.46
2026-02-16,ING019,91.48,0.0,4.68,86.8
2026-02-16,ING020,26.64,0.0,2.4,24.24
2026-02-16,ING021,71.98,0.0,4.24,67.74
2026-02-16,ING022,24.79,0.0,1.96,22.83
2026-02-16,ING023,38.12,0.0,1.52,36.6
2026-02-16,ING024,27.12,0.0,1.15,25.97
2026-02-16,ING025,139.49,0.0,8.46,131.03
2026-02-16,ING026,23.68,0.0,1.02,22.66
2026-02-16,ING027,16.6,0.0,0.51,16.09
2026-02-16,ING028,66.1,0.0,4.3,61.8
2026-02-16,ING029,21.18,0.0,3.23,17.95
2026-02-16,ING030,30.2,0.0,13.75,16.45
2026-02-16,ING031,40.13,0.0,9.69,30.44
2026-02-16,ING032,24.65,0.0,6.11,18.54
2026-02-17,ING001,46.1,88.0,26.74,107.36
2026-02-17,ING002,40.41,85.5,14.07,111.84
2026-02-17,ING003,28.59,54.7,8.32,74.97
2026-02-17,ING004,8.03,0.0,1.05,6.98
2026-02-17,ING005,6.97,0.0,0.67,6.3
2026-02-17,ING006,3.9,7.2,0.52,10.58
2026-02-17,ING007,6.33,13.4,2.73,17.0
2026-02-17,ING008,9.21,16.7,2.02,23.89
2026-02-17,ING009,15.95,0.0,3.49,12.46
2026-02-17,ING010,5.63,6.3,4.1,7.83
2026-02-17,ING011,38.82,45.2,26.38,57.64
2026-02-17,ING012,14.52,19.2,7.72,26.0
2026-02-17,ING013,20.12,18.4,9.94,28.58
2026-02-17,ING014,7.25,18.9,1.38,24.77
2026-02-17,ING015,8.4,17.8,22.0,4.2
2026-02-17,ING016,131.0,0.0,21.62,109.38
2026-02-17,ING017,49.18,0.0,7.46,41.72
2026-02-17,ING018,54.46,0.0,5.22,49.24
2026-02-17,ING019,86.8,0.0,6.08,80.72
2026-02-17,ING020,24.24,0.0,2.8,21.44
2026-02-17,ING021,67.74,0.0,3.96,63.78
2026-02-17,ING022,22.83,0.0,2.73,20.1
2026-02-17,ING023,36.6,0.0,2.0,34.6
2026-02-17,ING024,25.97,0.0,1.53,24.44
2026-02-17,ING025,131.03,0.0,10.9,120.13
2026-02-17,ING026,22.66,0.0,1.27,21.39
2026-02-17,ING027,16.09,0.0,0.54,15.55
2026-02-17,ING028,61.8,0.0,5.01,56.79
2026-02-17,ING029,17.95,0.0,3.91,14.04
2026-02-17,ING030,16.45,29.2,20.25,25.4
2026-02-17,ING031,30.44,35.0,10.19,55.25
2026-02-17,ING032,18.54,22.9,10.28,31.16
2026-02-18,ING001,107.36,0.0,25.44,81.92
2026-02-18,ING002,111.84,0.0,13.08,98.76
2026-02-18,ING003,74.97,0.0,6.61,68.36
2026-02-18,ING004,6.98,0.0,1.06,5.92
2026-02-18,ING005,6.3,11.1,0.48,16.92
2026-02-18,ING006,10.58,0.0,0.58,10.0
2026-02-18,ING007,17.0,0.0,2.92,14.08
2026-02-18,ING008,23.89,0.0,1.96,21.93
2026-02-18,ING009,12.46,0.0,3.94,8.52
2026-02-18,ING010,7.83,0.0,2.16,5.67
2026-02-18,ING011,57.64,0.0,22.65,34.99
2026-02-18,ING012,26.0,0.0,7.26,18.74
2026-02-18,ING013,28.58,0.0,12.37,16.21
2026-02-18,ING014,24.77,0.0,1.28,23.49
2026-02-18,ING015,4.2,22.6,0.0,26.8
2026-02-18,ING016,109.38,0.0,20.82,88.56
2026-02-18,ING017,41.72,0.0,9.78,31.94
2026-02-18,ING018,49.24,0.0,5.64,43.6
2026-02-18,ING019,80.72,0.0,5.24,75.48
2026-02-18,ING020,21.44,0.0,2.88,18.56
2026-02-18,ING021,63.78,0.0,4.49,59.29
2026-02-18,ING022,20.1,0.0,1.61,18.49
2026-02-18,ING023,34.6,0.0,1.12,33.48
2026-02-18,ING024,24.44,0.0,1.45,22.99
2026-02-18,ING025,120.13,0.0,10.12,110.01
2026-02-18,ING026,21.39,0.0,0.94,20.45
2026-02-18,ING027,15.55,0.0,0.55,15.0
2026-02-18,ING028,56.79,0.0,3.96,52.83
2026-02-18,ING029,14.04,0.0,3.57,10.47
2026-02-18,ING030,25.4,24.6,12.75,37.25
2026-02-18,ING031,55.25,0.0,10.19,45.06
2026-02-18,ING032,31.16,0.0,10.17,20.99
2026-02-19,ING001,81.92,0.0,18.98,62.94
2026-02-19,ING002,98.76,0.0,11.77,86.99
2026-02-19,ING003,68.36,0.0,7.09,61.27
2026-02-19,ING004,5.92,0.0,0.69,5.23
2026-02-19,ING005,16.92,0.0,0.53,16.39
2026-02-19,ING006,10.0,0.0,0.36,9.64
2026-02-19,ING007,14.08,0.0,1.83,12.25
2026-02-19,ING008,21.93,0.0,1.01,20.92
2026-02-19,ING009,8.52,0.0,2.26,6.26
2026-02-19,ING010,5.67,8.7,2.7,11.67
2026-02-19,ING011,34.99,55.2,28.01,62.18
2026-02-19,ING012,18.74,0.0,7.32,11.42
2026-02-19,ING013,16.21,23.8,11.18,28.83
2026-02-19,ING014,23.49,0.0,1.37,22.12
2026-02-19,ING015,26.8,19.3,25.0,21.1
2026-02-19,ING016,88.56,0.0,15.9,72.66
2026-02-19,ING017,31.94,88.9,5.82,115.02
2026-02-19,ING018,43.6,102.7,5.16,141.14
2026-02-19,ING019,75.48,0.0,4.16,71.32
2026-02-19,ING020,18.56,39.8,3.2,55.16
2026-02-19,ING021,59.29,0.0,3.99,55.3
2026-02-19,ING022,18.49,50.1,1.33,67.26
2026-02-19,ING023,33.48,0.0,1.76,31.72
2026-02-19,ING024,22.99,0.0,1.2,21.79
2026-02-19,ING025,110.01,0.0,7.62,102.39
2026-02-19,ING026,20.45,0.0,1.27,19.18
2026-02-19,ING027,15.0,0.0,0.62,14.38
2026-02-19,ING028,52.83,0.0,4.75,48.08
2026-02-19,ING029,10.47,30.8,3.02,38.25
2026-02-19,ING030,37.25,0.0,16.5,20.75
2026-02-19,ING031,45.06,0.0,8.52,36.54
2026-02-19,ING032,20.99,0.0,4.31,16.68
2026-02-20,ING001,62.94,0.0,23.45,39.49
2026-02-20,ING002,86.99,0.0,11.21,75.78
2026-02-20,ING003,61.27,0.0,5.29,55.98
2026-02-20,ING004,5.23,8.6,0.93,12.9
2026-02-20,ING005,16.39,0.0,0.43,15.96
2026-02-20,ING006,9.64,0.0,0.52,9.12
2026-02-20,ING007,12.25,0.0,2.14,10.11
2026-02-20,ING008,20.92,0.0,1.68,19.24
2026-02-20,ING009,6.26,12.1,3.88,14.48
2026-02-20,ING010,11.67,0.0,3.56,8.11
2026-02-20,ING011,62.18,0.0,28.65,33.53
2026-02-20,ING012,11.42,17.4,6.68,22.14
2026-02-20,ING013,28.83,0.0,11.14,17.69
2026-02-20,ING014,22.12,0.0,1.61,20.51
2026-02-20,ING015,21.1,20.6,23.0,18.7
2026-02-20,ING016,72.66,0.0,15.44,57.22
2026-02-20,ING017,115.02,0.0,10.36,104.66
2026-02-20,ING018,141.14,0.0,2.52,138.62
2026-02-20,ING019,71.32,0.0,4.0,67.32
2026-02-20,ING020,55.16,0.0,2.88,52.28
2026-02-20,ING021,55.3,0.0,3.71,51.59
2026-02-20,ING022,67.26,0.0,0.0,67.26
2026-02-20,ING023,31.72,0.0,0.96,30.76
2026-02-20,ING024,21.79,0.0,1.45,20.34
2026-02-20,ING025,102.39,0.0,8.38,94.01
2026-02-20,ING026,19.18,0.0,1.12,18.06
2026-02-20,ING027,14.38,0.0,0.79,13.59
2026-02-20,ING028,48.08,0.0,5.17,42.91
2026-02-20,ING029,38.25,0.0,3.41,34.84
2026-02-20,ING030,20.75,22.9,15.75,27.9
2026-02-20,ING031,36.54,0.0,12.69,23.85
2026-02-20,ING032,16.68,26.2,8.2,34.68
2026-02-21,ING001,39.49,74.1,7.38,106.21
2026-02-21,ING002,75.78,0.0,3.69,72.09
2026-02-21,ING003,55.98,0.0,1.58,54.4
2026-02-21,ING004,12.9,0.0,0.31,12.59
2026-02-21,ING005,15.96,0.0,0.12,15.84
2026-02-21,ING006,9.12,0.0,0.17,8.95
2026-02-21,ING007,10.11,0.0,0.83,9.28
2026-02-21,ING008,19.24,0.0,0.49,18.75
2026-02-21,ING009,14.48,0.0,1.07,13.41
2026-02-21,ING010,8.11,0.0,0.99,7.12
2026-02-21,ING011,33.53,62.2,6.94,88.79
2026-02-21,ING012,22.14,0.0,2.06,20.08
2026-02-21,ING013,17.69,0.0,2.61,15.08
2026-02-21,ING014,20.51,0.0,0.35,20.16
2026-02-21,ING015,18.7,0.0,8.0,10.7
2026-02-21,ING016,57.22,0.0,5.36,51.86
2026-02-21,ING017,104.66,0.0,2.74,101.92
2026-02-21,ING018,138.62,0.0,1.62,137.0
2026-02-21,ING019,67.32,0.0,1.16,66.16
2026-02-21,ING020,52.28,0.0,1.12,51.16
2026-02-21,ING021,51.59,0.0,1.08,50.51
2026-02-21,ING022,67.26,0.0,0.56,66.7
2026-02-21,ING023,30.76,0.0,0.0,30.76
2026-02-21,ING024,20.34,0.0,0.33,20.01
2026-02-21,ING025,94.01,0.0,2.83,91.18
2026-02-21,ING026,18.06,0.0,0.26,17.8
2026-02-21,ING027,13.59,0.0,0.21,13.38
2026-02-21,ING028,42.91,0.0,1.25,41.66
2026-02-21,ING029,34.84,0.0,1.01,33.83
2026-02-21,ING030,27.9,0.0,5.0,22.9
2026-02-21,ING031,23.85,41.1,3.01,61.94
2026-02-21,ING032,34.68,0.0,2.56,32.12
2026-02-22,ING001,106.21,0.0,5.2,101.01
2026-02-22,ING002,72.09,0.0,3.13,68.96
2026-02-22,ING003,54.4,0.0,1.59,52.81
2026-02-22,ING004,12.59,0.0,0.23,12.36
2026-02-22,ING005,15.84,0.0,0.14,15.7
2026-02-22,ING006,8.95,0.0,0.11,8.84
2026-02-22,ING007,9.28,0.0,0.67,8.61
2026-02-22,ING008,18.75,0.0,0.45,18.3
2026-02-22,ING009,13.41,0.0,0.76,12.65
2026-02-22,ING010,7.12,0.0,1.04,6.08
2026-02-22,ING011,88.79,0.0,6.49,82.3
2026-02-22,ING012,20.08,0.0,1.52,18.56
2026-02-22,ING013,15.08,24.3,3.15,36.23
2026-02-22,ING014,20.16,0.0,0.23,19.93
2026-02-22,ING015,10.7,23.8,4.0,30.5
2026-02-22,ING016,51.86,139.8,4.34,187.32
2026-02-22,ING017,101.92,0.0,1.6,100.32
2026-02-22,ING018,137.0,0.0,1.02,135.98
2026-02-22,ING019,66.16,0.0,1.32,64.84
2026-02-22,ING020,51.16,0.0,1.12,50.04
2026-02-22,ING021,50.51,0.0,0.66,49.85
2026-02-22,ING022,66.7,0.0,0.7,66.0
2026-02-22,ING023,30.76,0.0,0.48,30.28
2026-02-22,ING024,20.01,0.0,0.28,19.73
2026-02-22,ING025,91.18,0.0,2.31,88.87
2026-02-22,ING026,17.8,0.0,0.26,17.54
2026-02-22,ING027,13.38,0.0,0.17,13.21
2026-02-22,ING028,41.66,0.0,1.32,40.34
2026-02-22,ING029,33.83,0.0,0.86,32.97
2026-02-22,ING030,22.9,0.0,4.0,18.9
2026-02-22,ING031,61.94,0.0,2.17,59.77
2026-02-22,ING032,32.12,0.0,1.77,30.35
2026-02-23,ING001,101.01,0.0,16.93,84.08
2026-02-23,ING002,68.96,0.0,10.49,58.47
2026-02-23,ING003,52.81,0.0,6.86,45.95
2026-02-23,ING004,12.36,0.0,0.73,11.63
2026-02-23,ING005,15.7,0.0,0.48,15.22
2026-02-23,ING006,8.84,0.0,0.32,8.52
2026-02-23,ING007,8.61,0.0,2.07,6.54
2026-02-23,ING008,18.3,0.0,1.19,17.11
2026-02-23,ING009,12.65,0.0,1.71,10.94
2026-02-23,ING010,6.08,6.4,2.93,9.55
2026-02-23,ING011,82.3,0.0,19.16,63.14
2026-02-23,ING012,18.56,0.0,6.02,12.54
2026-02-23,ING013,36.23,0.0,11.0,25.23
2026-02-23,ING014,19.93,0.0,1.07,18.86
2026-02-23,ING015,30.5,0.0,19.0,11.5
2026-02-23,ING016,187.32,0.0,17.58,169.74
2026-02-23,ING017,100.32,0.0,3.1,97.22
2026-02-23,ING018,135.98,0.0,5.16,130.82
2026-02-23,ING019,64.84,0.0,4.56,60.28
2026-02-23,ING020,50.04,0.0,2.64,47.4
2026-02-23,ING021,49.85,0.0,3.9,45.95
2026-02-23,ING022,66.0,0.0,2.66,63.34
2026-02-23,ING023,30.28,0.0,1.36,28.92
2026-02-23,ING024,19.73,0.0,0.83,18.9
2026-02-23,ING025,88.87,0.0,7.42,81.45
2026-02-23,ING026,17.54,0.0,0.81,16.73
2026-02-23,ING027,13.21,0.0,0.42,12.79
2026-02-23,ING028,40.34,0.0,3.94,36.4
2026-02-23,ING029,32.97,0.0,2.65,30.32
2026-02-23,ING030,18.9,25.3,13.25,30.95
2026-02-23,ING031,59.77,0.0,4.51,55.26
2026-02-23,ING032,30.35,0.0,6.08,24.27
2026-02-24,ING001,84.08,0.0,19.4,64.68
2026-02-24,ING002,58.47,0.0,12.21,46.26
2026-02-24,ING003,45.95,0.0,6.92,39.03
2026-02-24,ING004,11.63,0.0,0.76,10.87
2026-02-24,ING005,15.22,0.0,0.48,14.74
2026-02-24,ING006,8.52,0.0,0.44,8.08
2026-02-24,ING007,6.54,13.8,2.2,18.14
2026-02-24,ING008,17.11,0.0,1.58,15.53
2026-02-24,ING009,10.94,0.0,2.57,8.37
2026-02-24,ING010,9.55,0.0,2.51,7.04
2026-02-24,ING011,63.14,0.0,23.04,40.1
2026-02-24,ING012,12.54,15.2,5.58,22.16
2026-02-24,ING013,25.23,0.0,10.63,14.6
2026-02-24,ING014,18.86,0.0,0.94,17.92
2026-02-24,ING015,11.5,18.4,20.0,9.9
2026-02-24,ING016,169.74,0.0,21.32,148.42
2026-02-24,ING017,97.22,0.0,4.92,92.3
2026-02-24,ING018,130.82,0.0,5.46,125.36
2026-02-24,ING019,60.28,0.0,3.96,56.32
2026-02-24,ING020,47.4,0.0,3.28,44.12
2026-02-24,ING021,45.95,0.0,4.2,41.75
2026-02-24,ING022,63.34,0.0,3.01,60.33
2026-02-24,ING023,28.92,0.0,0.8,28.12
2026-02-24,ING024,18.9,0.0,1.58,17.32
2026-02-24,ING025,81.45,0.0,8.37,73.08
2026-02-24,ING026,16.73,0.0,0.94,15.79
2026-02-24,ING027,12.79,0.0,0.58,12.21
2026-02-24,ING028,36.4,0.0,4.06,32.34
2026-02-24,ING029,30.32,0.0,3.05,27.27
2026-02-24,ING030,30.95,0.0,12.25,18.7
2026-02-24,ING031,55.26,0.0,5.18,50.08
2026-02-24,ING032,24.27,0.0,6.47,17.8
2026-02-25,ING001,64.68,0.0,19.5,45.18
2026-02-25,ING002,46.26,0.0,11.21,35.05
2026-02-25,ING003,39.03,0.0,6.23,32.8
2026-02-25,ING004,10.87,0.0,0.68,10.19
2026-02-25,ING005,14.74,0.0,0.46,14.28
2026-02-25,ING006,8.08,0.0,0.41,7.67
2026-02-25,ING007,18.14,0.0,1.99,16.15
2026-02-25,ING008,15.53,0.0,1.13,14.4
2026-02-25,ING009,8.37,11.9,2.66,17.61
2026-02-25,ING010,7.04,6.5,3.7,9.84
2026-02-25,ING011,40.1,45.3,16.95,68.45
2026-02-25,ING012,22.16,0.0,6.48,15.68
2026-02-25,ING013,14.6,22.8,9.59,27.81
2026-02-25,ING014,17.92,0.0,1.02,16.9
2026-02-25,ING015,9.9,22.4,21.0,11.3
2026-02-25,ING016,148.42,0.0,16.12,132.3
2026-02-25,ING017,92.3,0.0,6.96,85.34
2026-02-25,ING018,125.36,0.0,5.58,119.78
2026-02-25,ING019,56.32,0.0,3.36,52.96
2026-02-25,ING020,44.12,0.0,2.0,42.12
2026-02-25,ING021,41.75,0.0,3.62,38.13
2026-02-25,ING022,60.33,0.0,1.75,58.58
2026-02-25,ING023,28.12,0.0,1.04,27.08
2026-02-25,ING024,17.32,0.0,1.2,16.12
2026-02-25,ING025,73.08,0.0,7.87,65.21
2026-02-25,ING026,15.79,0.0,0.55,15.24
2026-02-25,ING027,12.21,0.0,0.53,11.68
2026-02-25,ING028,32.34,97.4,3.75,125.99
2026-02-25,ING029,27.27,0.0,2.83,24.44
2026-02-25,ING030,18.7,26.5,15.0,30.2
2026-02-25,ING031,50.08,0.0,7.85,42.23
2026-02-25,ING032,17.8,23.1,6.89,34.01
2026-02-26,ING001,45.18,86.8,19.74,112.24
2026-02-26,ING002,35.05,98.9,9.55,124.4
2026-02-26,ING003,32.8,0.0,5.79,27.01
2026-02-26,ING004,10.19,0.0,0.8,9.39
2026-02-26,ING005,14.28,0.0,0.49,13.79
2026-02-26,ING006,7.67,0.0,0.35,7.32
2026-02-26,ING007,16.15,0.0,1.88,14.27
2026-02-26,ING008,14.4,0.0,0.88,13.52
2026-02-26,ING009,17.61,0.0,1.93,15.68
2026-02-26,ING010,9.84,0.0,3.24,6.6
2026-02-26,ING011,68.45,0.0,23.56,44.89
2026-02-26,ING012,15.68,19.7,6.24,29.14
2026-02-26,ING013,27.81,0.0,8.52,19.29
2026-02-26,ING014,16.9,0.0,0.92,15.98
2026-02-26,ING015,11.3,20.1,16.0,15.4
2026-02-26,ING016,132.3,0.0,14.16,118.14
2026-02-26,ING017,85.34,0.0,4.98,80.36
2026-02-26,ING018,119.78,0.0,5.22,114.56
2026-02-26,ING019,52.96,0.0,3.84,49.12
2026-02-26,ING020,42.12,0.0,1.12,41.0
2026-02-26,ING021,38.13,0.0,3.37,34.76
2026-02-26,ING022,58.58,0.0,1.68,56.9
2026-02-26,ING023,27.08,0.0,1.12,25.96
2026-02-26,ING024,16.12,0.0,1.12,15.0
2026-02-26,ING025,65.21,0.0,7.76,57.45
2026-02-26,ING026,15.24,0.0,1.15,14.09
2026-02-26,ING027,11.68,0.0,0.48,11.2
2026-02-26,ING028,125.99,0.0,4.41,121.58
2026-02-26,ING029,24.44,0.0,2.95,21.49
2026-02-26,ING030,30.2,0.0,14.25,15.95
2026-02-26,ING031,42.23,0.0,10.86,31.37
2026-02-26,ING032,34.01,0.0,7.95,26.06
2026-02-27,ING001,112.24,0.0,20.01,92.23
2026-02-27,ING002,124.4,0.0,11.26,113.14
2026-02-27,ING003,27.01,57.7,6.09,78.62
2026-02-27,ING004,9.39,0.0,0.92,8.47
2026-02-27,ING005,13.79,0.0,0.54,13.25
2026-02-27,ING006,7.32,0.0,0.42,6.9
2026-02-27,ING007,14.27,0.0,2.18,12.09
2026-02-27,ING008,13.52,0.0,1.48,12.04
2026-02-27,ING009,15.68,0.0,2.92,12.76
2026-02-27,ING010,6.6,0.0,2.27,4.33
2026-02-27,ING011,44.89,62.3,25.05,82.14
2026-02-27,ING012,29.14,0.0,6.96,22.18
2026-02-27,ING013,19.29,24.2,10.39,33.1
2026-02-27,ING014,15.98,0.0,1.26,14.72
2026-02-27,ING015,15.4,15.6,16.0,15.0
2026-02-27,ING016,118.14,0.0,15.08,103.06
2026-02-27,ING017,80.36,0.0,6.96,73.4
2026-02-27,ING018,114.56,0.0,3.66,110.9
2026-02-27,ING019,49.12,0.0,4.48,44.64
2026-02-27,ING020,41.0,0.0,3.76,37.24
2026-02-27,ING021,34.76,0.0,3.26,31.5
2026-02-27,ING022,56.9,0.0,2.03,54.87
2026-02-27,ING023,25.96,0.0,1.36,24.6
2026-02-27,ING024,15.0,32.4,1.15,46.25
2026-02-27,ING025,57.45,0.0,8.32,49.13
2026-02-27,ING026,14.09,0.0,0.95,13.14
2026-02-27,ING027,11.2,0.0,0.7,10.5
2026-02-27,ING028,121.58,0.0,4.22,117.36
2026-02-27,ING029,21.49,0.0,3.15,18.34
2026-02-27,ING030,15.95,24.1,12.5,27.55
2026-02-27,ING031,31.37,0.0,9.69,21.68
2026-02-27,ING032,26.06,0.0,8.7,17.36
2026-02-28,ING001,92.23,0.0,7.01,85.22
2026-02-28,ING002,113.14,0.0,4.32,108.82
2026-02-28,ING003,78.62,0.0,2.01,76.61
2026-02-28,ING004,8.47,0.0,0.28,8.19
2026-02-28,ING005,13.25,0.0,0.19,13.06
2026-02-28,ING006,6.9,0.0,0.17,6.73
2026-02-28,ING007,12.09,0.0,0.94,11.15
2026-02-28,ING008,12.04,0.0,0.6,11.44
2026-02-28,ING009,12.76,0.0,1.27,11.49
2026-02-28,ING010,4.33,7.2,1.59,9.94
2026-02-28,ING011,82.14,0.0,8.09,74.05
2026-02-28,ING012,22.18,0.0,2.06,20.12
2026-02-28,ING013,33.1,0.0,3.08,30.02
2026-02-28,ING014,14.72,0.0,0.32,14.4
2026-02-28,ING015,15.0,0.0,0.0,15.0
2026-02-28,ING016,103.06,0.0,5.96,97.1
2026-02-28,ING017,73.4,0.0,3.22,70.18
2026-02-28,ING018,110.9,0.0,1.44,109.46
2026-02-28,ING019,44.64,0.0,1.44,43.2
2026-02-28,ING020,37.24,0.0,1.12,36.12
2026-02-28,ING021,31.5,0.0,1.02,30.48
2026-02-28,ING022,54.87,0.0,0.63,54.24
2026-02-28,ING023,24.6,0.0,0.56,24.04
2026-02-28,ING024,46.25,0.0,0.45,45.8
2026-02-28,ING025,49.13,0.0,2.96,46.17
2026-02-28,ING026,13.14,0.0,0.34,12.8
2026-02-28,ING027,10.5,0.0,0.22,10.28
2026-02-28,ING028,117.36,0.0,1.66,115.7
2026-02-28,ING029,18.34,0.0,1.18,17.16
2026-02-28,ING030,27.55,0.0,5.25,22.3
2026-02-28,ING031,21.68,34.3,4.34,51.64
2026-02-28,ING032,17.36,0.0,1.27,16.09
2026-03-01,ING001,85.22,0.0,8.47,76.75
2026-03-01,ING002,108.82,0.0,4.54,104.28
2026-03-01,ING003,76.61,0.0,2.28,74.33
2026-03-01,ING004,8.19,0.0,0.31,7.88
2026-03-01,ING005,13.06,0.0,0.19,12.87
2026-03-01,ING006,6.73,0.0,0.21,6.52
2026-03-01,ING007,11.15,0.0,0.81,10.34
2026-03-01,ING008,11.44,0.0,0.47,10.97
2026-03-01,ING009,11.49,0.0,1.22,10.27
2026-03-01,ING010,9.94,0.0,1.3,8.64
2026-03-01,ING011,74.05,0.0,6.65,67.4
2026-03-01,ING012,20.12,0.0,2.36,17.76
2026-03-01,ING013,30.02,0.0,4.01,26.01
2026-03-01,ING014,14.4,0.0,0.29,14.11
2026-03-01,ING015,15.0,23.9,9.0,29.9
2026-03-01,ING016,97.1,0.0,5.92,91.18
2026-03-01,ING017,70.18,0.0,3.34,66.84
2026-03-01,ING018,109.46,0.0,2.22,107.24
2026-03-01,ING019,43.2,0.0,2.0,41.2
2026-03-01,ING020,36.12,0.0,0.8,35.32
2026-03-01,ING021,30.48,0.0,1.23,29.25
2026-03-01,ING022,54.24,0.0,0.84,53.4
2026-03-01,ING023,24.04,0.0,0.72,23.32
2026-03-01,ING024,45.8,0.0,0.5,45.3
2026-03-01,ING025,46.17,0.0,3.48,42.69
2026-03-01,ING026,12.8,0.0,0.19,12.61
2026-03-01,ING027,10.28,0.0,0.23,10.05
2026-03-01,ING028,115.7,0.0,1.44,114.26
2026-03-01,ING029,17.16,0.0,1.17,15.99
2026-03-01,ING030,22.3,0.0,5.5,16.8
2026-03-01,ING031,51.64,0.0,3.51,48.13
2026-03-01,ING032,16.09,28.2,2.58,41.71
2026-03-02,ING001,76.75,0.0,20.16,56.59
2026-03-02,ING002,104.28,0.0,11.89,92.39
2026-03-02,ING003,74.33,0.0,6.54,67.79
2026-03-02,ING004,7.88,0.0,0.88,7.0
2026-03-02,ING005,12.87,0.0,0.54,12.33
2026-03-02,ING006,6.52,0.0,0.47,6.05
2026-03-02,ING007,10.34,0.0,2.0,8.34
2026-03-02,ING008,10.97,0.0,0.89,10.08
2026-03-02,ING009,10.27,0.0,2.73,7.54
2026-03-02,ING010,8.64,0.0,3.58,5.06
2026-03-02,ING011,67.4,0.0,22.32,45.08
2026-03-02,ING012,17.76,0.0,7.76,10.0
2026-03-02,ING013,26.01,0.0,11.2,14.81
2026-03-02,ING014,14.11,0.0,1.42,12.69
2026-03-02,ING015,29.9,0.0,22.0,7.9
2026-03-02,ING016,91.18,0.0,15.86,75.32
2026-03-02,ING017,66.84,0.0,8.5,58.34
2026-03-02,ING018,107.24,0.0,4.26,102.98
2026-03-02,ING019,41.2,0.0,4.2,37.0
2026-03-02,ING020,35.32,0.0,3.44,31.88
2026-03-02,ING021,29.25,0.0,3.54,25.71
2026-03-02,ING022,53.4,0.0,2.45,50.95
2026-03-02,ING023,23.32,0.0,0.88,22.44
2026-03-02,ING024,45.3,0.0,1.23,44.07
2026-03-02,ING025,42.69,105.1,7.92,139.87
2026-03-02,ING026,12.61,0.0,0.98,11.63
2026-03-02,ING027,10.05,0.0,0.49,9.56
2026-03-02,ING028,114.26,0.0,4.48,109.78
2026-03-02,ING029,15.99,0.0,3.17,12.82
2026-03-02,ING030,16.8,29.7,13.25,33.25
2026-03-02,ING031,48.13,0.0,9.02,39.11
2026-03-02,ING032,41.71,0.0,6.17,35.54
2026-03-03,ING001,56.59,0.0,20.47,36.12
2026-03-03,ING002,92.39,0.0,11.14,81.25
2026-03-03,ING003,67.79,0.0,6.56,61.23
2026-03-03,ING004,7.0,0.0,0.75,6.25
2026-03-03,ING005,12.33,0.0,0.48,11.85
2026-03-03,ING006,6.05,0.0,0.41,5.64
2026-03-03,ING007,8.34,0.0,2.04,6.3
2026-03-03,ING008,10.08,0.0,1.35,8.73
2026-03-03,ING009,7.54,11.6,2.7,16.44
2026-03-03,ING010,5.06,8.1,3.2,9.96
2026-03-03,ING011,45.08,61.6,25.85,80.83
2026-03-03,ING012,10.0,14.9,7.74,17.16
2026-03-03,ING013,14.81,22.2,11.07,25.94
2026-03-03,ING014,12.69,0.0,1.24,11.45
2026-03-03,ING015,7.9,22.2,21.0,9.1
2026-03-03,ING016,75.32,0.0,14.02,61.3
2026-03-03,ING017,58.34,0.0,6.48,51.86
2026-03-03,ING018,102.98,0.0,4.32,98.66
2026-03-03,ING019,37.0,0.0,5.08,31.92
2026-03-03,ING020,31.88,0.0,2.4,29.48
2026-03-03,ING021,25.71,50.5,2.82,73.39
2026-03-03,ING022,50.95,0.0,1.19,49.76
2026-03-03,ING023,22.44,0.0,1.92,20.52
2026-03-03,ING024,44.07,0.0,1.48,42.59
2026-03-03,ING025,139.87,0.0,8.21,131.66
2026-03-03,ING026,11.63,0.0,1.12,10.51
2026-03-03,ING027,9.56,0.0,0.59,8.97
2026-03-03,ING028,109.78,0.0,4.78,105.0
2026-03-03,ING029,12.82,0.0,3.11,9.71
2026-03-03,ING030,33.25,0.0,17.5,15.75
2026-03-03,ING031,39.11,0.0,5.85,33.26
2026-03-03,ING032,35.54,0.0,7.45,28.09
2026-03-04,ING001,36.12,86.7,19.12,103.7
2026-03-04,ING002,81.25,0.0,10.21,71.04
2026-03-04,ING003,61.23,0.0,5.71,55.52
2026-03-04,ING004,6.25,0.0,0.84,5.41
2026-03-04,ING005,11.85,0.0,0.48,11.37
2026-03-04,ING006,5.64,0.0,0.4,5.24
2026-03-04,ING007,6.3,12.1,2.0,16.4
2026-03-04,ING008,8.73,0.0,1.18,7.55
2026-03-04,ING009,16.44,0.0,2.38,14.06
2026-03-04,ING010,9.96,0.0,3.24,6.72
2026-03-04,ING011,80.83,0.0,20.68,60.15
2026-03-04,ING012,17.16,0.0,6.36,10.8
2026-03-04,ING013,25.94,0.0,10.5,15.44
2026-03-04,ING014,11.45,0.0,1.12,10.33
2026-03-04,ING015,9.1,16.5,27.0,-1.4
2026-03-04,ING016,61.3,151.1,14.4,198.0
2026-03-04,ING017,51.86,0.0,6.0,45.86
2026-03-04,ING018,98.66,0.0,3.12,95.54
2026-03-04,ING019,31.92,69.7,4.8,96.82
2026-03-04,ING020,29.48,0.0,2.72,26.76
2026-03-04,ING021,73.39,0.0,2.72,70.67
2026-03-04,ING022,49.76,0.0,1.75,48.01
2026-03-04,ING023,20.52,0.0,1.44,19.08
2026-03-04,ING024,42.59,0.0,1.4,41.19
2026-03-04,ING025,131.66,0.0,7.66,124.0
2026-03-04,ING026,10.51,0.0,0.76,9.75
2026-03-04,ING027,8.97,0.0,0.56,8.41
2026-03-04,ING028,105.0,0.0,4.21,100.79
2026-03-04,ING029,9.71,23.4,2.86,30.25
2026-03-04,ING030,15.75,26.0,14.25,27.5
2026-03-04,ING031,33.26,0.0,7.85,25.41
2026-03-04,ING032,28.09,0.0,6.7,21.39
2026-03-05,ING001,103.7,0.0,23.64,80.06
2026-03-05,ING002,71.04,0.0,11.15,59.89
2026-03-05,ING003,55.52,0.0,6.89,48.63
2026-03-05,ING004,5.41,11.7,1.08,16.03
2026-03-05,ING005,11.37,0.0,0.54,10.83
2026-03-05,ING006,5.24,0.0,0.35,4.89
2026-03-05,ING007,16.4,0.0,2.34,14.06
2026-03-05,ING008,7.55,14.9,1.42,21.03
2026-03-05,ING009,14.06,0.0,1.94,12.12
2026-03-05,ING010,6.72,8.7,3.66,11.76
2026-03-05,ING011,60.15,0.0,23.5,36.65
2026-03-05,ING012,10.8,14.7,7.78,17.72
2026-03-05,ING013,15.44,19.7,12.14,23.0
2026-03-05,ING014,10.33,0.0,1.4,8.93
2026-03-05,ING015,0.0,17.8,14.0,3.8
2026-03-05,ING016,198.0,0.0,18.62,179.38
2026-03-05,ING017,45.86,0.0,3.26,42.6
2026-03-05,ING018,95.54,0.0,5.46,90.08
2026-03-05,ING019,96.82,0.0,5.36,91.46
2026-03-05,ING020,26.76,0.0,3.28,23.48
2026-03-05,ING021,70.67,0.0,4.36,66.31
2026-03-05,ING022,48.01,0.0,1.75,46.26
2026-03-05,ING023,19.08,47.6,1.2,65.48
2026-03-05,ING024,41.19,0.0,1.53,39.66
2026-03-05,ING025,124.0,0.0,9.26,114.74
2026-03-05,ING026,9.75,0.0,0.95,8.8
2026-03-05,ING027,8.41,0.0,0.56,7.85
2026-03-05,ING028,100.79,0.0,4.79,96.0
2026-03-05,ING029,30.25,0.0,3.3,26.95
2026-03-05,ING030,27.5,25.2,13.75,38.95
2026-03-05,ING031,25.41,32.9,10.35,47.96
2026-03-05,ING032,21.39,27.9,10.08,39.21
2026-03-06,ING001,80.06,0.0,16.44,63.62
2026-03-06,ING002,59.89,0.0,9.4,50.49
2026-03-06,ING003,48.63,0.0,5.36,43.27
2026-03-06,ING004,16.03,0.0,0.79,15.24
2026-03-06,ING005,10.83,0.0,0.46,10.37
2026-03-06,ING006,4.89,0.0,0.39,4.5
2026-03-06,ING007,14.06,0.0,1.99,12.07
2026-03-06,ING008,21.03,0.0,1.12,19.91
2026-03-06,ING009,12.12,0.0,2.01,10.11
2026-03-06,ING010,11.76,0.0,2.26,9.5
2026-03-06,ING011,36.65,58.3,23.71,71.24
2026-03-06,ING012,17.72,0.0,4.98,12.74
2026-03-06,ING013,23.0,0.0,10.77,12.23
2026-03-06,ING014,8.93,0.0,0.94,7.99
2026-03-06,ING015,3.8,19.1,13.0,9.9
2026-03-06,ING016,179.38,0.0,15.6,163.78
2026-03-06,ING017,42.6,0.0,4.68,37.92
2026-03-06,ING018,90.08,0.0,4.38,85.7
2026-03-06,ING019,91.46,0.0,4.44,87.02
2026-03-06,ING020,23.48,0.0,2.48,21.0
2026-03-06,ING021,66.31,0.0,2.92,63.39
2026-03-06,ING022,46.26,0.0,2.31,43.95
2026-03-06,ING023,65.48,0.0,1.2,64.28
2026-03-06,ING024,39.66,0.0,0.35,39.31
2026-03-06,ING025,114.74,0.0,7.13,107.61
2026-03-06,ING026,8.8,0.0,0.97,7.83
2026-03-06,ING027,7.85,0.0,0.61,7.24
2026-03-06,ING028,96.0,0.0,4.12,91.88
2026-03-06,ING029,26.95,0.0,2.51,24.44
2026-03-06,ING030,38.95,0.0,6.75,32.2
2026-03-06,ING031,47.96,0.0,6.01,41.95
2026-03-06,ING032,39.21,0.0,6.0,33.21
2026-03-07,ING001,63.62,0.0,5.1,58.52
2026-03-07,ING002,50.49,0.0,2.95,47.54
2026-03-07,ING003,43.27,0.0,1.7,41.57
2026-03-07,ING004,15.24,0.0,0.2,15.04
2026-03-07,ING005,10.37,0.0,0.14,10.23
2026-03-07,ING006,4.5,0.0,0.08,4.42
2026-03-07,ING007,12.07,0.0,0.54,11.53
2026-03-07,ING008,19.91,0.0,0.38,19.53
2026-03-07,ING009,10.11,0.0,0.66,9.45
2026-03-07,ING010,9.5,0.0,1.01,8.49
2026-03-07,ING011,71.24,0.0,5.21,66.03
2026-03-07,ING012,12.74,0.0,1.3,11.44
2026-03-07,ING013,12.23,18.6,2.24,28.59
2026-03-07,ING014,7.99,0.0,0.28,7.71
2026-03-07,ING015,9.9,20.0,5.0,24.9
2026-03-07,ING016,163.78,0.0,5.04,158.74
2026-03-07,ING017,37.92,0.0,1.46,36.46
2026-03-07,ING018,85.7,0.0,1.14,84.56
2026-03-07,ING019,87.02,0.0,0.88,86.14
2026-03-07,ING020,21.0,0.0,0.88,20.12
2026-03-07,ING021,63.39,0.0,1.09,62.3
2026-03-07,ING022,43.95,0.0,0.56,43.39
2026-03-07,ING023,64.28,0.0,0.32,63.96
2026-03-07,ING024,39.31,0.0,0.33,38.98
2026-03-07,ING025,107.61,0.0,2.06,105.55
2026-03-07,ING026,7.83,0.0,0.22,7.61
2026-03-07,ING027,7.24,0.0,0.14,7.1
2026-03-07,ING028,91.88,0.0,1.06,90.82
2026-03-07,ING029,24.44,0.0,0.75,23.69
2026-03-07,ING030,32.2,0.0,3.75,28.45
2026-03-07,ING031,41.95,0.0,2.84,39.11
2026-03-07,ING032,33.21,0.0,1.7,31.51
2026-03-08,ING001,58.52,0.0,7.09,51.43
2026-03-08,ING002,47.54,0.0,3.3,44.24
2026-03-08,ING003,41.57,0.0,1.79,39.78
2026-03-08,ING004,15.04,0.0,0.35,14.69
2026-03-08,ING005,10.23,0.0,0.15,10.08
2026-03-08,ING006,4.42,0.0,0.15,4.27
2026-03-08,ING007,11.53,0.0,0.85,10.68
2026-03-08,ING008,19.53,0.0,0.51,19.02
2026-03-08,ING009,9.45,0.0,0.82,8.63
2026-03-08,ING010,8.49,0.0,1.21,7.28
2026-03-08,ING011,66.03,0.0,7.45,58.58
2026-03-08,ING012,11.44,15.1,2.12,24.42
2026-03-08,ING013,28.59,0.0,2.74,25.85
2026-03-08,ING014,7.71,0.0,0.33,7.38
2026-03-08,ING015,24.9,0.0,6.0,18.9
2026-03-08,ING016,158.74,0.0,4.92,153.82
2026-03-08,ING017,36.46,0.0,1.66,34.8
2026-03-08,ING018,84.56,0.0,1.44,83.12
2026-03-08,ING019,86.14,0.0,1.64,84.5
2026-03-08,ING020,20.12,0.0,0.88,19.24
2026-03-08,ING021,62.3,0.0,1.08,61.22
2026-03-08,ING022,43.39,0.0,0.7,42.69
2026-03-08,ING023,63.96,0.0,0.24,63.72
2026-03-08,ING024,38.98,0.0,0.3,38.68
2026-03-08,ING025,105.55,0.0,2.88,102.67
2026-03-08,ING026,7.61,0.0,0.36,7.25
2026-03-08,ING027,7.1,0.0,0.15,6.95
2026-03-08,ING028,90.82,0.0,1.48,89.34
2026-03-08,ING029,23.69,0.0,1.08,22.61
2026-03-08,ING030,28.45,0.0,5.0,23.45
2026-03-08,ING031,39.11,0.0,3.51,35.6
2026-03-08,ING032,31.51,0.0,3.14,28.37
2026-03-09,ING001,51.43,89.3,23.35,117.38
2026-03-09,ING002,44.24,0.0,13.31,30.93
2026-03-09,ING003,39.78,0.0,7.85,31.93
2026-03-09,ING004,14.69,0.0,0.96,13.73
2026-03-09,ING005,10.08,0.0,0.62,9.46
2026-03-09,ING006,4.27,0.0,0.46,3.81
2026-03-09,ING007,10.68,0.0,2.94,7.74
2026-03-09,ING008,19.02,0.0,1.94,17.08
2026-03-09,ING009,8.63,13.1,3.16,18.57
2026-03-09,ING010,7.28,0.0,3.2,4.08
2026-03-09,ING011,58.58,0.0,20.8,37.78
2026-03-09,ING012,24.42,0.0,7.32,17.1
2026-03-09,ING013,25.85,0.0,13.17,12.68
2026-03-09,ING014,7.38,0.0,1.29,6.09
2026-03-09,ING015,18.9,21.6,24.0,16.5
2026-03-09,ING016,153.82,0.0,19.94,133.88
2026-03-09,ING017,34.8,63.2,6.48,91.52
2026-03-09,ING018,83.12,0.0,5.34,77.78
2026-03-09,ING019,84.5,0.0,5.92,78.58
2026-03-09,ING020,19.24,46.1,2.8,62.54
2026-03-09,ING021,61.22,0.0,4.01,57.21
2026-03-09,ING022,42.69,0.0,3.01,39.68
2026-03-09,ING023,63.72,0.0,2.08,61.64
2026-03-09,ING024,38.68,0.0,0.88,37.8
2026-03-09,ING025,102.67,0.0,10.11,92.56
2026-03-09,ING026,7.25,23.1,0.9,29.45
2026-03-09,ING027,6.95,0.0,0.42,6.53
2026-03-09,ING028,89.34,0.0,4.43,84.91
2026-03-09,ING029,22.61,0.0,3.56,19.05
2026-03-09,ING030,23.45,24.8,20.75,27.5
2026-03-09,ING031,35.6,0.0,9.35,26.25
2026-03-09,ING032,28.37,0.0,8.74,19.63
2026-03-10,ING001,117.38,0.0,24.77,92.61
2026-03-10,ING002,30.93,63.8,12.9,81.83
2026-03-10,ING003,31.93,0.0,6.12,25.81
2026-03-10,ING004,13.73,0.0,1.11,12.62
2026-03-10,ING005,9.46,0.0,0.55,8.91
2026-03-10,ING006,3.81,6.8,0.54,10.07
2026-03-10,ING007,7.74,13.5,2.78,18.46
2026-03-10,ING008,17.08,0.0,1.62,15.46
2026-03-10,ING009,18.57,0.0,3.4,15.17
2026-03-10,ING010,4.08,7.0,2.25,8.83
2026-03-10,ING011,37.78,59.1,18.8,78.08
2026-03-10,ING012,17.1,0.0,6.7,10.4
2026-03-10,ING013,12.68,24.0,13.77,22.91
2026-03-10,ING014,6.09,18.4,0.97,23.52
2026-03-10,ING015,16.5,18.7,13.0,22.2
2026-03-10,ING016,133.88,0.0,18.34,115.54
2026-03-10,ING017,91.52,0.0,8.48,83.04
2026-03-10,ING018,77.78,0.0,6.36,71.42
2026-03-10,ING019,78.58,0.0,4.88,73.7
2026-03-10,ING020,62.54,0.0,4.0,58.54
2026-03-10,ING021,57.21,0.0,3.9,53.31
2026-03-10,ING022,39.68,0.0,2.1,37.58
2026-03-10,ING023,61.64,0.0,1.28,60.36
2026-03-10,ING024,37.8,0.0,0.98,36.82
2026-03-10,ING025,92.56,0.0,10.18,82.38
2026-03-10,ING026,29.45,0.0,0.62,28.83
2026-03-10,ING027,6.53,0.0,0.54,5.99
2026-03-10,ING028,84.91,0.0,3.68,81.23
2026-03-10,ING029,19.05,0.0,3.36,15.69
2026-03-10,ING030,27.5,0.0,13.0,14.5
2026-03-10,ING031,26.25,36.7,13.36,49.59
2026-03-10,ING032,19.63,29.5,9.43,39.7
2026-03-11,ING001,92.61,0.0,19.26,73.35
2026-03-11,ING002,81.83,0.0,10.28,71.55
2026-03-11,ING003,25.81,54.4,5.25,74.96
2026-03-11,ING004,12.62,0.0,0.9,11.72
2026-03-11,ING005,8.91,0.0,0.54,8.37
2026-03-11,ING006,10.07,0.0,0.45,9.62
2026-03-11,ING007,18.46,0.0,1.81,16.65
2026-03-11,ING008,15.46,0.0,1.59,13.87
2026-03-11,ING009,15.17,0.0,2.64,12.53
2026-03-11,ING010,8.83,0.0,3.52,5.31
2026-03-11,ING011,78.08,0.0,23.01,55.07
2026-03-11,ING012,10.4,17.5,4.2,23.7
2026-03-11,ING013,22.91,0.0,9.06,13.85
2026-03-11,ING014,23.52,0.0,0.79,22.73
2026-03-11,ING015,22.2,19.4,17.0,24.6
2026-03-11,ING016,115.54,0.0,13.82,101.72
2026-03-11,ING017,83.04,0.0,5.04,78.0
2026-03-11,ING018,71.42,0.0,2.28,69.14
2026-03-11,ING019,73.7,0.0,5.12,68.58
2026-03-11,ING020,58.54,0.0,3.76,54.78
2026-03-11,ING021,53.31,0.0,2.07,51.24
2026-03-11,ING022,37.58,0.0,2.31,35.27
2026-03-11,ING023,60.36,0.0,1.92,58.44
2026-03-11,ING024,36.82,0.0,1.0,35.82
2026-03-11,ING025,82.38,0.0,8.38,74.0
2026-03-11,ING026,28.83,0.0,1.08,27.75
2026-03-11,ING027,5.99,0.0,0.47,5.52
2026-03-11,ING028,81.23,0.0,4.52,76.71
2026-03-11,ING029,15.69,0.0,3.15,12.54
2026-03-11,ING030,14.5,23.8,12.25,26.05
2026-03-11,ING031,49.59,0.0,9.02,40.57
2026-03-11,ING032,39.7,0.0,7.91,31.79
2026-03-12,ING001,73.35,0.0,21.08,52.27
2026-03-12,ING002,71.55,0.0,11.93,59.62
2026-03-12,ING003,74.96,0.0,6.47,68.49
2026-03-12,ING004,11.72,0.0,0.78,10.94
2026-03-12,ING005,8.37,0.0,0.45,7.92
2026-03-12,ING006,9.62,0.0,0.48,9.14
2026-03-12,ING007,16.65,0.0,2.18,14.47
2026-03-12,ING008,13.87,0.0,1.4,12.47
2026-03-12,ING009,12.53,0.0,3.14,9.39
2026-03-12,ING010,5.31,8.7,2.2,11.81
2026-03-12,ING011,55.07,0.0,18.33,36.74
2026-03-12,ING012,23.7,0.0,5.7,18.0
2026-03-12,ING013,13.85,24.4,10.03,28.22
2026-03-12,ING014,22.73,0.0,1.05,21.68
2026-03-12,ING015,24.6,15.8,27.0,13.4
2026-03-12,ING016,101.72,0.0,17.34,84.38
2026-03-12,ING017,78.0,0.0,8.22,69.78
2026-03-12,ING018,69.14,0.0,4.44,64.7
2026-03-12,ING019,68.58,0.0,5.08,63.5
2026-03-12,ING020,54.78,0.0,2.4,52.38
2026-03-12,ING021,51.24,0.0,3.62,47.62
2026-03-12,ING022,35.27,0.0,2.38,32.89
2026-03-12,ING023,58.44,0.0,1.76,56.68
2026-03-12,ING024,35.82,0.0,1.15,34.67
2026-03-12,ING025,74.0,0.0,8.66,65.34
2026-03-12,ING026,27.75,0.0,0.78,26.97
2026-03-12,ING027,5.52,0.0,0.44,5.08
2026-03-12,ING028,76.71,0.0,3.43,73.28
2026-03-12,ING029,12.54,28.0,3.01,37.53
2026-03-12,ING030,26.05,24.3,17.75,32.6
2026-03-12,ING031,40.57,0.0,5.85,34.72
2026-03-12,ING032,31.79,0.0,7.5,24.29
2026-03-13,ING001,52.27,75.3,21.2,106.37
2026-03-13,ING002,59.62,0.0,11.05,48.57
2026-03-13,ING003,68.49,0.0,5.62,62.87
2026-03-13,ING004,10.94,0.0,1.0,9.94
2026-03-13,ING005,7.92,0.0,0.53,7.39
2026-03-13,ING006,9.14,0.0,0.55,8.59
2026-03-13,ING007,14.47,0.0,1.87,12.6
2026-03-13,ING008,12.47,0.0,0.75,11.72
2026-03-13,ING009,9.39,0.0,2.51,6.88
2026-03-13,ING010,11.81,0.0,3.39,8.42
2026-03-13,ING011,36.74,47.0,22.38,61.36
2026-03-13,ING012,18.0,0.0,5.84,12.16
2026-03-13,ING013,28.22,0.0,8.59,19.63
2026-03-13,ING014,21.68,0.0,1.04,20.64
2026-03-13,ING015,13.4,22.3,12.0,23.7
2026-03-13,ING016,84.38,0.0,15.32,69.06
2026-03-13,ING017,69.78,0.0,7.96,61.82
2026-03-13,ING018,64.7,0.0,4.08,60.62
2026-03-13,ING019,63.5,0.0,4.64,58.86
2026-03-13,ING020,52.38,0.0,3.12,49.26
2026-03-13,ING021,47.62,0.0,3.36,44.26
2026-03-13,ING022,32.89,0.0,1.96,30.93
2026-03-13,ING023,56.68,0.0,0.88,55.8
2026-03-13,ING024,34.67,0.0,1.23,33.44
2026-03-13,ING025,65.34,0.0,8.11,57.23
2026-03-13,ING026,26.97,0.0,0.94,26.03
2026-03-13,ING027,5.08,14.8,0.58,19.3
2026-03-13,ING028,73.28,0.0,4.18,69.1
2026-03-13,ING029,37.53,0.0,3.13,34.4
2026-03-13,ING030,32.6,0.0,11.75,20.85
2026-03-13,ING031,34.72,0.0,12.69,22.03
2026-03-13,ING032,24.29,0.0,4.5,19.79
2026-03-14,ING001,106.37,0.0,7.36,99.01
2026-03-14,ING002,48.57,0.0,3.75,44.82
2026-03-14,ING003,62.87,0.0,2.02,60.85
2026-03-14,ING004,9.94,0.0,0.31,9.63
2026-03-14,ING005,7.39,0.0,0.19,7.2
2026-03-14,ING006,8.59,0.0,0.14,8.45
2026-03-14,ING007,12.6,0.0,0.71,11.89
2026-03-14,ING008,11.72,0.0,0.47,11.25
2026-03-14,ING009,6.88,10.5,0.93,16.45
2026-03-14,ING010,8.42,0.0,1.04,7.38
2026-03-14,ING011,61.36,0.0,7.79,53.57
2026-03-14,ING012,12.16,14.8,2.58,24.38
2026-03-14,ING013,19.63,0.0,4.29,15.34
2026-03-14,ING014,20.64,0.0,0.43,20.21
2026-03-14,ING015,23.7,0.0,8.0,15.7
2026-03-14,ING016,69.06,0.0,4.64,64.42
2026-03-14,ING017,61.82,0.0,2.16,59.66
2026-03-14,ING018,60.62,0.0,1.38,59.24
2026-03-14,ING019,58.86,0.0,1.28,57.58
2026-03-14,ING020,49.26,0.0,1.12,48.14
2026-03-14,ING021,44.26,0.0,0.96,43.3
2026-03-14,ING022,30.93,0.0,0.56,30.37
2026-03-14,ING023,55.8,0.0,0.32,55.48
2026-03-14,ING024,33.44,0.0,0.4,33.04
2026-03-14,ING025,57.23,0.0,2.87,54.36
2026-03-14,ING026,26.03,0.0,0.38,25.65
2026-03-14,ING027,19.3,0.0,0.13,19.17
2026-03-14,ING028,69.1,0.0,1.57,67.53
2026-03-14,ING029,34.4,0.0,1.12,33.28
2026-03-14,ING030,20.85,0.0,5.75,15.1
2026-03-14,ING031,22.03,37.1,4.18,54.95
2026-03-14,ING032,19.79,0.0,2.75,17.04
2026-03-15,ING001,99.01,0.0,4.45,94.56
2026-03-15,ING002,44.82,0.0,2.69,42.13
2026-03-15,ING003,60.85,0.0,1.44,59.41
2026-03-15,ING004,9.63,0.0,0.18,9.45
2026-03-15,ING005,7.2,0.0,0.11,7.09
2026-03-15,ING006,8.45,0.0,0.11,8.34
2026-03-15,ING007,11.89,0.0,0.51,11.38
2026-03-15,ING008,11.25,0.0,0.31,10.94
2026-03-15,ING009,16.45,0.0,0.64,15.81
2026-03-15,ING010,7.38,0.0,0.88,6.5
2026-03-15,ING011,53.57,0.0,4.49,49.08
2026-03-15,ING012,24.38,0.0,1.22,23.16
2026-03-15,ING013,15.34,0.0,2.2,13.14
2026-03-15,ING014,20.21,0.0,0.25,19.96
2026-03-15,ING015,15.7,0.0,4.0,11.7
2026-03-15,ING016,64.42,0.0,4.26,60.16
2026-03-15,ING017,59.66,0.0,1.6,58.06
2026-03-15,ING018,59.24,0.0,0.9,58.34
2026-03-15,ING019,57.58,0.0,1.08,56.5
2026-03-15,ING020,48.14,0.0,0.64,47.5
2026-03-15,ING021,43.3,0.0,0.83,42.47
2026-03-15,ING022,30.37,0.0,0.63,29.74
2026-03-15,ING023,55.48,0.0,0.24,55.24
2026-03-15,ING024,33.04,0.0,0.28,32.76
2026-03-15,ING025,54.36,0.0,1.81,52.55
2026-03-15,ING026,25.65,0.0,0.18,25.47
2026-03-15,ING027,19.17,0.0,0.12,19.05
2026-03-15,ING028,67.53,0.0,0.96,66.57
2026-03-15,ING029,33.28,0.0,0.7,32.58
2026-03-15,ING030,15.1,22.9,3.75,34.25
2026-03-15,ING031,54.95,0.0,1.67,53.28
2026-03-15,ING032,17.04,0.0,0.61,16.43
2026-03-16,ING001,94.56,0.0,23.1,71.46
2026-03-16,ING002,42.13,92.6,12.39,122.34
2026-03-16,ING003,59.41,0.0,6.99,52.42
2026-03-16,ING004,9.45,0.0,1.04,8.41
2026-03-16,ING005,7.09,0.0,0.71,6.38
2026-03-16,ING006,8.34,0.0,0.39,7.95
2026-03-16,ING007,11.38,0.0,2.72,8.66
2026-03-16,ING008,10.94,0.0,1.94,9.0
2026-03-16,ING009,15.81,0.0,3.08,12.73
2026-03-16,ING010,6.5,8.3,3.98,10.82
2026-03-16,ING011,49.08,60.1,26.43,82.75
2026-03-16,ING012,23.16,0.0,6.56,16.6
2026-03-16,ING013,13.14,18.1,10.38,20.86
2026-03-16,ING014,19.96,0.0,1.07,18.89
2026-03-16,ING015,11.7,15.1,22.0,4.8
2026-03-16,ING016,60.16,148.4,19.0,189.56
2026-03-16,ING017,58.06,0.0,6.22,51.84
2026-03-16,ING018,58.34,0.0,4.08,54.26
2026-03-16,ING019,56.5,0.0,5.52,50.98
2026-03-16,ING020,47.5,0.0,3.44,44.06
2026-03-16,ING021,42.47,0.0,3.06,39.41
2026-03-16,ING022,29.74,0.0,3.5,26.24
2026-03-16,ING023,55.24,0.0,2.08,53.16
2026-03-16,ING024,32.76,0.0,1.23,31.53
2026-03-16,ING025,52.55,0.0,9.88,42.67
2026-03-16,ING026,25.47,0.0,1.12,24.35
2026-03-16,ING027,19.05,0.0,0.66,18.39
2026-03-16,ING028,66.57,0.0,5.12,61.45
2026-03-16,ING029,32.58,0.0,3.56,29.02
2026-03-16,ING030,34.25,0.0,15.75,18.5
2026-03-16,ING031,53.28,0.0,13.86,39.42
2026-03-16,ING032,16.43,28.9,8.81,36.52
2026-03-17,ING001,71.46,0.0,20.78,50.68
2026-03-17,ING002,122.34,0.0,12.05,110.29
2026-03-17,ING003,52.42,0.0,6.36,46.06
2026-03-17,ING004,8.41,0.0,0.83,7.58
2026-03-17,ING005,6.38,13.1,0.49,18.99
2026-03-17,ING006,7.95,0.0,0.45,7.5
2026-03-17,ING007,8.66,0.0,2.35,6.31
2026-03-17,ING008,9.0,0.0,1.47,7.53
2026-03-17,ING009,12.73,0.0,2.98,9.75
2026-03-17,ING010,10.82,0.0,3.81,7.01
2026-03-17,ING011,82.75,0.0,22.23,60.52
2026-03-17,ING012,16.6,0.0,6.46,10.14
2026-03-17,ING013,20.86,0.0,8.32,12.54
2026-03-17,ING014,18.89,0.0,1.14,17.75
2026-03-17,ING015,4.8,16.4,24.0,-2.8
2026-03-17,ING016,189.56,0.0,17.88,171.68
2026-03-17,ING017,51.84,0.0,7.28,44.56
2026-03-17,ING018,54.26,0.0,4.62,49.64
2026-03-17,ING019,50.98,0.0,4.08,46.9
2026-03-17,ING020,44.06,0.0,3.28,40.78
2026-03-17,ING021,39.41,0.0,3.5,35.91
2026-03-17,ING022,26.24,0.0,2.52,23.72
2026-03-17,ING023,53.16,0.0,0.96,52.2
2026-03-17,ING024,31.53,0.0,1.18,30.35
2026-03-17,ING025,42.67,103.2,8.51,137.36
2026-03-17,ING026,24.35,0.0,0.89,23.46
2026-03-17,ING027,18.39,0.0,0.62,17.77
2026-03-17,ING028,61.45,0.0,4.29,57.16
2026-03-17,ING029,29.02,0.0,3.16,25.86
2026-03-17,ING030,18.5,28.9,16.25,31.15
2026-03-17,ING031,39.42,0.0,8.02,31.4
2026-03-17,ING032,36.52,0.0,6.8,29.72
2026-03-18,ING001,50.68,73.8,19.16,105.32
2026-03-18,ING002,110.29,0.0,10.84,99.45
2026-03-18,ING003,46.06,0.0,6.44,39.62
2026-03-18,ING004,7.58,0.0,0.87,6.71
2026-03-18,ING005,18.99,0.0,0.5,18.49
2026-03-18,ING006,7.5,0.0,0.43,7.07
2026-03-18,ING007,6.31,14.4,1.75,18.96
2026-03-18,ING008,7.53,16.7,1.12,23.11
2026-03-18,ING009,9.75,0.0,2.42,7.33
2026-03-18,ING010,7.01,6.3,3.52,9.79
2026-03-18,ING011,60.52,0.0,21.06,39.46
2026-03-18,ING012,10.14,15.1,5.72,19.52
2026-03-18,ING013,12.54,22.9,9.77,25.67
2026-03-18,ING014,17.75,0.0,1.17,16.58
2026-03-18,ING015,0.0,16.8,23.0,-6.2
2026-03-18,ING016,171.68,0.0,16.46,155.22
2026-03-18,ING017,44.56,0.0,6.28,38.28
2026-03-18,ING018,49.64,0.0,3.54,46.1
2026-03-18,ING019,46.9,0.0,4.68,42.22
2026-03-18,ING020,40.78,0.0,3.36,37.42
2026-03-18,ING021,35.91,0.0,3.6,32.31
2026-03-18,ING022,23.72,0.0,2.45,21.27
2026-03-18,ING023,52.2,0.0,1.2,51.0
2026-03-18,ING024,30.35,0.0,1.15,29.2
2026-03-18,ING025,137.36,0.0,7.71,129.65
2026-03-18,ING026,23.46,0.0,1.02,22.44
2026-03-18,ING027,17.77,0.0,0.39,17.38
2026-03-18,ING028,57.16,0.0,4.24,52.92
2026-03-18,ING029,25.86,0.0,2.95,22.91
2026-03-18,ING030,31.15,0.0,12.25,18.9
2026-03-18,ING031,31.4,0.0,7.01,24.39
2026-03-18,ING032,29.72,0.0,6.95,22.77
2026-03-19,ING001,105.32,0.0,25.21,80.11
2026-03-19,ING002,99.45,0.0,13.22,86.23
2026-03-19,ING003,39.62,0.0,6.87,32.75
2026-03-19,ING004,6.71,0.0,1.08,5.63
2026-03-19,ING005,18.49,0.0,0.56,17.93
2026-03-19,ING006,7.07,0.0,0.48,6.59
2026-03-19,ING007,18.96,0.0,2.71,16.25
2026-03-19,ING008,23.11,0.0,1.43,21.68
2026-03-19,ING009,7.33,13.7,3.06,17.97
2026-03-19,ING010,9.79,0.0,1.89,7.9
2026-03-19,ING011,39.46,46.4,24.79,61.07
2026-03-19,ING012,19.52,0.0,7.24,12.28
2026-03-19,ING013,25.67,0.0,11.0,14.67
2026-03-19,ING014,16.58,0.0,1.27,15.31
2026-03-19,ING015,0.0,15.8,31.0,-15.2
2026-03-19,ING016,155.22,0.0,19.36,135.86
2026-03-19,ING017,38.28,0.0,8.0,30.28
2026-03-19,ING018,46.1,137.4,5.28,178.22
2026-03-19,ING019,42.22,0.0,5.76,36.46
2026-03-19,ING020,37.42,0.0,3.52,33.9
2026-03-19,ING021,32.31,0.0,4.34,27.97
2026-03-19,ING022,21.27,0.0,1.89,19.38
2026-03-19,ING023,51.0,0.0,2.08,48.92
2026-03-19,ING024,29.2,0.0,1.62,27.58
2026-03-19,ING025,129.65,0.0,10.19,119.46
2026-03-19,ING026,22.44,0.0,0.98,21.46
2026-03-19,ING027,17.38,0.0,0.68,16.7
2026-03-19,ING028,52.92,0.0,4.06,48.86
2026-03-19,ING029,22.91,0.0,3.54,19.37
2026-03-19,ING030,18.9,21.6,17.75,22.75
2026-03-19,ING031,24.39,42.4,12.19,54.6
2026-03-19,ING032,22.77,23.6,9.85,36.52
2026-03-20,ING001,80.11,0.0,20.39,59.72
2026-03-20,ING002,86.23,0.0,10.35,75.88
2026-03-20,ING003,32.75,0.0,5.04,27.71
2026-03-20,ING004,5.63,0.0,0.8,4.83
2026-03-20,ING005,17.93,0.0,0.4,17.53
2026-03-20,ING006,6.59,0.0,0.43,6.16
2026-03-20,ING007,16.25,0.0,2.5,13.75
2026-03-20,ING008,21.68,0.0,1.3,20.38
2026-03-20,ING009,17.97,0.0,2.76,15.21
2026-03-20,ING010,7.9,0.0,3.34,4.56
2026-03-20,ING011,61.07,0.0,17.77,43.3
2026-03-20,ING012,12.28,14.7,6.98,20.0
2026-03-20,ING013,14.67,18.6,5.89,27.38
2026-03-20,ING014,15.31,0.0,1.04,14.27
2026-03-20,ING015,0.0,17.9,23.0,-5.1
2026-03-20,ING016,135.86,0.0,13.52,122.34
2026-03-20,ING017,30.28,82.4,7.06,105.62
2026-03-20,ING018,178.22,0.0,5.88,172.34
2026-03-20,ING019,36.46,0.0,4.04,32.42
2026-03-20,ING020,33.9,0.0,2.32,31.58
2026-03-20,ING021,27.97,0.0,2.96,25.01
2026-03-20,ING022,19.38,0.0,1.19,18.19
2026-03-20,ING023,48.92,0.0,0.88,48.04
2026-03-20,ING024,27.58,0.0,0.45,27.13
2026-03-20,ING025,119.46,0.0,8.01,111.45
2026-03-20,ING026,21.46,0.0,0.76,20.7
2026-03-20,ING027,16.7,0.0,0.48,16.22
2026-03-20,ING028,48.86,0.0,3.41,45.45
2026-03-20,ING029,19.37,0.0,2.74,16.63
2026-03-20,ING030,22.75,25.6,16.0,32.35
2026-03-20,ING031,54.6,0.0,9.52,45.08
2026-03-20,ING032,36.52,0.0,5.35,31.17
2026-03-21,ING001,59.72,0.0,6.4,53.32
2026-03-21,ING002,75.88,0.0,3.32,72.56
2026-03-21,ING003,27.71,0.0,1.95,25.76
2026-03-21,ING004,4.83,8.8,0.23,13.4
2026-03-21,ING005,17.53,0.0,0.12,17.41
2026-03-21,ING006,6.16,0.0,0.11,6.05
2026-03-21,ING007,13.75,0.0,0.61,13.14
2026-03-21,ING008,20.38,0.0,0.44,19.94
2026-03-21,ING009,15.21,0.0,0.77,14.44
2026-03-21,ING010,4.56,0.0,0.82,3.74
2026-03-21,ING011,43.3,0.0,7.25,36.05
2026-03-21,ING012,20.0,0.0,1.62,18.38
2026-03-21,ING013,27.38,0.0,2.87,24.51
2026-03-21,ING014,14.27,0.0,0.3,13.97
2026-03-21,ING015,0.0,23.9,9.0,14.9
2026-03-21,ING016,122.34,0.0,6.16,116.18
2026-03-21,ING017,105.62,0.0,1.68,103.94
2026-03-21,ING018,172.34,0.0,1.62,170.72
2026-03-21,ING019,32.42,0.0,1.12,31.3
2026-03-21,ING020,31.58,0.0,0.56,31.02
2026-03-21,ING021,25.01,68.2,1.41,91.8
2026-03-21,ING022,18.19,41.7,0.63,59.26
2026-03-21,ING023,48.04,0.0,0.24,47.8
2026-03-21,ING024,27.13,0.0,0.53,26.6
2026-03-21,ING025,111.45,0.0,2.5,108.95
2026-03-21,ING026,20.7,0.0,0.35,20.35
2026-03-21,ING027,16.22,0.0,0.15,16.07
2026-03-21,ING028,45.45,0.0,1.28,44.17
2026-03-21,ING029,16.63,0.0,0.91,15.72
2026-03-21,ING030,32.35,0.0,4.5,27.85
2026-03-21,ING031,45.08,0.0,2.0,43.08
2026-03-21,ING032,31.17,0.0,2.77,28.4
2026-03-22,ING001,53.32,0.0,4.91,48.41
2026-03-22,ING002,72.56,0.0,3.23,69.33
2026-03-22,ING003,25.76,45.8,1.78,69.78
2026-03-22,ING004,13.4,0.0,0.2,13.2
2026-03-22,ING005,17.41,0.0,0.15,17.26
2026-03-22,ING006,6.05,0.0,0.13,5.92
2026-03-22,ING007,13.14,0.0,0.57,12.57
2026-03-22,ING008,19.94,0.0,0.36,19.58
2026-03-22,ING009,14.44,0.0,0.85,13.59
2026-03-22,ING010,3.74,8.0,0.69,11.05
2026-03-22,ING011,36.05,60.1,6.36,89.79
2026-03-22,ING012,18.38,0.0,1.6,16.78
2026-03-22,ING013,24.51,0.0,3.35,21.16
2026-03-22,ING014,13.97,0.0,0.32,13.65
2026-03-22,ING015,14.9,15.6,8.0,22.5
2026-03-22,ING016,116.18,0.0,4.22,111.96
2026-03-22,ING017,103.94,0.0,2.3,101.64
2026-03-22,ING018,170.72,0.0,0.96,169.76
2026-03-22,ING019,31.3,0.0,1.28,30.02
2026-03-22,ING020,31.02,0.0,0.72,30.3
2026-03-22,ING021,91.8,0.0,0.84,90.96
2026-03-22,ING022,59.26,0.0,0.7,58.56
2026-03-22,ING023,47.8,0.0,0.56,47.24
2026-03-22,ING024,26.6,0.0,0.18,26.42
2026-03-22,ING025,108.95,0.0,2.19,106.76
2026-03-22,ING026,20.35,0.0,0.22,20.13
2026-03-22,ING027,16.07,0.0,0.18,15.89
2026-03-22,ING028,44.17,0.0,1.18,42.99
2026-03-22,ING029,15.72,0.0,0.82,14.9
2026-03-22,ING030,27.85,0.0,4.25,23.6
2026-03-22,ING031,43.08,0.0,1.67,41.41
2026-03-22,ING032,28.4,0.0,1.95,26.45
2026-03-23,ING001,48.41,65.5,15.7,98.21
2026-03-23,ING002,69.33,0.0,9.29,60.04
2026-03-23,ING003,69.78,0.0,5.37,64.41
2026-03-23,ING004,13.2,0.0,0.7,12.5
2026-03-23,ING005,17.26,0.0,0.46,16.8
2026-03-23,ING006,5.92,0.0,0.33,5.59
2026-03-23,ING007,12.57,0.0,1.78,10.79
2026-03-23,ING008,19.58,0.0,1.11,18.47
2026-03-23,ING009,13.59,0.0,2.09,11.5
2026-03-23,ING010,11.05,0.0,3.73,7.32
2026-03-23,ING011,89.79,0.0,16.52,73.27
2026-03-23,ING012,16.78,0.0,4.96,11.82
2026-03-23,ING013,21.16,0.0,7.41,13.75
2026-03-23,ING014,13.65,0.0,0.96,12.69
2026-03-23,ING015,22.5,0.0,11.0,11.5
2026-03-23,ING016,111.96,0.0,14.88,97.08
2026-03-23,ING017,101.64,0.0,4.94,96.7
2026-03-23,ING018,169.76,0.0,3.36,166.4
2026-03-23,ING019,30.02,62.7,3.36,89.36
2026-03-23,ING020,30.3,0.0,2.64,27.66
2026-03-23,ING021,90.96,0.0,2.86,88.1
2026-03-23,ING022,58.56,0.0,2.59,55.97
2026-03-23,ING023,47.24,0.0,0.8,46.44
2026-03-23,ING024,26.42,0.0,0.78,25.64
2026-03-23,ING025,106.76,0.0,6.61,100.15
2026-03-23,ING026,20.13,0.0,0.73,19.4
2026-03-23,ING027,15.89,0.0,0.38,15.51
2026-03-23,ING028,42.99,0.0,3.67,39.32
2026-03-23,ING029,14.9,0.0,2.52,12.38
2026-03-23,ING030,23.6,23.1,9.75,36.95
2026-03-23,ING031,41.41,0.0,7.01,34.4
2026-03-23,ING032,26.45,0.0,5.83,20.62
2026-03-24,ING001,98.21,0.0,22.49,75.72
2026-03-24,ING002,60.04,0.0,12.85,47.19
2026-03-24,ING003,64.41,0.0,6.83,57.58
2026-03-24,ING004,12.5,0.0,0.93,11.57
2026-03-24,ING005,16.8,0.0,0.51,16.29
2026-03-24,ING006,5.59,0.0,0.47,5.12
2026-03-24,ING007,10.79,0.0,2.58,8.21
2026-03-24,ING008,18.47,0.0,1.64,16.83
2026-03-24,ING009,11.5,0.0,3.08,8.42
2026-03-24,ING010,7.32,0.0,3.45,3.87
2026-03-24,ING011,73.27,0.0,28.48,44.79
2026-03-24,ING012,11.82,15.5,5.84,21.48
2026-03-24,ING013,13.75,19.0,12.07,20.68
2026-03-24,ING014,12.69,0.0,1.03,11.66
2026-03-24,ING015,11.5,19.9,17.0,14.4
2026-03-24,ING016,97.08,0.0,18.66,78.42
2026-03-24,ING017,96.7,0.0,7.18,89.52
2026-03-24,ING018,166.4,0.0,5.82,160.58
2026-03-24,ING019,89.36,0.0,5.36,84.0
2026-03-24,ING020,27.66,0.0,4.0,23.66
2026-03-24,ING021,88.1,0.0,4.35,83.75
2026-03-24,ING022,55.97,0.0,1.61,54.36
2026-03-24,ING023,46.44,0.0,2.08,44.36
2026-03-24,ING024,25.64,0.0,0.88,24.76
2026-03-24,ING025,100.15,0.0,9.39,90.76
2026-03-24,ING026,19.4,0.0,1.3,18.1
2026-03-24,ING027,15.51,0.0,0.66,14.85
2026-03-24,ING028,39.32,0.0,5.13,34.19
2026-03-24,ING029,12.38,31.7,3.42,40.66
2026-03-24,ING030,36.95,0.0,17.25,19.7
2026-03-24,ING031,34.4,0.0,10.52,23.88
2026-03-24,ING032,20.62,27.5,6.31,41.81
2026-03-25,ING001,75.72,0.0,17.85,57.87
2026-03-25,ING002,47.19,0.0,10.44,36.75
2026-03-25,ING003,57.58,0.0,5.97,51.61
2026-03-25,ING004,11.57,0.0,0.72,10.85
2026-03-25,ING005,16.29,0.0,0.4,15.89
2026-03-25,ING006,5.12,0.0,0.31,4.81
2026-03-25,ING007,8.21,13.5,2.31,19.4
2026-03-25,ING008,16.83,0.0,1.37,15.46
2026-03-25,ING009,8.42,0.0,2.22,6.2
2026-03-25,ING010,3.87,6.2,1.88,8.19
2026-03-25,ING011,44.79,48.3,23.08,70.01
2026-03-25,ING012,21.48,0.0,5.92,15.56
2026-03-25,ING013,20.68,20.2,9.11,31.77
2026-03-25,ING014,11.66,0.0,1.1,10.56
2026-03-25,ING015,14.4,23.9,19.0,19.3
2026-03-25,ING016,78.42,0.0,18.36,60.06
2026-03-25,ING017,89.52,0.0,4.64,84.88
2026-03-25,ING018,160.58,0.0,4.62,155.96
2026-03-25,ING019,84.0,0.0,3.6,80.4
2026-03-25,ING020,23.66,0.0,2.24,21.42
2026-03-25,ING021,83.75,0.0,3.93,79.82
2026-03-25,ING022,54.36,0.0,2.24,52.12
2026-03-25,ING023,44.36,0.0,0.96,43.4
2026-03-25,ING024,24.76,0.0,1.3,23.46
2026-03-25,ING025,90.76,0.0,7.6,83.16
2026-03-25,ING026,18.1,0.0,0.93,17.17
2026-03-25,ING027,14.85,0.0,0.62,14.23
2026-03-25,ING028,34.19,0.0,3.82,30.37
2026-03-25,ING029,40.66,0.0,2.79,37.87
2026-03-25,ING030,19.7,23.0,13.0,29.7
2026-03-25,ING031,23.88,40.4,5.18,59.1
2026-03-25,ING032,41.81,0.0,8.86,32.95
2026-03-26,ING001,57.87,0.0,20.13,37.74
2026-03-26,ING002,36.75,84.7,12.02,109.43
2026-03-26,ING003,51.61,0.0,6.64,44.97
2026-03-26,ING004,10.85,0.0,0.84,10.01
2026-03-26,ING005,15.89,0.0,0.56,15.33
2026-03-26,ING006,4.81,0.0,0.42,4.39
2026-03-26,ING007,19.4,0.0,2.15,17.25
2026-03-26,ING008,15.46,0.0,1.12,14.34
2026-03-26,ING009,6.2,13.0,2.58,16.62
2026-03-26,ING010,8.19,0.0,2.95,5.24
2026-03-26,ING011,70.01,0.0,22.73,47.28
2026-03-26,ING012,15.56,17.2,6.24,26.52
2026-03-26,ING013,31.77,0.0,10.48,21.29
2026-03-26,ING014,10.56,0.0,1.15,9.41
2026-03-26,ING015,19.3,0.0,11.0,8.3
2026-03-26,ING016,60.06,117.1,18.68,158.48
2026-03-26,ING017,84.88,0.0,7.02,77.86
2026-03-26,ING018,155.96,0.0,4.68,151.28
2026-03-26,ING019,80.4,0.0,3.8,76.6
2026-03-26,ING020,21.42,0.0,3.2,18.22
2026-03-26,ING021,79.82,0.0,3.89,75.93
2026-03-26,ING022,52.12,0.0,1.89,50.23
2026-03-26,ING023,43.4,0.0,1.2,42.2
2026-03-26,ING024,23.46,0.0,1.48,21.98
2026-03-26,ING025,83.16,0.0,8.06,75.1
2026-03-26,ING026,17.17,0.0,0.92,16.25
2026-03-26,ING027,14.23,0.0,0.58,13.65
2026-03-26,ING028,30.37,78.5,4.15,104.72
2026-03-26,ING029,37.87,0.0,3.08,34.79
2026-03-26,ING030,29.7,0.0,13.25,16.45
2026-03-26,ING031,59.1,0.0,11.52,47.58
2026-03-26,ING032,32.95,0.0,4.88,28.07
2026-03-27,ING001,37.74,84.7,22.25,100.19
2026-03-27,ING002,109.43,0.0,11.88,97.55
2026-03-27,ING003,44.97,0.0,6.13,38.84
2026-03-27,ING004,10.01,0.0,0.93,9.08
2026-03-27,ING005,15.33,0.0,0.47,14.86
2026-03-27,ING006,4.39,0.0,0.45,3.94
2026-03-27,ING007,17.25,0.0,2.55,14.7
2026-03-27,ING008,14.34,0.0,1.25,13.09
2026-03-27,ING009,16.62,0.0,2.68,13.94
2026-03-27,ING010,5.24,8.2,3.91,9.53
2026-03-27,ING011,47.28,54.3,25.31,76.27
2026-03-27,ING012,26.52,0.0,7.08,19.44
2026-03-27,ING013,21.29,0.0,6.24,15.05
2026-03-27,ING014,9.41,0.0,1.01,8.4
2026-03-27,ING015,8.3,20.9,30.0,-0.8
2026-03-27,ING016,158.48,0.0,15.66,142.82
2026-03-27,ING017,77.86,0.0,6.96,70.9
2026-03-27,ING018,151.28,0.0,5.64,145.64
2026-03-27,ING019,76.6,0.0,5.12,71.48
2026-03-27,ING020,18.22,59.3,3.28,74.24
2026-03-27,ING021,75.93,0.0,3.33,72.6
2026-03-27,ING022,50.23,0.0,1.61,48.62
2026-03-27,ING023,42.2,0.0,1.68,40.52
2026-03-27,ING024,21.98,0.0,1.1,20.88
2026-03-27,ING025,75.1,0.0,9.08,66.02
2026-03-27,ING026,16.25,0.0,1.27,14.98
2026-03-27,ING027,13.65,0.0,0.54,13.11
2026-03-27,ING028,104.72,0.0,4.52,100.2
2026-03-27,ING029,34.79,0.0,3.3,31.49
2026-03-27,ING030,16.45,23.7,18.25,21.9
2026-03-27,ING031,47.58,0.0,9.19,38.39
2026-03-27,ING032,28.07,0.0,7.7,20.37
2026-03-28,ING001,100.19,0.0,5.74,94.45
2026-03-28,ING002,97.55,0.0,3.42,94.13
2026-03-28,ING003,38.84,0.0,1.65,37.19
2026-03-28,ING004,9.08,0.0,0.22,8.86
2026-03-28,ING005,14.86,0.0,0.13,14.73
2026-03-28,ING006,3.94,0.0,0.09,3.85
2026-03-28,ING007,14.7,0.0,0.89,13.81
2026-03-28,ING008,13.09,0.0,0.57,12.52
2026-03-28,ING009,13.94,0.0,0.84,13.1
2026-03-28,ING010,9.53,0.0,1.06,8.47
2026-03-28,ING011,76.27,0.0,7.37,68.9
2026-03-28,ING012,19.44,0.0,1.5,17.94
2026-03-28,ING013,15.05,23.3,3.79,34.56
2026-03-28,ING014,8.4,0.0,0.21,8.19
2026-03-28,ING015,0.0,15.6,9.0,6.6
2026-03-28,ING016,142.82,0.0,5.9,136.92
2026-03-28,ING017,70.9,0.0,1.56,69.34
2026-03-28,ING018,145.64,0.0,1.68,143.96
2026-03-28,ING019,71.48,0.0,1.12,70.36
2026-03-28,ING020,74.24,0.0,0.88,73.36
2026-03-28,ING021,72.6,0.0,1.04,71.56
2026-03-28,ING022,48.62,0.0,0.77,47.85
2026-03-28,ING023,40.52,0.0,0.48,40.04
2026-03-28,ING024,20.88,0.0,0.33,20.55
2026-03-28,ING025,66.02,0.0,2.59,63.43
2026-03-28,ING026,14.98,0.0,0.33,14.65
2026-03-28,ING027,13.11,0.0,0.17,12.94
2026-03-28,ING028,100.2,0.0,1.5,98.7
2026-03-28,ING029,31.49,0.0,0.92,30.57
2026-03-28,ING030,21.9,0.0,4.5,17.4
2026-03-28,ING031,38.39,0.0,2.51,35.88
2026-03-28,ING032,20.37,0.0,2.44,17.93
2026-03-29,ING001,94.45,0.0,7.28,87.17
2026-03-29,ING002,94.13,0.0,3.95,90.18
2026-03-29,ING003,37.19,0.0,1.91,35.28
2026-03-29,ING004,8.86,0.0,0.32,8.54
2026-03-29,ING005,14.73,0.0,0.19,14.54
2026-03-29,ING006,3.85,0.0,0.19,3.66
2026-03-29,ING007,13.81,0.0,0.8,13.01
2026-03-29,ING008,12.52,0.0,0.42,12.1
2026-03-29,ING009,13.1,0.0,1.05,12.05
2026-03-29,ING010,8.47,0.0,1.2,7.27
2026-03-29,ING011,68.9,0.0,9.97,58.93
2026-03-29,ING012,17.94,0.0,2.22,15.72
2026-03-29,ING013,34.56,0.0,3.45,31.11
2026-03-29,ING014,8.19,0.0,0.35,7.84
2026-03-29,ING015,6.6,15.6,10.0,12.2
2026-03-29,ING016,136.92,0.0,4.72,132.2
2026-03-29,ING017,69.34,0.0,3.0,66.34
2026-03-29,ING018,143.96,0.0,1.26,142.7
2026-03-29,ING019,70.36,0.0,1.96,68.4
2026-03-29,ING020,73.36,0.0,1.2,72.16
2026-03-29,ING021,71.56,0.0,0.6,70.96
2026-03-29,ING022,47.85,0.0,1.12,46.73
2026-03-29,ING023,40.04,0.0,0.48,39.56
2026-03-29,ING024,20.55,0.0,0.18,20.37
2026-03-29,ING025,63.43,0.0,2.94,60.49
2026-03-29,ING026,14.65,0.0,0.4,14.25
2026-03-29,ING027,12.94,0.0,0.28,12.66
2026-03-29,ING028,98.7,0.0,1.77,96.93
2026-03-29,ING029,30.57,0.0,1.08,29.49
2026-03-29,ING030,17.4,24.5,5.75,36.15
2026-03-29,ING031,35.88,0.0,3.17,32.71
2026-03-29,ING032,17.93,0.0,1.1,16.83
2026-03-30,ING001,87.17,0.0,23.93,63.24
2026-03-30,ING002,90.18,0.0,12.03,78.15
2026-03-30,ING003,35.28,0.0,7.03,28.25
2026-03-30,ING004,8.54,0.0,0.95,7.59
2026-03-30,ING005,14.54,0.0,0.62,13.92
2026-03-30,ING006,3.66,6.9,0.43,10.13
2026-03-30,ING007,13.01,0.0,2.33,10.68
2026-03-30,ING008,12.1,0.0,1.61,10.49
2026-03-30,ING009,12.05,0.0,2.77,9.28
2026-03-30,ING010,7.27,0.0,1.8,5.47
2026-03-30,ING011,58.93,0.0,21.07,37.86
2026-03-30,ING012,15.72,17.9,6.32,27.3
2026-03-30,ING013,31.11,0.0,12.55,18.56
2026-03-30,ING014,7.84,0.0,0.91,6.93
2026-03-30,ING015,12.2,22.4,30.0,4.6
2026-03-30,ING016,132.2,0.0,17.6,114.6
2026-03-30,ING017,66.34,0.0,5.8,60.54
2026-03-30,ING018,142.7,0.0,4.92,137.78
2026-03-30,ING019,68.4,0.0,5.32,63.08
2026-03-30,ING020,72.16,0.0,2.4,69.76
2026-03-30,ING021,70.96,0.0,3.02,67.94
2026-03-30,ING022,46.73,0.0,2.8,43.93
2026-03-30,ING023,39.56,0.0,1.92,37.64
2026-03-30,ING024,20.37,0.0,1.33,19.04
2026-03-30,ING025,60.49,0.0,9.88,50.61
2026-03-30,ING026,14.25,0.0,0.98,13.27
2026-03-30,ING027,12.66,0.0,0.39,12.27
2026-03-30,ING028,96.93,0.0,3.88,93.05
2026-03-30,ING029,29.49,0.0,3.3,26.19
2026-03-30,ING030,36.15,0.0,19.5,16.65
2026-03-30,ING031,32.71,0.0,10.52,22.19
2026-03-30,ING032,16.83,22.3,9.99,29.14
2026-03-31,ING001,63.24,0.0,24.72,38.52
2026-03-31,ING002,78.15,0.0,12.61,65.54
2026-03-31,ING003,28.25,55.3,7.05,76.5
2026-03-31,ING004,7.59,0.0,1.04,6.55
2026-03-31,ING005,13.92,0.0,0.53,13.39
2026-03-31,ING006,10.13,0.0,0.51,9.62
2026-03-31,ING007,10.68,0.0,2.38,8.3
2026-03-31,ING008,10.49,0.0,1.7,8.79
2026-03-31,ING009,9.28,0.0,3.16,6.12
2026-03-31,ING010,5.47,8.1,3.49,10.08
2026-03-31,ING011,37.86,45.2,28.37,54.69
2026-03-31,ING012,27.3,0.0,6.9,20.4
2026-03-31,ING013,18.56,23.2,11.55,30.21
2026-03-31,ING014,6.93,13.2,1.33,18.8
2026-03-31,ING015,4.6,20.3,32.0,-7.1
2026-03-31,ING016,114.6,0.0,17.08,97.52
2026-03-31,ING017,60.54,0.0,7.2,53.34
2026-03-31,ING018,137.78,0.0,4.8,132.98
2026-03-31,ING019,63.08,0.0,5.96,57.12
2026-03-31,ING020,69.76,0.0,3.92,65.84
2026-03-31,ING021,67.94,0.0,4.13,63.81
2026-03-31,ING022,43.93,0.0,1.4,42.53
2026-03-31,ING023,37.64,0.0,1.84,35.8
2026-03-31,ING024,19.04,0.0,1.05,17.99
2026-03-31,ING025,50.61,0.0,9.71,40.9
2026-03-31,ING026,13.27,0.0,1.31,11.96
2026-03-31,ING027,12.27,0.0,0.62,11.65
2026-03-31,ING028,93.05,0.0,5.14,87.91
2026-03-31,ING029,26.19,0.0,3.57,22.62
2026-03-31,ING030,16.65,29.3,20.5,25.45
2026-03-31,ING031,22.19,37.0,10.52,48.67
2026-03-31,ING032,29.14,0.0,7.86,21.28
2026-04-01,ING001,38.52,80.4,21.53,97.39
2026-04-01,ING002,65.54,0.0,10.7,54.84
2026-04-01,ING003,76.5,0.0,6.0,70.5
2026-04-01,ING004,6.55,0.0,0.98,5.57
2026-04-01,ING005,13.39,0.0,0.53,12.86
2026-04-01,ING006,9.62,0.0,0.45,9.17
2026-04-01,ING007,8.3,0.0,1.84,6.46
2026-04-01,ING008,8.79,0.0,1.08,7.71
2026-04-01,ING009,6.12,13.4,2.46,17.06
2026-04-01,ING010,10.08,0.0,3.09,6.99
2026-04-01,ING011,54.69,0.0,20.74,33.95
2026-04-01,ING012,20.4,0.0,4.2,16.2
2026-04-01,ING013,30.21,0.0,11.96,18.25
2026-04-01,ING014,18.8,0.0,0.84,17.96
2026-04-01,ING015,0.0,15.6,12.0,3.6
2026-04-01,ING016,97.52,0.0,17.04,80.48
2026-04-01,ING017,53.34,0.0,6.54,46.8
2026-04-01,ING018,132.98,0.0,4.2,128.78
2026-04-01,ING019,57.12,0.0,5.4,51.72
2026-04-01,ING020,65.84,0.0,2.72,63.12
2026-04-01,ING021,63.81,0.0,4.01,59.8
2026-04-01,ING022,42.53,0.0,3.01,39.52
2026-04-01,ING023,35.8,0.0,1.6,34.2
2026-04-01,ING024,17.99,0.0,0.98,17.01
2026-04-01,ING025,40.9,86.8,8.62,119.08
2026-04-01,ING026,11.96,0.0,1.02,10.94
2026-04-01,ING027,11.65,0.0,0.38,11.27
2026-04-01,ING028,87.91,0.0,4.35,83.56
2026-04-01,ING029,22.62,0.0,3.14,19.48
2026-04-01,ING030,25.45,28.7,13.0,41.15
2026-04-01,ING031,48.67,0.0,11.69,36.98
2026-04-01,ING032,21.28,25.4,6.96,39.72
2026-04-02,ING001,97.39,0.0,21.44,75.95
2026-04-02,ING002,54.84,0.0,11.97,42.87
2026-04-02,ING003,70.5,0.0,5.77,64.73
2026-04-02,ING004,5.57,11.0,0.86,15.71
2026-04-02,ING005,12.86,0.0,0.45,12.41
2026-04-02,ING006,9.17,0.0,0.48,8.69
2026-04-02,ING007,6.46,12.4,2.58,16.28
2026-04-02,ING008,7.71,15.0,1.74,20.97
2026-04-02,ING009,17.06,0.0,3.65,13.41
2026-04-02,ING010,6.99,8.3,3.57,11.72
2026-04-02,ING011,33.95,50.5,24.4,60.05
2026-04-02,ING012,16.2,20.0,7.28,28.92
2026-04-02,ING013,18.25,19.3,10.24,27.31
2026-04-02,ING014,17.96,0.0,1.27,16.69
2026-04-02,ING015,3.6,20.3,20.0,3.9
2026-04-02,ING016,80.48,0.0,15.46,65.02
2026-04-02,ING017,46.8,0.0,9.16,37.64
2026-04-02,ING018,128.78,0.0,4.98,123.8
2026-04-02,ING019,51.72,0.0,3.8,47.92
2026-04-02,ING020,63.12,0.0,3.76,59.36
2026-04-02,ING021,59.8,0.0,3.44,56.36
2026-04-02,ING022,39.52,0.0,1.19,38.33
2026-04-02,ING023,34.2,0.0,0.96,33.24
2026-04-02,ING024,17.01,0.0,0.73,16.28
2026-04-02,ING025,119.08,0.0,8.55,110.53
2026-04-02,ING026,10.94,0.0,1.23,9.71
2026-04-02,ING027,11.27,0.0,0.45,10.82
2026-04-02,ING028,83.56,0.0,4.58,78.98
2026-04-02,ING029,19.48,0.0,3.29,16.19
2026-04-02,ING030,41.15,0.0,15.5,25.65
2026-04-02,ING031,36.98,0.0,10.19,26.79
2026-04-02,ING032,39.72,0.0,7.24,32.48
2026-04-03,ING001,75.95,0.0,23.14,52.81
2026-04-03,ING002,42.87,64.1,14.03,92.94
2026-04-03,ING003,64.73,0.0,7.66,57.07
2026-04-03,ING004,15.71,0.0,1.02,14.69
2026-04-03,ING005,12.41,0.0,0.57,11.84
2026-04-03,ING006,8.69,0.0,0.53,8.16
2026-04-03,ING007,16.28,0.0,2.59,13.69
2026-04-03,ING008,20.97,0.0,1.25,19.72
2026-04-03,ING009,13.41,0.0,2.8,10.61
2026-04-03,ING010,11.72,0.0,3.88,7.84
2026-04-03,ING011,60.05,0.0,24.46,35.59
2026-04-03,ING012,28.92,0.0,8.52,20.4
2026-04-03,ING013,27.31,0.0,10.91,16.4
2026-04-03,ING014,16.69,0.0,1.39,15.3
2026-04-03,ING015,3.9,18.2,26.0,-3.9
2026-04-03,ING016,65.02,127.9,19.28,173.64
2026-04-03,ING017,37.64,0.0,7.44,30.2
2026-04-03,ING018,123.8,0.0,5.94,117.86
2026-04-03,ING019,47.92,0.0,6.12,41.8
2026-04-03,ING020,59.36,0.0,4.64,54.72
2026-04-03,ING021,56.36,0.0,4.24,52.12
2026-04-03,ING022,38.33,0.0,2.31,36.02
2026-04-03,ING023,33.24,0.0,1.92,31.32
2026-04-03,ING024,16.28,0.0,1.58,14.7
2026-04-03,ING025,110.53,0.0,9.73,100.8
2026-04-03,ING026,9.71,0.0,1.08,8.63
2026-04-03,ING027,10.82,0.0,0.55,10.27
2026-04-03,ING028,78.98,0.0,4.72,74.26
2026-04-03,ING029,16.19,0.0,3.59,12.6
2026-04-03,ING030,25.65,25.5,15.5,35.65
2026-04-03,ING031,26.79,44.0,7.01,63.78
2026-04-03,ING032,32.48,0.0,7.58,24.9
2026-04-04,ING001,52.81,0.0,4.54,48.27
2026-04-04,ING002,92.94,0.0,2.69,90.25
2026-04-04,ING003,57.07,0.0,1.41,55.66
2026-04-04,ING004,14.69,0.0,0.17,14.52
2026-04-04,ING005,11.84,0.0,0.1,11.74
2026-04-04,ING006,8.16,0.0,0.08,8.08
2026-04-04,ING007,13.69,0.0,0.59,13.1
2026-04-04,ING008,19.72,0.0,0.34,19.38
2026-04-04,ING009,10.61,0.0,0.72,9.89
2026-04-04,ING010,7.84,0.0,1.01,6.83
2026-04-04,ING011,35.59,59.8,6.67,88.72
2026-04-04,ING012,20.4,0.0,1.74,18.66
2026-04-04,ING013,16.4,0.0,2.75,13.65
2026-04-04,ING014,15.3,0.0,0.27,15.03
2026-04-04,ING015,0.0,23.8,4.0,19.8
2026-04-04,ING016,173.64,0.0,3.52,170.12
2026-04-04,ING017,30.2,79.9,1.8,108.3
2026-04-04,ING018,117.86,0.0,1.44,116.42
2026-04-04,ING019,41.8,0.0,0.84,40.96
2026-04-04,ING020,54.72,0.0,0.48,54.24
2026-04-04,ING021,52.12,0.0,0.94,51.18
2026-04-04,ING022,36.02,0.0,0.28,35.74
2026-04-04,ING023,31.32,0.0,0.48,30.84
2026-04-04,ING024,14.7,0.0,0.23,14.47
2026-04-04,ING025,100.8,0.0,2.02,98.78
2026-04-04,ING026,8.63,0.0,0.3,8.33
2026-04-04,ING027,10.27,0.0,0.15,10.12
2026-04-04,ING028,74.26,0.0,1.31,72.95
2026-04-04,ING029,12.6,0.0,0.8,11.8
2026-04-04,ING030,35.65,0.0,3.25,32.4
2026-04-04,ING031,63.78,0.0,2.0,61.78
2026-04-04,ING032,24.9,0.0,2.89,22.01
2026-04-05,ING001,48.27,0.0,6.88,41.39
2026-04-05,ING002,90.25,0.0,4.17,86.08
2026-04-05,ING003,55.66,0.0,2.03,53.63
2026-04-05,ING004,14.52,0.0,0.28,14.24
2026-04-05,ING005,11.74,0.0,0.15,11.59
2026-04-05,ING006,8.08,0.0,0.16,7.92
2026-04-05,ING007,13.1,0.0,0.94,12.16
2026-04-05,ING008,19.38,0.0,0.62,18.76
2026-04-05,ING009,9.89,0.0,1.24,8.65
2026-04-05,ING010,6.83,0.0,0.83,6.0
2026-04-05,ING011,88.72,0.0,8.69,80.03
2026-04-05,ING012,18.66,0.0,2.56,16.1
2026-04-05,ING013,13.65,24.3,4.03,33.92
2026-04-05,ING014,15.03,0.0,0.45,14.58
2026-04-05,ING015,19.8,0.0,0.0,19.8
2026-04-05,ING016,170.12,0.0,6.3,163.82
2026-04-05,ING017,108.3,0.0,3.02,105.28
2026-04-05,ING018,116.42,0.0,1.62,114.8
2026-04-05,ING019,40.96,0.0,1.6,39.36
2026-04-05,ING020,54.24,0.0,1.04,53.2
2026-04-05,ING021,51.18,0.0,1.35,49.83
2026-04-05,ING022,35.74,0.0,0.56,35.18
2026-04-05,ING023,30.84,0.0,0.48,30.36
2026-04-05,ING024,14.47,38.1,0.55,52.02
2026-04-05,ING025,98.78,0.0,2.93,95.85
2026-04-05,ING026,8.33,0.0,0.4,7.93
2026-04-05,ING027,10.12,0.0,0.18,9.94
2026-04-05,ING028,72.95,0.0,1.53,71.42
2026-04-05,ING029,11.8,0.0,1.16,10.64
2026-04-05,ING030,32.4,0.0,3.25,29.15
2026-04-05,ING031,61.78,0.0,2.5,59.28
2026-04-05,ING032,22.01,0.0,2.63,19.38
2026-04-06,ING001,41.39,64.3,21.0,84.69
2026-04-06,ING002,86.08,0.0,11.07,75.01
2026-04-06,ING003,53.63,0.0,5.81,47.82
2026-04-06,ING004,14.24,0.0,0.9,13.34
2026-04-06,ING005,11.59,0.0,0.48,11.11
2026-04-06,ING006,7.92,0.0,0.49,7.43
2026-04-06,ING007,12.16,0.0,2.35,9.81
2026-04-06,ING008,18.76,0.0,1.46,17.3
2026-04-06,ING009,8.65,13.8,3.01,19.44
2026-04-06,ING010,6.0,7.3,3.38,9.92
2026-04-06,ING011,80.03,0.0,21.16,58.87
2026-04-06,ING012,16.1,14.5,6.72,23.88
2026-04-06,ING013,33.92,0.0,7.22,26.7
2026-04-06,ING014,14.58,0.0,1.25,13.33
2026-04-06,ING015,19.8,16.3,24.0,12.1
2026-04-06,ING016,163.82,0.0,15.78,148.04
2026-04-06,ING017,105.28,0.0,7.68,97.6
2026-04-06,ING018,114.8,0.0,3.78,111.02
2026-04-06,ING019,39.36,0.0,5.24,34.12
2026-04-06,ING020,53.2,0.0,2.64,50.56
2026-04-06,ING021,49.83,0.0,2.9,46.93
2026-04-06,ING022,35.18,0.0,2.03,33.15
2026-04-06,ING023,30.36,0.0,1.36,29.0
2026-04-06,ING024,52.02,0.0,0.95,51.07
2026-04-06,ING025,95.85,0.0,8.43,87.42
2026-04-06,ING026,7.93,17.9,0.96,24.87
2026-04-06,ING027,9.94,0.0,0.5,9.44
2026-04-06,ING028,71.42,0.0,3.98,67.44
2026-04-06,ING029,10.64,31.9,3.07,39.47
2026-04-06,ING030,29.15,0.0,14.25,14.9
2026-04-06,ING031,59.28,0.0,7.85,51.43
2026-04-06,ING032,19.38,26.9,6.89,39.39
2026-04-07,ING001,84.69,0.0,20.47,64.22
2026-04-07,ING002,75.01,0.0,12.26,62.75
2026-04-07,ING003,47.82,0.0,7.06,40.76
2026-04-07,ING004,13.34,0.0,0.76,12.58
2026-04-07,ING005,11.11,0.0,0.55,10.56
2026-04-07,ING006,7.43,0.0,0.46,6.97
2026-04-07,ING007,9.81,0.0,2.25,7.56
2026-04-07,ING008,17.3,0.0,1.25,16.05
2026-04-07,ING009,19.44,0.0,3.16,16.28
2026-04-07,ING010,9.92,0.0,3.83,6.09
2026-04-07,ING011,58.87,0.0,20.99,37.88
2026-04-07,ING012,23.88,0.0,8.26,15.62
2026-04-07,ING013,26.7,0.0,8.19,18.51
2026-04-07,ING014,13.33,0.0,1.48,11.85
2026-04-07,ING015,12.1,18.6,30.0,0.7
2026-04-07,ING016,148.04,0.0,14.72,133.32
2026-04-07,ING017,97.6,0.0,8.96,88.64
2026-04-07,ING018,111.02,0.0,3.96,107.06
2026-04-07,ING019,34.12,63.0,4.96,92.16
2026-04-07,ING020,50.56,0.0,2.24,48.32
2026-04-07,ING021,46.93,0.0,3.15,43.78
2026-04-07,ING022,33.15,0.0,1.68,31.47
2026-04-07,ING023,29.0,0.0,2.0,27.0
2026-04-07,ING024,51.07,0.0,1.23,49.84
2026-04-07,ING025,87.42,0.0,8.31,79.11
2026-04-07,ING026,24.87,0.0,1.02,23.85
2026-04-07,ING027,9.44,0.0,0.4,9.04
2026-04-07,ING028,67.44,0.0,4.23,63.21
2026-04-07,ING029,39.47,0.0,3.28,36.19
2026-04-07,ING030,14.9,28.2,19.75,23.35
2026-04-07,ING031,51.43,0.0,7.85,43.58
2026-04-07,ING032,39.39,0.0,6.55,32.84
2026-04-08,ING001,64.22,0.0,19.51,44.71
2026-04-08,ING002,62.75,0.0,12.59,50.16
2026-04-08,ING003,40.76,0.0,7.23,33.53
2026-04-08,ING004,12.58,0.0,0.81,11.77
2026-04-08,ING005,10.56,0.0,0.55,10.01
2026-04-08,ING006,6.97,0.0,0.43,6.54
2026-04-08,ING007,7.56,13.3,2.48,18.38
2026-04-08,ING008,16.05,0.0,1.5,14.55
2026-04-08,ING009,16.28,0.0,2.83,13.45
2026-04-08,ING010,6.09,6.5,3.28,9.31
2026-04-08,ING011,37.88,55.4,21.36,71.92
2026-04-08,ING012,15.62,15.4,6.84,24.18
2026-04-08,ING013,18.51,18.7,9.23,27.98
2026-04-08,ING014,11.85,0.0,1.31,10.54
2026-04-08,ING015,0.7,18.5,22.0,-2.8
2026-04-08,ING016,133.32,0.0,18.54,114.78
2026-04-08,ING017,88.64,0.0,6.72,81.92
2026-04-08,ING018,107.06,0.0,4.44,102.62
2026-04-08,ING019,92.16,0.0,4.6,87.56
2026-04-08,ING020,48.32,0.0,3.44,44.88
2026-04-08,ING021,43.78,0.0,3.91,39.87
2026-04-08,ING022,31.47,0.0,2.24,29.23
2026-04-08,ING023,27.0,0.0,1.6,25.4
2026-04-08,ING024,49.84,0.0,1.1,48.74
2026-04-08,ING025,79.11,0.0,8.35,70.76
2026-04-08,ING026,23.85,0.0,0.93,22.92
2026-04-08,ING027,9.04,0.0,0.5,8.54
2026-04-08,ING028,63.21,0.0,4.08,59.13
2026-04-08,ING029,36.19,0.0,3.18,33.01
2026-04-08,ING030,23.35,22.9,17.5,28.75
2026-04-08,ING031,43.58,0.0,8.02,35.56
2026-04-08,ING032,32.84,0.0,5.5,27.34
2026-04-09,ING001,44.71,70.1,21.86,92.95
2026-04-09,ING002,50.16,0.0,12.7,37.46
2026-04-09,ING003,33.53,0.0,7.16,26.37
2026-04-09,ING004,11.77,0.0,0.94,10.83
2026-04-09,ING005,10.01,0.0,0.52,9.49
2026-04-09,ING006,6.54,0.0,0.53,6.01
2026-04-09,ING007,18.38,0.0,2.36,16.02
2026-04-09,ING008,14.55,0.0,1.9,12.65
2026-04-09,ING009,13.45,0.0,3.4,10.05
2026-04-09,ING010,9.31,0.0,1.87,7.44
2026-04-09,ING011,71.92,0.0,28.24,43.68
2026-04-09,ING012,24.18,0.0,6.9,17.28
2026-04-09,ING013,27.98,0.0,9.22,18.76
2026-04-09,ING014,10.54,0.0,1.63,8.91
2026-04-09,ING015,0.0,15.2,28.0,-12.8
2026-04-09,ING016,114.78,0.0,18.98,95.8
2026-04-09,ING017,81.92,0.0,7.68,74.24
2026-04-09,ING018,102.62,0.0,2.46,100.16
2026-04-09,ING019,87.56,0.0,5.12,82.44
2026-04-09,ING020,44.88,0.0,4.16,40.72
2026-04-09,ING021,39.87,0.0,3.39,36.48
2026-04-09,ING022,29.23,0.0,2.45,26.78
2026-04-09,ING023,25.4,0.0,1.04,24.36
2026-04-09,ING024,48.74,0.0,1.1,47.64
2026-04-09,ING025,70.76,0.0,8.82,61.94
2026-04-09,ING026,22.92,0.0,1.19,21.73
2026-04-09,ING027,8.54,0.0,0.71,7.83
2026-04-09,ING028,59.13,0.0,4.25,54.88
2026-04-09,ING029,33.01,0.0,3.33,29.68
2026-04-09,ING030,28.75,24.9,18.0,35.65
2026-04-09,ING031,35.56,0.0,5.01,30.55
2026-04-09,ING032,27.34,0.0,8.1,19.24
2026-04-10,ING001,92.95,0.0,22.15,70.8
2026-04-10,ING002,37.46,73.9,12.95,98.41
2026-04-10,ING003,26.37,59.1,8.15,77.32
2026-04-10,ING004,10.83,0.0,0.93,9.9
2026-04-10,ING005,9.49,0.0,0.63,8.86
2026-04-10,ING006,6.01,0.0,0.44,5.57
2026-04-10,ING007,16.02,0.0,1.97,14.05
2026-04-10,ING008,12.65,0.0,1.36,11.29
2026-04-10,ING009,10.05,0.0,2.24,7.81
2026-04-10,ING010,7.44,0.0,3.41,4.03
2026-04-10,ING011,43.68,54.6,24.95,73.33
2026-04-10,ING012,17.28,0.0,5.82,11.46
2026-04-10,ING013,18.76,19.6,11.23,27.13
2026-04-10,ING014,8.91,0.0,1.04,7.87
2026-04-10,ING015,0.0,19.4,12.0,7.4
2026-04-10,ING016,95.8,0.0,21.0,74.8
2026-04-10,ING017,74.24,0.0,4.32,69.92
2026-04-10,ING018,100.16,0.0,5.88,94.28
2026-04-10,ING019,82.44,0.0,5.48,76.96
2026-04-10,ING020,40.72,0.0,3.68,37.04
2026-04-10,ING021,36.48,0.0,4.74,31.74
2026-04-10,ING022,26.78,0.0,2.66,24.12
2026-04-10,ING023,24.36,0.0,2.0,22.36
2026-04-10,ING024,47.64,0.0,1.45,46.19
2026-04-10,ING025,61.94,0.0,9.36,52.58
2026-04-10,ING026,21.73,0.0,1.02,20.71
2026-04-10,ING027,7.83,0.0,0.64,7.19
2026-04-10,ING028,54.88,0.0,4.61,50.27
2026-04-10,ING029,29.68,0.0,3.33,26.35
2026-04-10,ING030,35.65,0.0,14.25,21.4
2026-04-10,ING031,30.55,41.5,9.35,62.7
2026-04-10,ING032,19.24,25.2,6.86,37.58
2026-04-11,ING001,70.8,0.0,5.23,65.57
2026-04-11,ING002,98.41,0.0,2.96,95.45
2026-04-11,ING003,77.32,0.0,1.52,75.8
2026-04-11,ING004,9.9,0.0,0.21,9.69
2026-04-11,ING005,8.86,0.0,0.13,8.73
2026-04-11,ING006,5.57,0.0,0.11,5.46
2026-04-11,ING007,14.05,0.0,0.64,13.41
2026-04-11,ING008,11.29,0.0,0.26,11.03
2026-04-11,ING009,7.81,0.0,0.71,7.1
2026-04-11,ING010,4.03,8.8,0.86,11.97
2026-04-11,ING011,73.33,0.0,6.91,66.42
2026-04-11,ING012,11.46,15.3,1.96,24.8
2026-04-11,ING013,27.13,0.0,2.78,24.35
2026-04-11,ING014,7.87,0.0,0.31,7.56
2026-04-11,ING015,7.4,23.7,5.0,26.1
2026-04-11,ING016,74.8,0.0,3.68,71.12
2026-04-11,ING017,69.92,0.0,2.12,67.8
2026-04-11,ING018,94.28,0.0,1.14,93.14
2026-04-11,ING019,76.96,0.0,1.24,75.72
2026-04-11,ING020,37.04,0.0,0.48,36.56
2026-04-11,ING021,31.74,0.0,0.71,31.03
2026-04-11,ING022,24.12,0.0,0.49,23.63
2026-04-11,ING023,22.36,0.0,0.48,21.88
2026-04-11,ING024,46.19,0.0,0.3,45.89
2026-04-11,ING025,52.58,0.0,2.17,50.41
2026-04-11,ING026,20.71,0.0,0.29,20.42
2026-04-11,ING027,7.19,0.0,0.18,7.01
2026-04-11,ING028,50.27,0.0,1.29,48.98
2026-04-11,ING029,26.35,0.0,0.85,25.5
2026-04-11,ING030,21.4,0.0,4.5,16.9
2026-04-11,ING031,62.7,0.0,2.34,60.36
2026-04-11,ING032,37.58,0.0,1.86,35.72
2026-04-12,ING001,65.57,0.0,7.33,58.24
2026-04-12,ING002,95.45,0.0,4.29,91.16
2026-04-12,ING003,75.8,0.0,2.36,73.44
2026-04-12,ING004,9.69,0.0,0.3,9.39
2026-04-12,ING005,8.73,0.0,0.18,8.55
2026-04-12,ING006,5.46,0.0,0.12,5.34
2026-04-12,ING007,13.41,0.0,0.99,12.42
2026-04-12,ING008,11.03,0.0,0.57,10.46
2026-04-12,ING009,7.1,0.0,0.96,6.14
2026-04-12,ING010,11.97,0.0,0.88,11.09
2026-04-12,ING011,66.42,0.0,9.4,57.02
2026-04-12,ING012,24.8,0.0,2.58,22.22
2026-04-12,ING013,24.35,0.0,4.3,20.05
2026-04-12,ING014,7.56,0.0,0.46,7.1
2026-04-12,ING015,26.1,0.0,8.0,18.1
2026-04-12,ING016,71.12,0.0,7.2,63.92
2026-04-12,ING017,67.8,0.0,2.1,65.7
2026-04-12,ING018,93.14,0.0,2.1,91.04
2026-04-12,ING019,75.72,0.0,1.36,74.36
2026-04-12,ING020,36.56,0.0,1.04,35.52
2026-04-12,ING021,31.03,0.0,1.59,29.44
2026-04-12,ING022,23.63,0.0,0.77,22.86
2026-04-12,ING023,21.88,0.0,0.4,21.48
2026-04-12,ING024,45.89,0.0,0.45,45.44
2026-04-12,ING025,50.41,0.0,3.06,47.35
2026-04-12,ING026,20.42,0.0,0.38,20.04
2026-04-12,ING027,7.01,0.0,0.25,6.76
2026-04-12,ING028,48.98,0.0,1.64,47.34
2026-04-12,ING029,25.5,0.0,1.13,24.37
2026-04-12,ING030,16.9,22.1,5.0,34.0
2026-04-12,ING031,60.36,0.0,3.84,56.52
2026-04-12,ING032,35.72,0.0,2.56,33.16
2026-04-13,ING001,58.24,88.8,23.37,123.67
2026-04-13,ING002,91.16,0.0,12.82,78.34
2026-04-13,ING003,73.44,0.0,7.91,65.53
2026-04-13,ING004,9.39,0.0,0.91,8.48
2026-04-13,ING005,8.55,0.0,0.71,7.84
2026-04-13,ING006,5.34,0.0,0.42,4.92
2026-04-13,ING007,12.42,0.0,2.4,10.02
2026-04-13,ING008,10.46,0.0,1.64,8.82
2026-04-13,ING009,6.14,10.3,3.03,13.41
2026-04-13,ING010,11.09,0.0,3.4,7.69
2026-04-13,ING011,57.02,50.7,27.89,79.83
2026-04-13,ING012,22.22,0.0,7.88,14.34
2026-04-13,ING013,20.05,21.3,8.75,32.6
2026-04-13,ING014,7.1,14.7,1.51,20.29
2026-04-13,ING015,18.1,17.1,22.0,13.2
2026-04-13,ING016,63.92,156.6,19.24,201.28
2026-04-13,ING017,65.7,0.0,7.0,58.7
2026-04-13,ING018,91.04,0.0,5.04,86.0
2026-04-13,ING019,74.36,0.0,5.16,69.2
2026-04-13,ING020,35.52,0.0,2.4,33.12
2026-04-13,ING021,29.44,0.0,3.94,25.5
2026-04-13,ING022,22.86,0.0,2.59,20.27
2026-04-13,ING023,21.48,0.0,1.84,19.64
2026-04-13,ING024,45.44,0.0,1.1,44.34
2026-04-13,ING025,47.35,0.0,9.31,38.04
2026-04-13,ING026,20.04,0.0,1.14,18.9
2026-04-13,ING027,6.76,0.0,0.76,6.0
2026-04-13,ING028,47.34,0.0,4.77,42.57
2026-04-13,ING029,24.37,0.0,3.43,20.94
2026-04-13,ING030,34.0,0.0,17.75,16.25
2026-04-13,ING031,56.52,0.0,13.53,42.99
2026-04-13,ING032,33.16,0.0,5.74,27.42
2026-04-14,ING001,123.67,0.0,22.81,100.86
2026-04-14,ING002,78.34,0.0,12.43,65.91
2026-04-14,ING003,65.53,0.0,6.54,58.99
2026-04-14,ING004,8.48,0.0,0.98,7.5
2026-04-14,ING005,7.84,0.0,0.63,7.21
2026-04-14,ING006,4.92,0.0,0.53,4.39
2026-04-14,ING007,10.02,0.0,2.56,7.46
2026-04-14,ING008,8.82,0.0,1.52,7.3
2026-04-14,ING009,13.41,0.0,3.36,10.05
2026-04-14,ING010,7.69,0.0,3.96,3.73
2026-04-14,ING011,79.83,0.0,26.53,53.3
2026-04-14,ING012,14.34,18.9,6.7,26.54
2026-04-14,ING013,32.6,0.0,12.94,19.66
2026-04-14,ING014,20.29,0.0,1.25,19.04
2026-04-14,ING015,13.2,18.7,28.0,3.9
2026-04-14,ING016,201.28,0.0,19.06,182.22
2026-04-14,ING017,58.7,0.0,8.96,49.74
2026-04-14,ING018,86.0,0.0,3.42,82.58
2026-04-14,ING019,69.2,0.0,4.92,64.28
2026-04-14,ING020,33.12,0.0,2.48,30.64
2026-04-14,ING021,25.5,50.4,3.15,72.75
2026-04-14,ING022,20.27,44.4,3.22,61.45
2026-04-14,ING023,19.64,0.0,1.12,18.52
2026-04-14,ING024,44.34,0.0,1.43,42.91
2026-04-14,ING025,38.04,82.1,9.08,111.06
2026-04-14,ING026,18.9,0.0,1.05,17.85
2026-04-14,ING027,6.0,0.0,0.69,5.31
2026-04-14,ING028,42.57,0.0,5.36,37.21
2026-04-14,ING029,20.94,0.0,3.55,17.39
2026-04-14,ING030,16.25,26.9,16.5,26.65
2026-04-14,ING031,42.99,0.0,12.69,30.3
2026-04-14,ING032,27.42,0.0,5.83,21.59
2026-04-15,ING001,100.86,0.0,20.62,80.24
2026-04-15,ING002,65.91,0.0,12.55,53.36
2026-04-15,ING003,58.99,0.0,6.98,52.01
2026-04-15,ING004,7.5,0.0,0.82,6.68
2026-04-15,ING005,7.21,0.0,0.62,6.59
2026-04-15,ING006,4.39,0.0,0.36,4.03
2026-04-15,ING007,7.46,13.4,2.38,18.48
2026-04-15,ING008,7.3,14.6,1.22,20.68
2026-04-15,ING009,10.05,0.0,2.64,7.41
2026-04-15,ING010,3.73,6.4,3.8,6.33
2026-04-15,ING011,53.3,47.3,27.16,73.44
2026-04-15,ING012,26.54,0.0,7.78,18.76
2026-04-15,ING013,19.66,20.0,12.22,27.44
2026-04-15,ING014,19.04,0.0,1.19,17.85
2026-04-15,ING015,3.9,21.5,32.0,-6.6
2026-04-15,ING016,182.22,0.0,16.76,165.46
2026-04-15,ING017,49.74,0.0,6.68,43.06
2026-04-15,ING018,82.58,0.0,5.94,76.64
2026-04-15,ING019,64.28,0.0,2.96,61.32
2026-04-15,ING020,30.64,0.0,3.6,27.04
2026-04-15,ING021,72.75,0.0,3.7,69.05
2026-04-15,ING022,61.45,0.0,2.31,59.14
2026-04-15,ING023,18.52,55.7,1.04,73.18
2026-04-15,ING024,42.91,0.0,1.05,41.86
2026-04-15,ING025,111.06,0.0,8.51,102.55
2026-04-15,ING026,17.85,0.0,1.23,16.62
2026-04-15,ING027,5.31,15.2,0.58,19.93
2026-04-15,ING028,37.21,0.0,5.19,32.02
2026-04-15,ING029,17.39,0.0,3.35,14.04
2026-04-15,ING030,26.65,24.7,18.0,33.35
2026-04-15,ING031,30.3,44.6,13.19,61.71
2026-04-15,ING032,21.59,0.0,6.74,14.85
2026-04-16,ING001,80.24,0.0,22.04,58.2
2026-04-16,ING002,53.36,0.0,11.72,41.64
2026-04-16,ING003,52.01,0.0,6.12,45.89
2026-04-16,ING004,6.68,0.0,0.84,5.84
2026-04-16,ING005,6.59,0.0,0.39,6.2
2026-04-16,ING006,4.03,5.5,0.5,9.03
2026-04-16,ING007,18.48,0.0,2.94,15.54
2026-04-16,ING008,20.68,0.0,1.73,18.95
2026-04-16,ING009,7.41,12.2,3.39,16.22
2026-04-16,ING010,6.33,7.3,3.5,10.13
2026-04-16,ING011,73.44,0.0,26.4,47.04
2026-04-16,ING012,18.76,0.0,8.74,10.02
2026-04-16,ING013,27.44,0.0,8.45,18.99
2026-04-16,ING014,17.85,0.0,1.29,16.56
2026-04-16,ING015,0.0,16.9,13.0,3.9
2026-04-16,ING016,165.46,0.0,15.62,149.84
2026-04-16,ING017,43.06,0.0,8.3,34.76
2026-04-16,ING018,76.64,0.0,5.94,70.7
2026-04-16,ING019,61.32,0.0,5.32,56.0
2026-04-16,ING020,27.04,0.0,2.0,25.04
2026-04-16,ING021,69.05,0.0,3.39,65.66
2026-04-16,ING022,59.14,0.0,0.0,59.14
2026-04-16,ING023,73.18,0.0,1.6,71.58
2026-04-16,ING024,41.86,0.0,1.28,40.58
2026-04-16,ING025,102.55,0.0,8.84,93.71
2026-04-16,ING026,16.62,0.0,1.14,15.48
2026-04-16,ING027,19.93,0.0,0.67,19.26
2026-04-16,ING028,32.02,74.7,4.6,102.12
2026-04-16,ING029,14.04,0.0,3.27,10.77
2026-04-16,ING030,33.35,0.0,16.25,17.1
2026-04-16,ING031,61.71,0.0,6.51,55.2
2026-04-16,ING032,14.85,23.6,7.44,31.01
2026-04-17,ING001,58.2,0.0,16.68,41.52
2026-04-17,ING002,41.64,95.2,11.97,124.87
2026-04-17,ING003,45.89,0.0,7.01,38.88
2026-04-17,ING004,5.84,0.0,0.57,5.27
2026-04-17,ING005,6.2,11.6,0.56,17.24
2026-04-17,ING006,9.03,0.0,0.32,8.71
2026-04-17,ING007,15.54,0.0,2.32,13.22
2026-04-17,ING008,18.95,0.0,1.32,17.63
2026-04-17,ING009,16.22,0.0,2.92,13.3
2026-04-17,ING010,10.13,0.0,2.63,7.5
2026-04-17,ING011,47.04,61.0,21.51,86.53
2026-04-17,ING012,10.02,19.8,7.72,22.1
2026-04-17,ING013,18.99,23.5,10.9,31.59
2026-04-17,ING014,16.56,0.0,1.43,15.13
2026-04-17,ING015,3.9,20.0,26.0,-2.1
2026-04-17,ING016,149.84,0.0,17.32,132.52
2026-04-17,ING017,34.76,84.1,7.7,111.16
2026-04-17,ING018,70.7,0.0,4.8,65.9
2026-04-17,ING019,56.0,0.0,3.16,52.84
2026-04-17,ING020,25.04,0.0,2.24,22.8
2026-04-17,ING021,65.66,0.0,3.74,61.92
2026-04-17,ING022,59.14,0.0,2.52,56.62
2026-04-17,ING023,71.58,0.0,1.52,70.06
2026-04-17,ING024,40.58,0.0,1.0,39.58
2026-04-17,ING025,93.71,0.0,7.33,86.38
2026-04-17,ING026,15.48,0.0,0.91,14.57
2026-04-17,ING027,19.26,0.0,0.5,18.76
2026-04-17,ING028,102.12,0.0,4.03,98.09
2026-04-17,ING029,10.77,24.0,2.9,31.87
2026-04-17,ING030,17.1,23.2,14.25,26.05
2026-04-17,ING031,55.2,0.0,7.68,47.52
2026-04-17,ING032,31.01,0.0,5.93,25.08
2026-04-18,ING001,41.52,63.8,6.26,99.06
2026-04-18,ING002,124.87,0.0,3.93,120.94
2026-04-18,ING003,38.88,0.0,2.23,36.65
2026-04-18,ING004,5.27,0.0,0.26,5.01
2026-04-18,ING005,17.24,0.0,0.19,17.05
2026-04-18,ING006,8.71,0.0,0.15,8.56
2026-04-18,ING007,13.22,0.0,0.73,12.49
2026-04-18,ING008,17.63,0.0,0.38,17.25
2026-04-18,ING009,13.3,0.0,0.93,12.37
2026-04-18,ING010,7.5,0.0,1.06,6.44
2026-04-18,ING011,86.53,0.0,6.36,80.17
2026-04-18,ING012,22.1,0.0,2.26,19.84
2026-04-18,ING013,31.59,0.0,3.05,28.54
2026-04-18,ING014,15.13,0.0,0.33,14.8
2026-04-18,ING015,0.0,17.9,7.0,10.9
2026-04-18,ING016,132.52,0.0,5.3,127.22
2026-04-18,ING017,111.16,0.0,2.6,108.56
2026-04-18,ING018,65.9,0.0,1.62,64.28
2026-04-18,ING019,52.84,0.0,1.56,51.28
2026-04-18,ING020,22.8,0.0,0.88,21.92
2026-04-18,ING021,61.92,0.0,1.05,60.87
2026-04-18,ING022,56.62,0.0,0.98,55.64
2026-04-18,ING023,70.06,0.0,0.56,69.5
2026-04-18,ING024,39.58,0.0,0.35,39.23
2026-04-18,ING025,86.38,0.0,2.73,83.65
2026-04-18,ING026,14.57,0.0,0.27,14.3
2026-04-18,ING027,18.76,0.0,0.15,18.61
2026-04-18,ING028,98.09,0.0,1.27,96.82
2026-04-18,ING029,31.87,0.0,1.0,30.87
2026-04-18,ING030,26.05,0.0,4.5,21.55
2026-04-18,ING031,47.52,0.0,2.51,45.01
2026-04-18,ING032,25.08,0.0,2.27,22.81
2026-04-19,ING001,99.06,0.0,5.69,93.37
2026-04-19,ING002,120.94,0.0,3.69,117.25
2026-04-19,ING003,36.65,0.0,2.1,34.55
2026-04-19,ING004,5.01,10.5,0.22,15.29
2026-04-19,ING005,17.05,0.0,0.15,16.9
2026-04-19,ING006,8.56,0.0,0.1,8.46
2026-04-19,ING007,12.49,0.0,0.71,11.78
2026-04-19,ING008,17.25,0.0,0.45,16.8
2026-04-19,ING009,12.37,0.0,0.75,11.62
2026-04-19,ING010,6.44,0.0,0.74,5.7
2026-04-19,ING011,80.17,0.0,7.08,73.09
2026-04-19,ING012,19.84,0.0,2.06,17.78
2026-04-19,ING013,28.54,0.0,2.92,25.62
2026-04-19,ING014,14.8,0.0,0.34,14.46
2026-04-19,ING015,10.9,23.7,6.0,28.6
2026-04-19,ING016,127.22,0.0,5.48,121.74
2026-04-19,ING017,108.56,0.0,1.48,107.08
2026-04-19,ING018,64.28,0.0,1.68,62.6
2026-04-19,ING019,51.28,0.0,1.28,50.0
2026-04-19,ING020,21.92,0.0,1.12,20.8
2026-04-19,ING021,60.87,0.0,1.26,59.61
2026-04-19,ING022,55.64,0.0,0.77,54.87
2026-04-19,ING023,69.5,0.0,0.48,69.02
2026-04-19,ING024,39.23,0.0,0.4,38.83
2026-04-19,ING025,83.65,0.0,2.54,81.11
2026-04-19,ING026,14.3,0.0,0.28,14.02
2026-04-19,ING027,18.61,0.0,0.19,18.42
2026-04-19,ING028,96.82,0.0,1.22,95.6
2026-04-19,ING029,30.87,0.0,0.94,29.93
2026-04-19,ING030,21.55,0.0,4.75,16.8
2026-04-19,ING031,45.01,0.0,1.84,43.17
2026-04-19,ING032,22.81,0.0,2.3,20.51
2026-04-20,ING001,93.37,0.0,22.22,71.15
2026-04-20,ING002,117.25,0.0,11.66,105.59
2026-04-20,ING003,34.55,0.0,6.27,28.28
2026-04-20,ING004,15.29,0.0,0.94,14.35
2026-04-20,ING005,16.9,0.0,0.51,16.39
2026-04-20,ING006,8.46,0.0,0.55,7.91
2026-04-20,ING007,11.78,0.0,2.57,9.21
2026-04-20,ING008,16.8,0.0,1.51,15.29
2026-04-20,ING009,11.62,0.0,3.31,8.31
2026-04-20,ING010,5.7,6.7,2.8,9.6
2026-04-20,ING011,73.09,0.0,25.34,47.75
2026-04-20,ING012,17.78,0.0,7.74,10.04
2026-04-20,ING013,25.62,0.0,10.52,15.1
2026-04-20,ING014,14.46,0.0,1.39,13.07
2026-04-20,ING015,28.6,20.3,24.0,24.9
2026-04-20,ING016,121.74,0.0,16.16,105.58
2026-04-20,ING017,107.08,0.0,8.58,98.5
2026-04-20,ING018,62.6,0.0,4.2,58.4
2026-04-20,ING019,50.0,0.0,5.4,44.6
2026-04-20,ING020,20.8,0.0,1.6,19.2
2026-04-20,ING021,59.61,0.0,3.28,56.33
2026-04-20,ING022,54.87,0.0,2.03,52.84
2026-04-20,ING023,69.02,0.0,1.36,67.66
2026-04-20,ING024,38.83,0.0,1.1,37.73
2026-04-20,ING025,81.11,0.0,9.05,72.06
2026-04-20,ING026,14.02,0.0,1.01,13.01
2026-04-20,ING027,18.42,0.0,0.67,17.75
2026-04-20,ING028,95.6,0.0,4.56,91.04
2026-04-20,ING029,29.93,0.0,3.42,26.51
2026-04-20,ING030,16.8,23.6,15.75,24.65
2026-04-20,ING031,43.17,0.0,8.35,34.82
2026-04-20,ING032,20.51,28.5,8.96,40.05
2026-04-21,ING001,71.15,0.0,25.23,45.92
2026-04-21,ING002,105.59,0.0,12.96,92.63
2026-04-21,ING003,28.28,49.8,8.07,70.01
2026-04-21,ING004,14.35,0.0,1.01,13.34
2026-04-21,ING005,16.39,0.0,0.67,15.72
2026-04-21,ING006,7.91,0.0,0.57,7.34
2026-04-21,ING007,9.21,0.0,1.94,7.27
2026-04-21,ING008,15.29,0.0,1.7,13.59
2026-04-21,ING009,8.31,12.3,3.03,17.58
2026-04-21,ING010,9.6,0.0,3.76,5.84
2026-04-21,ING011,47.75,45.3,27.97,65.08
2026-04-21,ING012,10.04,17.3,6.78,20.56
2026-04-21,ING013,15.1,18.7,11.93,21.87
2026-04-21,ING014,13.07,0.0,1.22,11.85
2026-04-21,ING015,24.9,21.8,26.0,20.7
2026-04-21,ING016,105.58,0.0,19.68,85.9
2026-04-21,ING017,98.5,0.0,6.12,92.38
2026-04-21,ING018,58.4,0.0,5.22,53.18
2026-04-21,ING019,44.6,0.0,5.76,38.84
2026-04-21,ING020,19.2,51.5,2.48,68.22
2026-04-21,ING021,56.33,0.0,3.82,52.51
2026-04-21,ING022,52.84,0.0,3.08,49.76
2026-04-21,ING023,67.66,0.0,1.52,66.14
2026-04-21,ING024,37.73,0.0,1.3,36.43
2026-04-21,ING025,72.06,0.0,10.25,61.81
2026-04-21,ING026,13.01,0.0,1.23,11.78
2026-04-21,ING027,17.75,0.0,0.63,17.12
2026-04-21,ING028,91.04,0.0,5.23,85.81
2026-04-21,ING029,26.51,0.0,3.69,22.82
2026-04-21,ING030,24.65,22.3,16.0,30.95
2026-04-21,ING031,34.82,0.0,8.68,26.14
2026-04-21,ING032,40.05,0.0,10.05,30.0
2026-04-22,ING001,45.92,74.7,21.95,98.67
2026-04-22,ING002,92.63,0.0,11.47,81.16
2026-04-22,ING003,70.01,0.0,5.98,64.03
2026-04-22,ING004,13.34,0.0,0.94,12.4
2026-04-22,ING005,15.72,0.0,0.52,15.2
2026-04-22,ING006,7.34,0.0,0.45,6.89
2026-04-22,ING007,7.27,13.0,2.31,17.96
2026-04-22,ING008,13.59,0.0,1.27,12.32
2026-04-22,ING009,17.58,0.0,2.81,14.77
2026-04-22,ING010,5.84,8.7,2.82,11.72
2026-04-22,ING011,65.08,0.0,27.98,37.1
2026-04-22,ING012,20.56,0.0,7.26,13.3
2026-04-22,ING013,21.87,24.7,11.96,34.61
2026-04-22,ING014,11.85,0.0,1.31,10.54
2026-04-22,ING015,20.7,17.4,26.0,12.1
2026-04-22,ING016,85.9,0.0,13.98,71.92
2026-04-22,ING017,92.38,0.0,7.44,84.94
2026-04-22,ING018,53.18,0.0,3.84,49.34
2026-04-22,ING019,38.84,0.0,5.44,33.4
2026-04-22,ING020,68.22,0.0,3.36,64.86
2026-04-22,ING021,52.51,0.0,2.94,49.57
2026-04-22,ING022,49.76,0.0,1.4,48.36
2026-04-22,ING023,66.14,0.0,1.92,64.22
2026-04-22,ING024,36.43,0.0,1.05,35.38
2026-04-22,ING025,61.81,0.0,8.74,53.07
2026-04-22,ING026,11.78,0.0,1.3,10.48
2026-04-22,ING027,17.12,0.0,0.58,16.54
2026-04-22,ING028,85.81,0.0,5.0,80.81
2026-04-22,ING029,22.82,0.0,3.35,19.47
2026-04-22,ING030,30.95,25.4,18.0,38.35
2026-04-22,ING031,26.14,42.2,10.35,57.99
2026-04-22,ING032,30.0,0.0,7.05,22.95
2026-04-23,ING001,98.67,0.0,19.8,78.87
2026-04-23,ING002,81.16,0.0,11.37,69.79
2026-04-23,ING003,64.03,0.0,5.51,58.52
2026-04-23,ING004,12.4,0.0,0.88,11.52
2026-04-23,ING005,15.2,0.0,0.45,14.75
2026-04-23,ING006,6.89,0.0,0.38,6.51
2026-04-23,ING007,17.96,0.0,2.83,15.13
2026-04-23,ING008,12.32,0.0,1.74,10.58
2026-04-23,ING009,14.77,0.0,3.04,11.73
2026-04-23,ING010,11.72,0.0,2.85,8.87
2026-04-23,ING011,37.1,58.8,25.27,70.63
2026-04-23,ING012,13.3,15.9,7.48,21.72
2026-04-23,ING013,34.61,0.0,7.46,27.15
2026-04-23,ING014,10.54,0.0,1.23,9.31
2026-04-23,ING015,12.1,16.3,22.0,6.4
2026-04-23,ING016,71.92,0.0,15.3,56.62
2026-04-23,ING017,84.94,0.0,6.74,78.2
2026-04-23,ING018,49.34,0.0,5.04,44.3
2026-04-23,ING019,33.4,94.3,4.4,123.3
2026-04-23,ING020,64.86,0.0,4.0,60.86
2026-04-23,ING021,49.57,0.0,3.33,46.24
2026-04-23,ING022,48.36,0.0,1.4,46.96
2026-04-23,ING023,64.22,0.0,1.44,62.78
2026-04-23,ING024,35.38,0.0,0.78,34.6
2026-04-23,ING025,53.07,0.0,8.49,44.58
2026-04-23,ING026,10.48,0.0,1.19,9.29
2026-04-23,ING027,16.54,0.0,0.58,15.96
2026-04-23,ING028,80.81,0.0,4.22,76.59
2026-04-23,ING029,19.47,0.0,3.15,16.32
2026-04-23,ING030,38.35,0.0,13.5,24.85
2026-04-23,ING031,57.99,0.0,9.19,48.8
2026-04-23,ING032,22.95,0.0,8.24,14.71
2026-04-24,ING001,78.87,0.0,20.53,58.34
2026-04-24,ING002,69.79,0.0,11.97,57.82
2026-04-24,ING003,58.52,0.0,6.18,52.34
2026-04-24,ING004,11.52,0.0,0.78,10.74
2026-04-24,ING005,14.75,0.0,0.39,14.36
2026-04-24,ING006,6.51,0.0,0.48,6.03
2026-04-24,ING007,15.13,0.0,3.02,12.11
2026-04-24,ING008,10.58,0.0,2.1,8.48
2026-04-24,ING009,11.73,0.0,3.85,7.88
2026-04-24,ING010,8.87,0.0,3.0,5.87
2026-04-24,ING011,70.63,0.0,27.54,43.09
2026-04-24,ING012,21.72,0.0,7.58,14.14
2026-04-24,ING013,27.15,0.0,10.81,16.34
2026-04-24,ING014,9.31,0.0,1.4,7.91
2026-04-24,ING015,6.4,15.5,16.0,5.9
2026-04-24,ING016,56.62,114.8,19.12,152.3
2026-04-24,ING017,78.2,0.0,8.74,69.46
2026-04-24,ING018,44.3,120.7,5.1,159.9
2026-04-24,ING019,123.3,0.0,4.64,118.66
2026-04-24,ING020,60.86,0.0,1.6,59.26
2026-04-24,ING021,46.24,0.0,4.17,42.07
2026-04-24,ING022,46.96,0.0,1.61,45.35
2026-04-24,ING023,62.78,0.0,1.36,61.42
2026-04-24,ING024,34.6,0.0,1.15,33.45
2026-04-24,ING025,44.58,89.7,8.93,125.35
2026-04-24,ING026,9.29,0.0,1.1,8.19
2026-04-24,ING027,15.96,0.0,0.76,15.2
2026-04-24,ING028,76.59,0.0,4.85,71.74
2026-04-24,ING029,16.32,0.0,3.41,12.91
2026-04-24,ING030,24.85,28.5,12.5,40.85
2026-04-24,ING031,48.8,0.0,4.68,44.12
2026-04-24,ING032,14.71,25.7,11.1,29.31
2026-04-25,ING001,58.34,0.0,7.37,50.97
2026-04-25,ING002,57.82,0.0,4.37,53.45
2026-04-25,ING003,52.34,0.0,2.52,49.82
2026-04-25,ING004,10.74,0.0,0.28,10.46
2026-04-25,ING005,14.36,0.0,0.19,14.17
2026-04-25,ING006,6.03,0.0,0.16,5.87
2026-04-25,ING007,12.11,0.0,0.69,11.42
2026-04-25,ING008,8.48,0.0,0.45,8.03
2026-04-25,ING009,7.88,0.0,1.08,6.8
2026-04-25,ING010,5.87,0.0,1.46,4.41
2026-04-25,ING011,43.09,0.0,8.55,34.54
2026-04-25,ING012,14.14,0.0,2.9,11.24
2026-04-25,ING013,16.34,0.0,2.98,13.36
2026-04-25,ING014,7.91,0.0,0.56,7.35
2026-04-25,ING015,5.9,16.3,7.0,15.2
2026-04-25,ING016,152.3,0.0,4.9,147.4
2026-04-25,ING017,69.46,0.0,2.92,66.54
2026-04-25,ING018,159.9,0.0,1.38,158.52
2026-04-25,ING019,118.66,0.0,1.64,117.02
2026-04-25,ING020,59.26,0.0,1.28,57.98
2026-04-25,ING021,42.07,0.0,1.07,41.0
2026-04-25,ING022,45.35,0.0,0.7,44.65
2026-04-25,ING023,61.42,0.0,0.56,60.86
2026-04-25,ING024,33.45,0.0,0.3,33.15
2026-04-25,ING025,125.35,0.0,2.94,122.41
2026-04-25,ING026,8.19,0.0,0.37,7.82
2026-04-25,ING027,15.2,0.0,0.21,14.99
2026-04-25,ING028,71.74,0.0,1.63,70.11
2026-04-25,ING029,12.91,0.0,1.15,11.76
2026-04-25,ING030,40.85,0.0,7.0,33.85
2026-04-25,ING031,44.12,0.0,2.34,41.78
2026-04-25,ING032,29.31,0.0,2.38,26.93
2026-04-26,ING001,50.97,0.0,8.31,42.66
2026-04-26,ING002,53.45,0.0,5.04,48.41
2026-04-26,ING003,49.82,0.0,2.7,47.12
2026-04-26,ING004,10.46,0.0,0.33,10.13
2026-04-26,ING005,14.17,0.0,0.21,13.96
2026-04-26,ING006,5.87,0.0,0.19,5.68
2026-04-26,ING007,11.42,0.0,1.18,10.24
2026-04-26,ING008,8.03,0.0,0.68,7.35
2026-04-26,ING009,6.8,11.4,1.3,16.9
2026-04-26,ING010,4.41,7.0,1.09,10.32
2026-04-26,ING011,34.54,62.2,7.18,89.56
2026-04-26,ING012,11.24,17.8,3.6,25.44
2026-04-26,ING013,13.36,21.8,1.69,33.47
2026-04-26,ING014,7.35,0.0,0.55,6.8
2026-04-26,ING015,15.2,22.4,9.0,28.6
2026-04-26,ING016,147.4,0.0,6.38,141.02
2026-04-26,ING017,66.54,0.0,3.06,63.48
2026-04-26,ING018,158.52,0.0,2.22,156.3
2026-04-26,ING019,117.02,0.0,1.96,115.06
2026-04-26,ING020,57.98,0.0,1.12,56.86
2026-04-26,ING021,41.0,0.0,1.33,39.67
2026-04-26,ING022,44.65,0.0,0.63,44.02
2026-04-26,ING023,60.86,0.0,0.64,60.22
2026-04-26,ING024,33.15,0.0,0.43,32.72
2026-04-26,ING025,122.41,0.0,3.57,118.84
2026-04-26,ING026,7.82,0.0,0.39,7.43
2026-04-26,ING027,14.99,0.0,0.12,14.87
2026-04-26,ING028,70.11,0.0,1.22,68.89
2026-04-26,ING029,11.76,0.0,1.32,10.44
2026-04-26,ING030,33.85,0.0,7.25,26.6
2026-04-26,ING031,41.78,0.0,3.17,38.61
2026-04-26,ING032,26.93,0.0,2.8,24.13
2026-04-27,ING001,42.66,79.4,17.33,104.73
2026-04-27,ING002,48.41,0.0,10.98,37.43
2026-04-27,ING003,47.12,0.0,6.47,40.65
2026-04-27,ING004,10.13,0.0,0.83,9.3
2026-04-27,ING005,13.96,0.0,0.56,13.4
2026-04-27,ING006,5.68,0.0,0.49,5.19
2026-04-27,ING007,10.24,0.0,2.2,8.04
2026-04-27,ING008,7.35,17.7,1.16,23.89
2026-04-27,ING009,16.9,0.0,2.57,14.33
2026-04-27,ING010,10.32,0.0,1.68,8.64
2026-04-27,ING011,89.56,0.0,21.67,67.89
2026-04-27,ING012,25.44,0.0,7.14,18.3
2026-04-27,ING013,33.47,0.0,9.19,24.28
2026-04-27,ING014,6.8,17.0,1.2,22.6
2026-04-27,ING015,28.6,0.0,17.0,11.6
2026-04-27,ING016,141.02,0.0,15.64,125.38
2026-04-27,ING017,63.48,0.0,6.66,56.82
2026-04-27,ING018,156.3,0.0,5.1,151.2
2026-04-27,ING019,115.06,0.0,5.08,109.98
2026-04-27,ING020,56.86,0.0,2.24,54.62
2026-04-27,ING021,39.67,0.0,3.62,36.05
2026-04-27,ING022,44.02,0.0,2.59,41.43
2026-04-27,ING023,60.22,0.0,1.44,58.78
2026-04-27,ING024,32.72,0.0,0.65,32.07
2026-04-27,ING025,118.84,0.0,7.7,111.14
2026-04-27,ING026,7.43,16.1,0.83,22.7
2026-04-27,ING027,14.87,0.0,0.6,14.27
2026-04-27,ING028,68.89,0.0,3.48,65.41
2026-04-27,ING029,10.44,28.8,2.85,36.39
2026-04-27,ING030,26.6,0.0,8.0,18.6
2026-04-27,ING031,38.61,0.0,8.02,30.59
2026-04-27,ING032,24.13,0.0,5.25,18.88
2026-04-28,ING001,104.73,0.0,20.63,84.1
2026-04-28,ING002,37.43,90.1,12.4,115.13
2026-04-28,ING003,40.65,0.0,7.92,32.73
2026-04-28,ING004,9.3,0.0,0.87,8.43
2026-04-28,ING005,13.4,0.0,0.69,12.71
2026-04-28,ING006,5.19,0.0,0.41,4.78
2026-04-28,ING007,8.04,0.0,1.99,6.05
2026-04-28,ING008,23.89,0.0,0.65,23.24
2026-04-28,ING009,14.33,0.0,2.16,12.17
2026-04-28,ING010,8.64,0.0,2.47,6.17
2026-04-28,ING011,67.89,0.0,21.3,46.59
2026-04-28,ING012,18.3,0.0,8.3,10.0
2026-04-28,ING013,24.28,0.0,7.13,17.15
2026-04-28,ING014,22.6,0.0,1.41,21.19
2026-04-28,ING015,11.6,16.8,14.0,14.4
2026-04-28,ING016,125.38,0.0,16.86,108.52
2026-04-28,ING017,56.82,0.0,6.82,50.0
2026-04-28,ING018,151.2,0.0,5.88,145.32
2026-04-28,ING019,109.98,0.0,4.76,105.22
2026-04-28,ING020,54.62,0.0,2.16,52.46
2026-04-28,ING021,36.05,0.0,4.29,31.76
2026-04-28,ING022,41.43,0.0,3.08,38.35
2026-04-28,ING023,58.78,0.0,1.76,57.02
2026-04-28,ING024,32.07,0.0,1.1,30.97
2026-04-28,ING025,111.14,0.0,8.54,102.6
2026-04-28,ING026,22.7,0.0,1.1,21.6
2026-04-28,ING027,14.27,0.0,0.39,13.88
2026-04-28,ING028,65.41,0.0,3.61,61.8
2026-04-28,ING029,36.39,0.0,3.26,33.13
2026-04-28,ING030,18.6,28.3,15.0,31.9
2026-04-28,ING031,30.59,36.0,11.86,54.73
2026-04-28,ING032,18.88,28.2,6.45,40.63
2026-04-29,ING001,84.1,0.0,21.44,62.66
2026-04-29,ING002,115.13,0.0,13.31,101.82
2026-04-29,ING003,32.73,0.0,6.88,25.85
2026-04-29,ING004,8.43,0.0,0.86,7.57
2026-04-29,ING005,12.71,0.0,0.48,12.23
2026-04-29,ING006,4.78,0.0,0.54,4.24
2026-04-29,ING007,6.05,12.1,2.54,15.61
2026-04-29,ING008,23.24,0.0,1.15,22.09
2026-04-29,ING009,12.17,0.0,3.18,8.99
2026-04-29,ING010,6.17,8.5,3.26,11.41
2026-04-29,ING011,46.59,45.2,23.34,68.45
2026-04-29,ING012,10.0,15.9,9.22,16.68
2026-04-29,ING013,17.15,19.0,10.87,25.28
2026-04-29,ING014,21.19,0.0,1.45,19.74
2026-04-29,ING015,14.4,15.2,22.0,7.6
2026-04-29,ING016,108.52,0.0,16.4,92.12
2026-04-29,ING017,50.0,0.0,9.38,40.62
2026-04-29,ING018,145.32,0.0,5.64,139.68
2026-04-29,ING019,105.22,0.0,4.92,100.3
2026-04-29,ING020,52.46,0.0,3.68,48.78
2026-04-29,ING021,31.76,0.0,3.54,28.22
2026-04-29,ING022,38.35,0.0,1.82,36.53
2026-04-29,ING023,57.02,0.0,1.36,55.66
2026-04-29,ING024,30.97,0.0,1.4,29.57
2026-04-29,ING025,102.6,0.0,8.87,93.73
2026-04-29,ING026,21.6,0.0,0.87,20.73
2026-04-29,ING027,13.88,0.0,0.65,13.23
2026-04-29,ING028,61.8,0.0,4.33,57.47
2026-04-29,ING029,33.13,0.0,3.34,29.79
2026-04-29,ING030,31.9,0.0,15.5,16.4
2026-04-29,ING031,54.73,0.0,5.34,49.39
2026-04-29,ING032,40.63,0.0,7.53,33.1
2026-04-30,ING001,62.66,0.0,20.32,42.34
2026-04-30,ING002,101.82,0.0,10.84,90.98
2026-04-30,ING003,25.85,53.0,6.33,72.52
2026-04-30,ING004,7.57,0.0,0.83,6.74
2026-04-30,ING005,12.23,0.0,0.53,11.7
2026-04-30,ING006,4.24,0.0,0.39,3.85
2026-04-30,ING007,15.61,0.0,1.95,13.66
2026-04-30,ING008,22.09,0.0,1.43,20.66
2026-04-30,ING009,8.99,0.0,2.67,6.32
2026-04-30,ING010,11.41,0.0,3.22,8.19
2026-04-30,ING011,68.45,0.0,22.91,45.54
2026-04-30,ING012,16.68,0.0,5.1,11.58
2026-04-30,ING013,25.28,0.0,9.25,16.03
2026-04-30,ING014,19.74,0.0,0.84,18.9
2026-04-30,ING015,7.6,21.9,17.0,12.5
2026-04-30,ING016,92.12,0.0,16.26,75.86
2026-04-30,ING017,40.62,0.0,6.0,34.62
2026-04-30,ING018,139.68,0.0,4.62,135.06
2026-04-30,ING019,100.3,0.0,4.52,95.78
2026-04-30,ING020,48.78,0.0,2.56,46.22
2026-04-30,ING021,28.22,0.0,3.37,24.85
2026-04-30,ING022,36.53,0.0,2.73,33.8
2026-04-30,ING023,55.66,0.0,1.6,54.06
2026-04-30,ING024,29.57,0.0,0.88,28.69
2026-04-30,ING025,93.73,0.0,8.49,85.24
2026-04-30,ING026,20.73,0.0,0.96,19.77
2026-04-30,ING027,13.23,0.0,0.6,12.63
2026-04-30,ING028,57.47,0.0,4.28,53.19
2026-04-30,ING029,29.79,0.0,2.99,26.8
2026-04-30,ING030,16.4,22.3,14.25,24.45
2026-04-30,ING031,49.39,0.0,9.19,40.2
2026-04-30,ING032,33.1,0.0,8.45,24.65
2026-05-01,ING001,42.34,73.9,22.95,93.29
2026-05-01,ING002,90.98,0.0,10.95,80.03
2026-05-01,ING003,72.52,0.0,6.73,65.79
2026-05-01,ING004,6.74,0.0,1.08,5.66
2026-05-01,ING005,11.7,0.0,0.6,11.1
2026-05-01,ING006,3.85,7.3,0.46,10.69
2026-05-01,ING007,13.66,0.0,2.2,11.46
2026-05-01,ING008,20.66,0.0,1.88,18.78
2026-05-01,ING009,6.32,10.7,2.69,14.33
2026-05-01,ING010,8.19,0.0,3.69,4.5
2026-05-01,ING011,45.54,56.0,24.95,76.59
2026-05-01,ING012,11.58,17.5,6.08,23.0
2026-05-01,ING013,16.03,22.2,4.6,33.63
2026-05-01,ING014,18.9,0.0,1.21,17.69
2026-05-01,ING015,12.5,21.8,17.0,17.3
2026-05-01,ING016,75.86,0.0,17.6,58.26
2026-05-01,ING017,34.62,0.0,4.6,30.02
2026-05-01,ING018,135.06,0.0,3.06,132.0
2026-05-01,ING019,95.78,0.0,5.44,90.34
2026-05-01,ING020,46.22,0.0,3.12,43.1
2026-05-01,ING021,24.85,53.2,2.98,75.07
2026-05-01,ING022,33.8,0.0,3.08,30.72
2026-05-01,ING023,54.06,0.0,0.96,53.1
2026-05-01,ING024,28.69,0.0,1.02,27.67
2026-05-01,ING025,85.24,0.0,9.23,76.01
2026-05-01,ING026,19.77,0.0,1.02,18.75
2026-05-01,ING027,12.63,0.0,0.72,11.91
2026-05-01,ING028,53.19,0.0,4.27,48.92
2026-05-01,ING029,26.8,0.0,3.29,23.51
2026-05-01,ING030,24.45,23.9,15.5,32.85
2026-05-01,ING031,40.2,0.0,9.69,30.51
2026-05-01,ING032,24.65,0.0,9.53,15.12
2026-05-02,ING001,93.29,0.0,7.53,85.76
2026-05-02,ING002,80.03,0.0,3.9,76.13
2026-05-02,ING003,65.79,0.0,2.45,63.34
2026-05-02,ING004,5.66,0.0,0.32,5.34
2026-05-02,ING005,11.1,0.0,0.22,10.88
2026-05-02,ING006,10.69,0.0,0.14,10.55
2026-05-02,ING007,11.46,0.0,0.84,10.62
2026-05-02,ING008,18.78,0.0,0.54,18.24
2026-05-02,ING009,14.33,0.0,0.87,13.46
2026-05-02,ING010,4.5,6.8,1.18,10.12
2026-05-02,ING011,76.59,0.0,7.65,68.94
2026-05-02,ING012,23.0,0.0,2.54,20.46
2026-05-02,ING013,33.63,0.0,2.57,31.06
2026-05-02,ING014,17.69,0.0,0.43,17.26
2026-05-02,ING015,17.3,0.0,6.0,11.3
2026-05-02,ING016,58.26,0.0,5.94,52.32
2026-05-02,ING017,30.02,89.0,1.78,117.24
2026-05-02,ING018,132.0,0.0,1.74,130.26
2026-05-02,ING019,90.34,0.0,1.96,88.38
2026-05-02,ING020,43.1,0.0,0.64,42.46
2026-05-02,ING021,75.07,0.0,1.17,73.9
2026-05-02,ING022,30.72,0.0,0.77,29.95
2026-05-02,ING023,53.1,0.0,0.64,52.46
2026-05-02,ING024,27.67,0.0,0.33,27.34
2026-05-02,ING025,76.01,0.0,3.09,72.92
2026-05-02,ING026,18.75,0.0,0.38,18.37
2026-05-02,ING027,11.91,0.0,0.15,11.76
2026-05-02,ING028,48.92,0.0,1.43,47.49
2026-05-02,ING029,23.51,0.0,1.11,22.4
2026-05-02,ING030,32.85,0.0,5.25,27.6
2026-05-02,ING031,30.51,0.0,4.01,26.5
2026-05-02,ING032,15.12,25.4,2.19,38.33
2026-05-03,ING001,85.76,0.0,6.55,79.21
2026-05-03,ING002,76.13,0.0,3.12,73.01
2026-05-03,ING003,63.34,0.0,1.76,61.58
2026-05-03,ING004,5.34,0.0,0.28,5.06
2026-05-03,ING005,10.88,0.0,0.14,10.74
2026-05-03,ING006,10.55,0.0,0.17,10.38
2026-05-03,ING007,10.62,0.0,0.54,10.08
2026-05-03,ING008,18.24,0.0,0.28,17.96
2026-05-03,ING009,13.46,0.0,0.84,12.62
2026-05-03,ING010,10.12,0.0,1.02,9.1
2026-05-03,ING011,68.94,0.0,6.42,62.52
2026-05-03,ING012,20.46,0.0,2.22,18.24
2026-05-03,ING013,31.06,0.0,3.98,27.08
2026-05-03,ING014,17.26,0.0,0.38,16.88
2026-05-03,ING015,11.3,16.5,9.0,18.8
2026-05-03,ING016,52.32,0.0,3.52,48.8
2026-05-03,ING017,117.24,0.0,2.52,114.72
2026-05-03,ING018,130.26,0.0,1.26,129.0
2026-05-03,ING019,88.38,0.0,1.48,86.9
2026-05-03,ING020,42.46,0.0,0.56,41.9
2026-05-03,ING021,73.9,0.0,0.76,73.14
2026-05-03,ING022,29.95,0.0,0.42,29.53
2026-05-03,ING023,52.46,0.0,0.24,52.22
2026-05-03,ING024,27.34,0.0,0.2,27.14
2026-05-03,ING025,72.92,0.0,2.42,70.5
2026-05-03,ING026,18.37,0.0,0.24,18.13
2026-05-03,ING027,11.76,0.0,0.16,11.6
2026-05-03,ING028,47.49,0.0,1.35,46.14
2026-05-03,ING029,22.4,0.0,0.89,21.51
2026-05-03,ING030,27.6,0.0,5.0,22.6
2026-05-03,ING031,26.5,0.0,2.5,24.0
2026-05-03,ING032,38.33,0.0,1.95,36.38
2026-05-04,ING001,79.21,0.0,23.52,55.69
2026-05-04,ING002,73.01,0.0,12.11,60.9
2026-05-04,ING003,61.58,0.0,7.23,54.35
2026-05-04,ING004,5.06,8.5,0.94,12.62
2026-05-04,ING005,10.74,0.0,0.57,10.17
2026-05-04,ING006,10.38,0.0,0.44,9.94
2026-05-04,ING007,10.08,0.0,1.88,8.2
2026-05-04,ING008,17.96,0.0,1.46,16.5
2026-05-04,ING009,12.62,0.0,2.81,9.81
2026-05-04,ING010,9.1,0.0,4.77,4.33
2026-05-04,ING011,62.52,0.0,20.65,41.87
2026-05-04,ING012,18.24,0.0,6.22,12.02
2026-05-04,ING013,27.08,0.0,14.72,12.36
2026-05-04,ING014,16.88,0.0,1.32,15.56
2026-05-04,ING015,18.8,23.6,16.0,26.4
2026-05-04,ING016,48.8,107.4,20.34,135.86
2026-05-04,ING017,114.72,0.0,6.68,108.04
2026-05-04,ING018,129.0,0.0,4.44,124.56
2026-05-04,ING019,86.9,0.0,4.2,82.7
2026-05-04,ING020,41.9,0.0,3.36,38.54
2026-05-04,ING021,73.14,0.0,4.57,68.57
2026-05-04,ING022,29.53,0.0,1.54,27.99
2026-05-04,ING023,52.22,0.0,0.88,51.34
2026-05-04,ING024,27.14,0.0,1.83,25.31
2026-05-04,ING025,70.5,0.0,8.55,61.95
2026-05-04,ING026,18.13,0.0,0.75,17.38
2026-05-04,ING027,11.6,0.0,0.51,11.09
2026-05-04,ING028,46.14,0.0,4.99,41.15
2026-05-04,ING029,21.51,0.0,3.23,18.28
2026-05-04,ING030,22.6,28.9,15.25,36.25
2026-05-04,ING031,24.0,39.4,12.86,50.54
2026-05-04,ING032,36.38,0.0,5.19,31.19
2026-05-05,ING001,55.69,71.1,21.31,105.48
2026-05-05,ING002,60.9,0.0,11.71,49.19
2026-05-05,ING003,54.35,0.0,6.63,47.72
2026-05-05,ING004,12.62,0.0,0.88,11.74
2026-05-05,ING005,10.17,0.0,0.48,9.69
2026-05-05,ING006,9.94,0.0,0.41,9.53
2026-05-05,ING007,8.2,11.6,2.42,17.38
2026-05-05,ING008,16.5,0.0,1.48,15.02
2026-05-05,ING009,9.81,0.0,2.49,7.32
2026-05-05,ING010,4.33,8.2,2.79,9.74
2026-05-05,ING011,41.87,54.6,16.87,79.6
2026-05-05,ING012,12.02,17.9,7.26,22.66
2026-05-05,ING013,12.36,22.5,12.08,22.78
2026-05-05,ING014,15.56,0.0,1.15,14.41
2026-05-05,ING015,26.4,18.6,20.0,25.0
2026-05-05,ING016,135.86,0.0,16.88,118.98
2026-05-05,ING017,108.04,0.0,5.22,102.82
2026-05-05,ING018,124.56,0.0,5.88,118.68
2026-05-05,ING019,82.7,0.0,4.84,77.86
2026-05-05,ING020,38.54,0.0,3.52,35.02
2026-05-05,ING021,68.57,0.0,3.68,64.89
2026-05-05,ING022,27.99,0.0,1.47,26.52
2026-05-05,ING023,51.34,0.0,1.44,49.9
2026-05-05,ING024,25.31,0.0,1.02,24.29
2026-05-05,ING025,61.95,0.0,8.77,53.18
2026-05-05,ING026,17.38,0.0,0.48,16.9
2026-05-05,ING027,11.09,0.0,0.53,10.56
2026-05-05,ING028,41.15,0.0,3.55,37.6
2026-05-05,ING029,18.28,0.0,2.88,15.4
2026-05-05,ING030,36.25,0.0,15.75,20.5
2026-05-05,ING031,50.54,0.0,7.52,43.02
2026-05-05,ING032,31.19,0.0,7.52,23.67
2026-05-06,ING001,105.48,0.0,21.67,83.81
2026-05-06,ING002,49.19,0.0,11.6,37.59
2026-05-06,ING003,47.72,0.0,7.03,40.69
2026-05-06,ING004,11.74,0.0,0.84,10.9
2026-05-06,ING005,9.69,0.0,0.49,9.2
2026-05-06,ING006,9.53,0.0,0.45,9.08
2026-05-06,ING007,17.38,0.0,2.24,15.14
2026-05-06,ING008,15.02,0.0,1.23,13.79
2026-05-06,ING009,7.32,11.6,2.44,16.48
2026-05-06,ING010,9.74,0.0,2.93,6.81
2026-05-06,ING011,79.6,0.0,27.26,52.34
2026-05-06,ING012,22.66,0.0,7.26,15.4
2026-05-06,ING013,22.78,23.9,14.76,31.92
2026-05-06,ING014,14.41,0.0,1.24,13.17
2026-05-06,ING015,25.0,15.3,30.0,10.3
2026-05-06,ING016,118.98,0.0,16.92,102.06
2026-05-06,ING017,102.82,0.0,5.94,96.88
2026-05-06,ING018,118.68,0.0,5.7,112.98
2026-05-06,ING019,77.86,0.0,5.08,72.78
2026-05-06,ING020,35.02,0.0,2.24,32.78
2026-05-06,ING021,64.89,0.0,3.89,61.0
2026-05-06,ING022,26.52,0.0,1.89,24.63
2026-05-06,ING023,49.9,0.0,1.28,48.62
2026-05-06,ING024,24.29,0.0,0.98,23.31
2026-05-06,ING025,53.18,0.0,8.49,44.69
2026-05-06,ING026,16.9,0.0,1.17,15.73
2026-05-06,ING027,10.56,0.0,0.61,9.95
2026-05-06,ING028,37.6,0.0,5.15,32.45
2026-05-06,ING029,15.4,0.0,3.14,12.26
2026-05-06,ING030,20.5,24.0,19.5,25.0
2026-05-06,ING031,43.02,0.0,7.52,35.5
2026-05-06,ING032,23.67,0.0,5.44,18.23
2026-05-07,ING001,83.81,0.0,21.46,62.35
2026-05-07,ING002,37.59,83.7,12.33,108.96
2026-05-07,ING003,40.69,0.0,6.71,33.98
2026-05-07,ING004,10.9,0.0,0.93,9.97
2026-05-07,ING005,9.2,0.0,0.5,8.7
2026-05-07,ING006,9.08,0.0,0.45,8.63
2026-05-07,ING007,15.14,0.0,2.9,12.24
2026-05-07,ING008,13.79,0.0,1.64,12.15
2026-05-07,ING009,16.48,0.0,2.93,13.55
2026-05-07,ING010,6.81,7.7,3.25,11.26
2026-05-07,ING011,52.34,60.5,24.96,87.88
2026-05-07,ING012,15.4,14.7,8.36,21.74
2026-05-07,ING013,31.92,0.0,8.83,23.09
2026-05-07,ING014,13.17,0.0,1.45,11.72
2026-05-07,ING015,10.3,21.5,13.0,18.8
2026-05-07,ING016,102.06,0.0,18.82,83.24
2026-05-07,ING017,96.88,0.0,6.82,90.06
2026-05-07,ING018,112.98,0.0,5.28,107.7
2026-05-07,ING019,72.78,0.0,4.96,67.82
2026-05-07,ING020,32.78,0.0,3.2,29.58
2026-05-07,ING021,61.0,0.0,3.58,57.42
2026-05-07,ING022,24.63,0.0,2.52,22.11
2026-05-07,ING023,48.62,0.0,0.96,47.66
2026-05-07,ING024,23.31,0.0,1.03,22.28
2026-05-07,ING025,44.69,80.9,8.96,116.63
2026-05-07,ING026,15.73,0.0,1.13,14.6
2026-05-07,ING027,9.95,0.0,0.58,9.37
2026-05-07,ING028,32.45,64.9,4.45,92.9
2026-05-07,ING029,12.26,20.8,3.33,29.73
2026-05-07,ING030,25.0,22.9,14.5,33.4
2026-05-07,ING031,35.5,0.0,6.51,28.99
2026-05-07,ING032,18.23,26.0,7.81,36.42
2026-05-08,ING001,62.35,0.0,21.72,40.63
2026-05-08,ING002,108.96,0.0,12.26,96.7
2026-05-08,ING003,33.98,0.0,6.87,27.11
2026-05-08,ING004,9.97,0.0,0.86,9.11
2026-05-08,ING005,8.7,0.0,0.59,8.11
2026-05-08,ING006,8.63,0.0,0.47,8.16
2026-05-08,ING007,12.24,0.0,2.31,9.93
2026-05-08,ING008,12.15,0.0,1.79,10.36
2026-05-08,ING009,13.55,0.0,3.53,10.02
2026-05-08,ING010,11.26,0.0,3.47,7.79
2026-05-08,ING011,87.88,0.0,23.02,64.86
2026-05-08,ING012,21.74,0.0,6.98,14.76
2026-05-08,ING013,23.09,24.6,13.48,34.21
2026-05-08,ING014,11.72,0.0,1.34,10.38
2026-05-08,ING015,18.8,17.1,17.0,18.9
2026-05-08,ING016,83.24,0.0,16.7,66.54
2026-05-08,ING017,90.06,0.0,8.32,81.74
2026-05-08,ING018,107.7,0.0,4.32,103.38
2026-05-08,ING019,67.82,0.0,4.44,63.38
2026-05-08,ING020,29.58,0.0,2.96,26.62
2026-05-08,ING021,57.42,0.0,3.65,53.77
2026-05-08,ING022,22.11,0.0,1.89,20.22
2026-05-08,ING023,47.66,0.0,1.52,46.14
2026-05-08,ING024,22.28,0.0,0.9,21.38
2026-05-08,ING025,116.63,0.0,8.79,107.84
2026-05-08,ING026,14.6,0.0,0.8,13.8
2026-05-08,ING027,9.37,0.0,0.65,8.72
2026-05-08,ING028,92.9,0.0,4.69,88.21
2026-05-08,ING029,29.73,0.0,3.3,26.43
2026-05-08,ING030,33.4,0.0,16.5,16.9
2026-05-08,ING031,28.99,41.9,11.86,59.03
2026-05-08,ING032,36.42,0.0,6.64,29.78
2026-05-09,ING001,40.63,89.2,4.86,124.97
2026-05-09,ING002,96.7,0.0,2.53,94.17
2026-05-09,ING003,27.11,0.0,1.12,25.99
2026-05-09,ING004,9.11,0.0,0.21,8.9
2026-05-09,ING005,8.11,0.0,0.1,8.01
2026-05-09,ING006,8.16,0.0,0.1,8.06
2026-05-09,ING007,9.93,0.0,0.58,9.35
2026-05-09,ING008,10.36,0.0,0.28,10.08
2026-05-09,ING009,10.02,0.0,0.73,9.29
2026-05-09,ING010,7.79,0.0,0.86,6.93
2026-05-09,ING011,64.86,0.0,5.28,59.58
2026-05-09,ING012,14.76,0.0,1.9,12.86
2026-05-09,ING013,34.21,0.0,2.93,31.28
2026-05-09,ING014,10.38,0.0,0.32,10.06
2026-05-09,ING015,18.9,0.0,3.0,15.9
2026-05-09,ING016,66.54,0.0,2.8,63.74
2026-05-09,ING017,81.74,0.0,2.12,79.62
2026-05-09,ING018,103.38,0.0,1.14,102.24
2026-05-09,ING019,63.38,0.0,0.8,62.58
2026-05-09,ING020,26.62,0.0,0.88,25.74
2026-05-09,ING021,53.77,0.0,0.75,53.02
2026-05-09,ING022,20.22,0.0,0.0,20.22
2026-05-09,ING023,46.14,0.0,0.16,45.98
2026-05-09,ING024,21.38,0.0,0.2,21.18
2026-05-09,ING025,107.84,0.0,1.8,106.04
2026-05-09,ING026,13.8,0.0,0.23,13.57
2026-05-09,ING027,8.72,0.0,0.11,8.61
2026-05-09,ING028,88.21,0.0,1.09,87.12
2026-05-09,ING029,26.43,0.0,0.73,25.7
2026-05-09,ING030,16.9,24.4,3.5,37.8
2026-05-09,ING031,59.03,0.0,3.17,55.86
2026-05-09,ING032,29.78,0.0,1.2,28.58
2026-05-10,ING001,124.97,0.0,5.21,119.76
2026-05-10,ING002,94.17,0.0,2.86,91.31
2026-05-10,ING003,25.99,0.0,1.73,24.26
2026-05-10,ING004,8.9,0.0,0.21,8.69
2026-05-10,ING005,8.01,0.0,0.13,7.88
2026-05-10,ING006,8.06,0.0,0.1,7.96
2026-05-10,ING007,9.35,0.0,0.48,8.87
2026-05-10,ING008,10.08,0.0,0.29,9.79
2026-05-10,ING009,9.29,0.0,0.56,8.73
2026-05-10,ING010,6.93,0.0,0.97,5.96
2026-05-10,ING011,59.58,0.0,5.78,53.8
2026-05-10,ING012,12.86,0.0,1.34,11.52
2026-05-10,ING013,31.28,0.0,2.64,28.64
2026-05-10,ING014,10.06,0.0,0.27,9.79
2026-05-10,ING015,15.9,0.0,3.0,12.9
2026-05-10,ING016,63.74,0.0,4.86,58.88
2026-05-10,ING017,79.62,0.0,1.36,78.26
2026-05-10,ING018,102.24,0.0,1.02,101.22
2026-05-10,ING019,62.58,0.0,1.16,61.42
2026-05-10,ING020,25.74,0.0,0.56,25.18
2026-05-10,ING021,53.02,0.0,1.0,52.02
2026-05-10,ING022,20.22,0.0,0.7,19.52
2026-05-10,ING023,45.98,0.0,0.32,45.66
2026-05-10,ING024,21.18,0.0,0.4,20.78
2026-05-10,ING025,106.04,0.0,2.09,103.95
2026-05-10,ING026,13.57,0.0,0.24,13.33
2026-05-10,ING027,8.61,0.0,0.14,8.47
2026-05-10,ING028,87.12,0.0,1.19,85.93
2026-05-10,ING029,25.7,0.0,0.8,24.9
2026-05-10,ING030,37.8,0.0,4.0,33.8
2026-05-10,ING031,55.86,0.0,2.0,53.86
2026-05-10,ING032,28.58,0.0,1.74,26.84
2026-05-11,ING001,119.76,0.0,23.33,96.43
2026-05-11,ING002,91.31,0.0,11.14,80.17
2026-05-11,ING003,24.26,48.3,5.72,66.84
2026-05-11,ING004,8.69,0.0,1.08,7.61
2026-05-11,ING005,7.88,0.0,0.52,7.36
2026-05-11,ING006,7.96,0.0,0.46,7.5
2026-05-11,ING007,8.87,0.0,2.16,6.71
2026-05-11,ING008,9.79,0.0,1.6,8.19
2026-05-11,ING009,8.73,0.0,2.73,6.0
2026-05-11,ING010,5.96,8.3,2.81,11.45
2026-05-11,ING011,53.8,53.6,24.29,83.11
2026-05-11,ING012,11.52,17.5,6.04,22.98
2026-05-11,ING013,28.64,0.0,9.84,18.8
2026-05-11,ING014,9.79,0.0,0.94,8.85
2026-05-11,ING015,12.9,19.7,14.0,18.6
2026-05-11,ING016,58.88,138.5,16.06,181.32
2026-05-11,ING017,78.26,0.0,5.66,72.6
2026-05-11,ING018,101.22,0.0,4.74,96.48
2026-05-11,ING019,61.42,0.0,4.84,56.58
2026-05-11,ING020,25.18,0.0,4.48,20.7
2026-05-11,ING021,52.02,0.0,2.91,49.11
2026-05-11,ING022,19.52,46.4,2.45,63.47
2026-05-11,ING023,45.66,0.0,0.88,44.78
2026-05-11,ING024,20.78,0.0,0.98,19.8
2026-05-11,ING025,103.95,0.0,9.32,94.63
2026-05-11,ING026,13.33,0.0,0.94,12.39
2026-05-11,ING027,8.47,0.0,0.68,7.79
2026-05-11,ING028,85.93,0.0,4.21,81.72
2026-05-11,ING029,24.9,0.0,3.13,21.77
2026-05-11,ING030,33.8,0.0,12.0,21.8
2026-05-11,ING031,53.86,0.0,10.02,43.84
2026-05-11,ING032,26.84,0.0,9.73,17.11
2026-05-12,ING001,96.43,0.0,20.47,75.96
2026-05-12,ING002,80.17,0.0,10.64,69.53
2026-05-12,ING003,66.84,0.0,5.12,61.72
2026-05-12,ING004,7.61,0.0,0.94,6.67
2026-05-12,ING005,7.36,0.0,0.43,6.93
2026-05-12,ING006,7.5,0.0,0.5,7.0
2026-05-12,ING007,6.71,10.8,2.52,14.99
2026-05-12,ING008,8.19,16.9,1.82,23.27
2026-05-12,ING009,6.0,14.1,3.09,17.01
2026-05-12,ING010,11.45,0.0,2.89,8.56
2026-05-12,ING011,83.11,0.0,23.77,59.34
2026-05-12,ING012,22.98,0.0,5.82,17.16
2026-05-12,ING013,18.8,21.1,10.22,29.68
2026-05-12,ING014,8.85,0.0,0.97,7.88
2026-05-12,ING015,18.6,16.0,13.0,21.6
2026-05-12,ING016,181.32,0.0,15.36,165.96
2026-05-12,ING017,72.6,0.0,6.48,66.12
2026-05-12,ING018,96.48,0.0,3.84,92.64
2026-05-12,ING019,56.58,0.0,5.16,51.42
2026-05-12,ING020,20.7,58.0,3.52,75.18
2026-05-12,ING021,49.11,0.0,3.06,46.05
2026-05-12,ING022,63.47,0.0,1.33,62.14
2026-05-12,ING023,44.78,0.0,1.04,43.74
2026-05-12,ING024,19.8,0.0,1.1,18.7
2026-05-12,ING025,94.63,0.0,8.22,86.41
2026-05-12,ING026,12.39,0.0,1.22,11.17
2026-05-12,ING027,7.79,0.0,0.41,7.38
2026-05-12,ING028,81.72,0.0,4.42,77.3
2026-05-12,ING029,21.77,0.0,3.19,18.58
2026-05-12,ING030,21.8,23.8,14.0,31.6
2026-05-12,ING031,43.84,0.0,10.02,33.82
2026-05-12,ING032,17.11,23.6,4.08,36.63
2026-05-13,ING001,75.96,0.0,19.17,56.79
2026-05-13,ING002,69.53,0.0,10.12,59.41
2026-05-13,ING003,61.72,0.0,5.26,56.46
2026-05-13,ING004,6.67,0.0,0.76,5.91
2026-05-13,ING005,6.93,0.0,0.33,6.6
2026-05-13,ING006,7.0,0.0,0.42,6.58
2026-05-13,ING007,14.99,0.0,2.1,12.89
2026-05-13,ING008,23.27,0.0,1.25,22.02
2026-05-13,ING009,17.01,0.0,2.52,14.49
2026-05-13,ING010,8.56,0.0,2.99,5.57
2026-05-13,ING011,59.34,0.0,27.01,32.33
2026-05-13,ING012,17.16,0.0,6.56,10.6
2026-05-13,ING013,29.68,0.0,7.83,21.85
2026-05-13,ING014,7.88,0.0,1.15,6.73
2026-05-13,ING015,21.6,20.8,21.0,21.4
2026-05-13,ING016,165.96,0.0,13.6,152.36
2026-05-13,ING017,66.12,0.0,6.22,59.9
2026-05-13,ING018,92.64,0.0,4.5,88.14
2026-05-13,ING019,51.42,0.0,4.76,46.66
2026-05-13,ING020,75.18,0.0,2.72,72.46
2026-05-13,ING021,46.05,0.0,3.33,42.72
2026-05-13,ING022,62.14,0.0,0.0,62.14
2026-05-13,ING023,43.74,0.0,1.52,42.22
2026-05-13,ING024,18.7,0.0,1.23,17.47
2026-05-13,ING025,86.41,0.0,7.51,78.9
2026-05-13,ING026,11.17,0.0,1.14,10.03
2026-05-13,ING027,7.38,0.0,0.72,6.66
2026-05-13,ING028,77.3,0.0,4.48,72.82
2026-05-13,ING029,18.58,0.0,2.85,15.73
2026-05-13,ING030,31.6,0.0,14.5,17.1
2026-05-13,ING031,33.82,0.0,5.85,27.97
2026-05-13,ING032,36.63,0.0,6.03,30.6
2026-05-14,ING001,56.79,0.0,18.6,38.19
2026-05-14,ING002,59.41,0.0,12.52,46.89
2026-05-14,ING003,56.46,0.0,6.67,49.79
2026-05-14,ING004,5.91,0.0,0.69,5.22
2026-05-14,ING005,6.6,0.0,0.57,6.03
2026-05-14,ING006,6.58,0.0,0.42,6.16
2026-05-14,ING007,12.89,0.0,2.67,10.22
2026-05-14,ING008,22.02,0.0,1.52,20.5
2026-05-14,ING009,14.49,0.0,3.34,11.15
2026-05-14,ING010,5.57,7.7,3.36,9.91
2026-05-14,ING011,32.33,45.9,21.48,56.75
2026-05-14,ING012,10.6,19.1,7.72,21.98
2026-05-14,ING013,21.85,19.6,12.28,29.17
2026-05-14,ING014,6.73,12.8,1.01,18.52
2026-05-14,ING015,21.4,17.0,15.0,23.4
2026-05-14,ING016,152.36,0.0,16.62,135.74
2026-05-14,ING017,59.9,0.0,8.72,51.18
2026-05-14,ING018,88.14,0.0,5.52,82.62
2026-05-14,ING019,46.66,0.0,4.12,42.54
2026-05-14,ING020,72.46,0.0,2.88,69.58
2026-05-14,ING021,42.72,0.0,2.84,39.88
2026-05-14,ING022,62.14,0.0,3.08,59.06
2026-05-14,ING023,42.22,0.0,1.52,40.7
2026-05-14,ING024,17.47,0.0,1.03,16.44
2026-05-14,ING025,78.9,0.0,8.24,70.66
2026-05-14,ING026,10.03,0.0,0.76,9.27
2026-05-14,ING027,6.66,0.0,0.62,6.04
2026-05-14,ING028,72.82,0.0,4.36,68.46
2026-05-14,ING029,15.73,0.0,3.05,12.68
2026-05-14,ING030,17.1,23.6,14.5,26.2
2026-05-14,ING031,27.97,34.3,8.02,54.25
2026-05-14,ING032,30.6,0.0,4.88,25.72
2026-05-15,ING001,38.19,86.1,21.05,103.24
2026-05-15,ING002,46.89,0.0,12.76,34.13
2026-05-15,ING003,49.79,0.0,7.36,42.43
2026-05-15,ING004,5.22,10.0,0.86,14.36
2026-05-15,ING005,6.03,11.6,0.52,17.11
2026-05-15,ING006,6.16,0.0,0.45,5.71
2026-05-15,ING007,10.22,0.0,2.39,7.83
2026-05-15,ING008,20.5,0.0,1.33,19.17
2026-05-15,ING009,11.15,0.0,2.68,8.47
2026-05-15,ING010,9.91,0.0,3.68,6.23
2026-05-15,ING011,56.75,0.0,26.4,30.35
2026-05-15,ING012,21.98,0.0,7.24,14.74
2026-05-15,ING013,29.17,0.0,13.39,15.78
2026-05-15,ING014,18.52,0.0,1.31,17.21
2026-05-15,ING015,23.4,21.8,22.0,23.2
2026-05-15,ING016,135.74,0.0,21.06,114.68
2026-05-15,ING017,51.18,0.0,6.56,44.62
2026-05-15,ING018,82.62,0.0,6.06,76.56
2026-05-15,ING019,42.54,0.0,4.56,37.98
2026-05-15,ING020,69.58,0.0,3.04,66.54
2026-05-15,ING021,39.88,0.0,4.9,34.98
2026-05-15,ING022,59.06,0.0,2.66,56.4
2026-05-15,ING023,40.7,0.0,1.04,39.66
2026-05-15,ING024,16.44,0.0,1.48,14.96
2026-05-15,ING025,70.66,0.0,8.69,61.97
2026-05-15,ING026,9.27,0.0,1.14,8.13
2026-05-15,ING027,6.04,0.0,0.61,5.43
2026-05-15,ING028,68.46,0.0,5.16,63.3
2026-05-15,ING029,12.68,28.0,3.37,37.31
2026-05-15,ING030,26.2,21.8,13.25,34.75
2026-05-15,ING031,54.25,0.0,7.52,46.73
2026-05-15,ING032,25.72,0.0,6.64,19.08
2026-05-16,ING001,103.24,0.0,6.31,96.93
2026-05-16,ING002,34.13,0.0,3.6,30.53
2026-05-16,ING003,42.43,0.0,1.85,40.58
2026-05-16,ING004,14.36,0.0,0.26,14.1
2026-05-16,ING005,17.11,0.0,0.17,16.94
2026-05-16,ING006,5.71,0.0,0.12,5.59
2026-05-16,ING007,7.83,0.0,0.74,7.09
2026-05-16,ING008,19.17,0.0,0.56,18.61
2026-05-16,ING009,8.47,0.0,0.97,7.5
2026-05-16,ING010,6.23,0.0,1.03,5.2
2026-05-16,ING011,30.35,58.4,7.92,80.83
2026-05-16,ING012,14.74,0.0,1.54,13.2
2026-05-16,ING013,15.78,0.0,2.89,12.89
2026-05-16,ING014,17.21,0.0,0.22,16.99
2026-05-16,ING015,23.2,0.0,6.0,17.2
2026-05-16,ING016,114.68,0.0,5.02,109.66
2026-05-16,ING017,44.62,0.0,2.06,42.56
2026-05-16,ING018,76.56,0.0,1.14,75.42
2026-05-16,ING019,37.98,0.0,1.36,36.62
2026-05-16,ING020,66.54,0.0,1.04,65.5
2026-05-16,ING021,34.98,0.0,0.7,34.28
2026-05-16,ING022,56.4,0.0,0.98,55.42
2026-05-16,ING023,39.66,0.0,0.56,39.1
2026-05-16,ING024,14.96,0.0,0.3,14.66
2026-05-16,ING025,61.97,0.0,2.79,59.18
2026-05-16,ING026,8.13,0.0,0.35,7.78
2026-05-16,ING027,5.43,0.0,0.19,5.24
2026-05-16,ING028,63.3,0.0,1.45,61.85
2026-05-16,ING029,37.31,0.0,1.01,36.3
2026-05-16,ING030,34.75,0.0,5.25,29.5
2026-05-16,ING031,46.73,0.0,2.84,43.89
2026-05-16,ING032,19.08,0.0,2.72,16.36
2026-05-17,ING001,96.93,0.0,6.71,90.22
2026-05-17,ING002,30.53,81.0,3.33,108.2
2026-05-17,ING003,40.58,0.0,1.41,39.17
2026-05-17,ING004,14.1,0.0,0.3,13.8
2026-05-17,ING005,16.94,0.0,0.11,16.83
2026-05-17,ING006,5.59,0.0,0.12,5.47
2026-05-17,ING007,7.09,0.0,0.8,6.29
2026-05-17,ING008,18.61,0.0,0.46,18.15
2026-05-17,ING009,7.5,0.0,0.92,6.58
2026-05-17,ING010,5.2,0.0,1.13,4.07
2026-05-17,ING011,80.83,0.0,8.01,72.82
2026-05-17,ING012,13.2,0.0,2.32,10.88
2026-05-17,ING013,12.89,22.7,3.55,32.04
2026-05-17,ING014,16.99,0.0,0.38,16.61
2026-05-17,ING015,17.2,0.0,4.0,13.2
2026-05-17,ING016,109.66,0.0,4.02,105.64
2026-05-17,ING017,42.56,0.0,2.3,40.26
2026-05-17,ING018,75.42,0.0,1.38,74.04
2026-05-17,ING019,36.62,0.0,1.4,35.22
2026-05-17,ING020,65.5,0.0,1.44,64.06
2026-05-17,ING021,34.28,0.0,0.93,33.35
2026-05-17,ING022,55.42,0.0,0.0,55.42
2026-05-17,ING023,39.1,0.0,0.4,38.7
2026-05-17,ING024,14.66,42.5,0.38,56.78
2026-05-17,ING025,59.18,0.0,2.6,56.58
2026-05-17,ING026,7.78,0.0,0.3,7.48
2026-05-17,ING027,5.24,0.0,0.22,5.02
2026-05-17,ING028,61.85,0.0,1.52,60.33
2026-05-17,ING029,36.3,0.0,0.97,35.33
2026-05-17,ING030,29.5,0.0,4.25,25.25
2026-05-17,ING031,43.89,0.0,3.17,40.72
2026-05-17,ING032,16.36,26.2,2.52,40.04
2026-05-18,ING001,90.22,0.0,20.25,69.97
2026-05-18,ING002,108.2,0.0,11.48,96.72
2026-05-18,ING003,39.17,0.0,7.12,32.05
2026-05-18,ING004,13.8,0.0,0.84,12.96
2026-05-18,ING005,16.83,0.0,0.63,16.2
2026-05-18,ING006,5.47,0.0,0.39,5.08
2026-05-18,ING007,6.29,10.2,2.17,14.32
2026-05-18,ING008,18.15,0.0,1.31,16.84
2026-05-18,ING009,6.58,12.9,2.65,16.83
2026-05-18,ING010,4.07,6.6,3.23,7.44
2026-05-18,ING011,72.82,0.0,24.44,48.38
2026-05-18,ING012,10.88,17.7,7.36,21.22
2026-05-18,ING013,32.04,0.0,7.69,24.35
2026-05-18,ING014,16.61,0.0,1.29,15.32
2026-05-18,ING015,13.2,15.1,28.0,0.3
2026-05-18,ING016,105.64,0.0,16.28,89.36
2026-05-18,ING017,40.26,0.0,6.56,33.7
2026-05-18,ING018,74.04,0.0,4.68,69.36
2026-05-18,ING019,35.22,0.0,4.48,30.74
2026-05-18,ING020,64.06,0.0,2.24,61.82
2026-05-18,ING021,33.35,0.0,3.32,30.03
2026-05-18,ING022,55.42,0.0,2.94,52.48
2026-05-18,ING023,38.7,0.0,1.52,37.18
2026-05-18,ING024,56.78,0.0,0.78,56.0
2026-05-18,ING025,56.58,0.0,8.44,48.14
2026-05-18,ING026,7.48,21.3,1.02,27.76
2026-05-18,ING027,5.02,13.5,0.65,17.87
2026-05-18,ING028,60.33,0.0,4.29,56.04
2026-05-18,ING029,35.33,0.0,3.09,32.24
2026-05-18,ING030,25.25,24.7,15.5,34.45
2026-05-18,ING031,40.72,0.0,9.85,30.87
2026-05-18,ING032,40.04,0.0,8.09,31.95
2026-05-19,ING001,69.97,0.0,18.33,51.64
2026-05-19,ING002,96.72,0.0,10.96,85.76
2026-05-19,ING003,32.05,0.0,6.05,26.0
2026-05-19,ING004,12.96,0.0,0.68,12.28
2026-05-19,ING005,16.2,0.0,0.45,15.75
2026-05-19,ING006,5.08,0.0,0.33,4.75
2026-05-19,ING007,14.32,0.0,1.99,12.33
2026-05-19,ING008,16.84,0.0,1.23,15.61
2026-05-19,ING009,16.83,0.0,2.46,14.37
2026-05-19,ING010,7.44,0.0,3.73,3.71
2026-05-19,ING011,48.38,60.7,20.73,88.35
2026-05-19,ING012,21.22,0.0,5.48,15.74
2026-05-19,ING013,24.35,0.0,11.03,13.32
2026-05-19,ING014,15.32,0.0,0.86,14.46
2026-05-19,ING015,0.3,16.5,27.0,-10.2
2026-05-19,ING016,89.36,0.0,15.12,74.24
2026-05-19,ING017,33.7,70.5,5.92,98.28
2026-05-19,ING018,69.36,0.0,5.1,64.26
2026-05-19,ING019,30.74,82.6,3.36,109.98
2026-05-19,ING020,61.82,0.0,3.44,58.38
2026-05-19,ING021,30.03,0.0,3.52,26.51
2026-05-19,ING022,52.48,0.0,1.68,50.8
2026-05-19,ING023,37.18,0.0,1.36,35.82
2026-05-19,ING024,56.0,0.0,0.93,55.07
2026-05-19,ING025,48.14,0.0,7.52,40.62
2026-05-19,ING026,27.76,0.0,0.72,27.04
2026-05-19,ING027,17.87,0.0,0.62,17.25
2026-05-19,ING028,56.04,0.0,4.31,51.73
2026-05-19,ING029,32.24,0.0,2.71,29.53
2026-05-19,ING030,34.45,0.0,17.5,16.95
2026-05-19,ING031,30.87,0.0,8.68,22.19
2026-05-19,ING032,31.95,0.0,5.47,26.48
2026-05-20,ING001,51.64,87.5,17.89,121.25
2026-05-20,ING002,85.76,0.0,9.82,75.94
2026-05-20,ING003,26.0,54.9,4.96,75.94
2026-05-20,ING004,12.28,0.0,0.8,11.48
2026-05-20,ING005,15.75,0.0,0.44,15.31
2026-05-20,ING006,4.75,0.0,0.36,4.39
2026-05-20,ING007,12.33,0.0,2.14,10.19
2026-05-20,ING008,15.61,0.0,1.54,14.07
2026-05-20,ING009,14.37,0.0,2.63,11.74
2026-05-20,ING010,3.71,6.8,2.85,7.66
2026-05-20,ING011,88.35,0.0,21.63,66.72
2026-05-20,ING012,15.74,0.0,5.06,10.68
2026-05-20,ING013,13.32,21.9,7.73,27.49
2026-05-20,ING014,14.46,0.0,0.94,13.52
2026-05-20,ING015,0.0,19.6,19.0,0.6
2026-05-20,ING016,74.24,0.0,14.3,59.94
2026-05-20,ING017,98.28,0.0,5.62,92.66
2026-05-20,ING018,64.26,0.0,1.98,62.28
2026-05-20,ING019,109.98,0.0,3.76,106.22
2026-05-20,ING020,58.38,0.0,3.2,55.18
2026-05-20,ING021,26.51,0.0,2.28,24.23
2026-05-20,ING022,50.8,0.0,2.17,48.63
2026-05-20,ING023,35.82,0.0,1.04,34.78
2026-05-20,ING024,55.07,0.0,1.3,53.77
2026-05-20,ING025,40.62,82.2,7.5,115.32
2026-05-20,ING026,27.04,0.0,1.02,26.02
2026-05-20,ING027,17.25,0.0,0.46,16.79
2026-05-20,ING028,51.73,0.0,4.04,47.69
2026-05-20,ING029,29.53,0.0,2.96,26.57
2026-05-20,ING030,16.95,23.3,15.25,25.0
2026-05-20,ING031,22.19,40.1,7.85,54.44
2026-05-20,ING032,26.48,0.0,8.01,18.47
2026-05-21,ING001,121.25,0.0,21.61,99.64
2026-05-21,ING002,75.94,0.0,13.19,62.75
2026-05-21,ING003,75.94,0.0,6.99,68.95
2026-05-21,ING004,11.48,0.0,0.79,10.69
2026-05-21,ING005,15.31,0.0,0.58,14.73
2026-05-21,ING006,4.39,0.0,0.45,3.94
2026-05-21,ING007,10.19,0.0,2.76,7.43
2026-05-21,ING008,14.07,0.0,1.46,12.61
2026-05-21,ING009,11.74,0.0,3.42,8.32
2026-05-21,ING010,7.66,0.0,3.59,4.07
2026-05-21,ING011,66.72,0.0,30.37,36.35
2026-05-21,ING012,10.68,16.3,8.4,18.58
2026-05-21,ING013,27.49,0.0,13.76,13.73
2026-05-21,ING014,13.52,0.0,1.28,12.24
2026-05-21,ING015,0.6,17.9,19.0,-0.5
2026-05-21,ING016,59.94,115.6,18.26,157.28
2026-05-21,ING017,92.66,0.0,9.24,83.42
2026-05-21,ING018,62.28,0.0,6.6,55.68
2026-05-21,ING019,106.22,0.0,4.32,101.9
2026-05-21,ING020,55.18,0.0,2.32,52.86
2026-05-21,ING021,24.23,53.6,3.77,74.06
2026-05-21,ING022,48.63,0.0,2.31,46.32
2026-05-21,ING023,34.78,0.0,1.84,32.94
2026-05-21,ING024,53.77,0.0,1.02,52.75
2026-05-21,ING025,115.32,0.0,9.27,106.05
2026-05-21,ING026,26.02,0.0,1.21,24.81
2026-05-21,ING027,16.79,0.0,0.82,15.97
2026-05-21,ING028,47.69,0.0,5.56,42.13
2026-05-21,ING029,26.57,0.0,3.48,23.09
2026-05-21,ING030,25.0,24.0,13.75,35.25
2026-05-21,ING031,54.44,0.0,9.85,44.59
2026-05-21,ING032,18.47,21.8,8.46,31.81
2026-05-22,ING001,99.64,0.0,20.33,79.31
2026-05-22,ING002,62.75,0.0,11.59,51.16
2026-05-22,ING003,68.95,0.0,5.64,63.31
2026-05-22,ING004,10.69,0.0,0.79,9.9
2026-05-22,ING005,14.73,0.0,0.39,14.34
2026-05-22,ING006,3.94,6.7,0.51,10.13
2026-05-22,ING007,7.43,13.3,2.31,18.42
2026-05-22,ING008,12.61,0.0,1.67,10.94
2026-05-22,ING009,8.32,12.6,3.59,17.33
2026-05-22,ING010,4.07,7.2,3.25,8.02
2026-05-22,ING011,36.35,48.2,26.51,58.04
2026-05-22,ING012,18.58,0.0,5.56,13.02
2026-05-22,ING013,13.73,18.3,10.61,21.42
2026-05-22,ING014,12.24,0.0,1.26,10.98
2026-05-22,ING015,0.0,22.2,24.0,-1.8
2026-05-22,ING016,157.28,0.0,18.6,138.68
2026-05-22,ING017,83.42,0.0,9.14,74.28
2026-05-22,ING018,55.68,0.0,4.08,51.6
2026-05-22,ING019,101.9,0.0,3.84,98.06
2026-05-22,ING020,52.86,0.0,2.8,50.06
2026-05-22,ING021,74.06,0.0,4.29,69.77
2026-05-22,ING022,46.32,0.0,1.26,45.06
2026-05-22,ING023,32.94,0.0,0.88,32.06
2026-05-22,ING024,52.75,0.0,1.2,51.55
2026-05-22,ING025,106.05,0.0,8.0,98.05
2026-05-22,ING026,24.81,0.0,1.14,23.67
2026-05-22,ING027,15.97,0.0,0.67,15.3
2026-05-22,ING028,42.13,0.0,4.75,37.38
2026-05-22,ING029,23.09,0.0,3.18,19.91
2026-05-22,ING030,35.25,0.0,12.5,22.75
2026-05-22,ING031,44.59,0.0,8.52,36.07
2026-05-22,ING032,31.81,0.0,6.43,25.38
2026-05-23,ING001,79.31,0.0,7.54,71.77
2026-05-23,ING002,51.16,0.0,4.19,46.97
2026-05-23,ING003,63.31,0.0,2.32,60.99
2026-05-23,ING004,9.9,0.0,0.31,9.59
2026-05-23,ING005,14.34,0.0,0.2,14.14
2026-05-23,ING006,10.13,0.0,0.17,9.96
2026-05-23,ING007,18.42,0.0,0.77,17.65
2026-05-23,ING008,10.94,0.0,0.45,10.49
2026-05-23,ING009,17.33,0.0,0.95,16.38
2026-05-23,ING010,8.02,0.0,1.33,6.69
2026-05-23,ING011,58.04,0.0,8.06,49.98
2026-05-23,ING012,13.02,0.0,2.28,10.74
2026-05-23,ING013,21.42,0.0,3.75,17.67
2026-05-23,ING014,10.98,0.0,0.34,10.64
2026-05-23,ING015,0.0,21.7,8.0,13.7
2026-05-23,ING016,138.68,0.0,5.74,132.94
2026-05-23,ING017,74.28,0.0,2.4,71.88
2026-05-23,ING018,51.6,0.0,1.8,49.8
2026-05-23,ING019,98.06,0.0,1.92,96.14
2026-05-23,ING020,50.06,0.0,1.04,49.02
2026-05-23,ING021,69.77,0.0,1.05,68.72
2026-05-23,ING022,45.06,0.0,0.84,44.22
2026-05-23,ING023,32.06,0.0,0.72,31.34
2026-05-23,ING024,51.55,0.0,0.4,51.15
2026-05-23,ING025,98.05,0.0,3.18,94.87
2026-05-23,ING026,23.67,0.0,0.38,23.29
2026-05-23,ING027,15.3,0.0,0.16,15.14
2026-05-23,ING028,37.38,0.0,1.62,35.76
2026-05-23,ING029,19.91,0.0,1.14,18.77
2026-05-23,ING030,22.75,0.0,5.0,17.75
2026-05-23,ING031,36.07,0.0,2.84,33.23
2026-05-23,ING032,25.38,0.0,2.73,22.65
2026-05-24,ING001,71.77,0.0,5.77,66.0
2026-05-24,ING002,46.97,0.0,2.65,44.32
2026-05-24,ING003,60.99,0.0,1.36,59.63
2026-05-24,ING004,9.59,0.0,0.27,9.32
2026-05-24,ING005,14.14,0.0,0.11,14.03
2026-05-24,ING006,9.96,0.0,0.12,9.84
2026-05-24,ING007,17.65,0.0,0.7,16.95
2026-05-24,ING008,10.49,0.0,0.42,10.07
2026-05-24,ING009,16.38,0.0,0.76,15.62
2026-05-24,ING010,6.69,0.0,0.99,5.7
2026-05-24,ING011,49.98,0.0,5.63,44.35
2026-05-24,ING012,10.74,19.3,1.9,28.14
2026-05-24,ING013,17.67,0.0,2.74,14.93
2026-05-24,ING014,10.64,0.0,0.34,10.3
2026-05-24,ING015,13.7,0.0,4.0,9.7
2026-05-24,ING016,132.94,0.0,3.54,129.4
2026-05-24,ING017,71.88,0.0,1.76,70.12
2026-05-24,ING018,49.8,0.0,1.14,48.66
2026-05-24,ING019,96.14,0.0,1.24,94.9
2026-05-24,ING020,49.02,0.0,0.72,48.3
2026-05-24,ING021,68.72,0.0,0.9,67.82
2026-05-24,ING022,44.22,0.0,0.28,43.94
2026-05-24,ING023,31.34,0.0,0.16,31.18
2026-05-24,ING024,51.15,0.0,0.15,51.0
2026-05-24,ING025,94.87,0.0,2.21,92.66
2026-05-24,ING026,23.29,0.0,0.22,23.07
2026-05-24,ING027,15.14,0.0,0.14,15.0
2026-05-24,ING028,35.76,0.0,1.19,34.57
2026-05-24,ING029,18.77,0.0,0.84,17.93
2026-05-24,ING030,17.75,23.3,4.5,36.55
2026-05-24,ING031,33.23,0.0,3.17,30.06
2026-05-24,ING032,22.65,0.0,1.94,20.71
2026-05-25,ING001,66.0,0.0,23.23,42.77
2026-05-25,ING002,44.32,0.0,12.2,32.12
2026-05-25,ING003,59.63,0.0,6.7,52.93
2026-05-25,ING004,9.32,0.0,0.98,8.34
2026-05-25,ING005,14.03,0.0,0.48,13.55
2026-05-25,ING006,9.84,0.0,0.53,9.31
2026-05-25,ING007,16.95,0.0,2.48,14.47
2026-05-25,ING008,10.07,0.0,1.58,8.49
2026-05-25,ING009,15.62,0.0,3.11,12.51
2026-05-25,ING010,5.7,7.7,4.4,9.0
2026-05-25,ING011,44.35,58.1,24.52,77.93
2026-05-25,ING012,28.14,0.0,6.38,21.76
2026-05-25,ING013,14.93,23.8,11.95,26.78
2026-05-25,ING014,10.3,0.0,1.28,9.02
2026-05-25,ING015,9.7,21.1,13.0,17.8
2026-05-25,ING016,129.4,0.0,19.58,109.82
2026-05-25,ING017,70.12,0.0,7.6,62.52
2026-05-25,ING018,48.66,0.0,4.38,44.28
2026-05-25,ING019,94.9,0.0,5.8,89.1
2026-05-25,ING020,48.3,0.0,2.4,45.9
2026-05-25,ING021,67.82,0.0,4.2,63.62
2026-05-25,ING022,43.94,0.0,1.61,42.33
2026-05-25,ING023,31.18,0.0,1.68,29.5
2026-05-25,ING024,51.0,0.0,1.53,49.47
2026-05-25,ING025,92.66,0.0,9.38,83.28
2026-05-25,ING026,23.07,0.0,1.06,22.01
2026-05-25,ING027,15.0,0.0,0.57,14.43
2026-05-25,ING028,34.57,95.7,5.18,125.09
2026-05-25,ING029,17.93,0.0,3.56,14.37
2026-05-25,ING030,36.55,0.0,14.75,21.8
2026-05-25,ING031,30.06,0.0,7.85,22.21
2026-05-25,ING032,20.71,28.5,9.0,40.21
2026-05-26,ING001,42.77,70.8,19.6,93.97
2026-05-26,ING002,32.12,64.5,12.45,84.17
2026-05-26,ING003,52.93,0.0,6.91,46.02
2026-05-26,ING004,8.34,0.0,0.8,7.54
2026-05-26,ING005,13.55,0.0,0.5,13.05
2026-05-26,ING006,9.31,0.0,0.36,8.95
2026-05-26,ING007,14.47,0.0,2.38,12.09
2026-05-26,ING008,8.49,0.0,1.26,7.23
2026-05-26,ING009,12.51,0.0,2.61,9.9
2026-05-26,ING010,9.0,0.0,3.56,5.44
2026-05-26,ING011,77.93,0.0,27.86,50.07
2026-05-26,ING012,21.76,0.0,7.16,14.6
2026-05-26,ING013,26.78,0.0,13.11,13.67
2026-05-26,ING014,9.02,0.0,1.16,7.86
2026-05-26,ING015,17.8,20.6,14.0,24.4
2026-05-26,ING016,109.82,0.0,19.78,90.04
2026-05-26,ING017,62.52,0.0,6.64,55.88
2026-05-26,ING018,44.28,117.3,6.0,155.58
2026-05-26,ING019,89.1,0.0,3.36,85.74
2026-05-26,ING020,45.9,0.0,3.68,42.22
2026-05-26,ING021,63.62,0.0,4.27,59.35
2026-05-26,ING022,42.33,0.0,2.66,39.67
2026-05-26,ING023,29.5,0.0,0.96,28.54
2026-05-26,ING024,49.47,0.0,1.4,48.07
2026-05-26,ING025,83.28,0.0,8.39,74.89
2026-05-26,ING026,22.01,0.0,1.04,20.97
2026-05-26,ING027,14.43,0.0,0.79,13.64
2026-05-26,ING028,125.09,0.0,5.16,119.93
2026-05-26,ING029,14.37,0.0,3.18,11.19
2026-05-26,ING030,21.8,29.0,11.25,39.55
2026-05-26,ING031,22.21,35.6,6.85,50.96
2026-05-26,ING032,40.21,0.0,9.37,30.84
2026-05-27,ING001,93.97,0.0,18.45,75.52
2026-05-27,ING002,84.17,0.0,10.51,73.66
2026-05-27,ING003,46.02,0.0,6.31,39.71
2026-05-27,ING004,7.54,0.0,0.8,6.74
2026-05-27,ING005,13.05,0.0,0.57,12.48
2026-05-27,ING006,8.95,0.0,0.43,8.52
2026-05-27,ING007,12.09,0.0,2.28,9.81
2026-05-27,ING008,7.23,15.1,1.48,20.85
2026-05-27,ING009,9.9,0.0,2.5,7.4
2026-05-27,ING010,5.44,6.9,2.29,10.05
2026-05-27,ING011,50.07,48.8,23.43,75.44
2026-05-27,ING012,14.6,15.4,6.4,23.6
2026-05-27,ING013,13.67,20.3,6.86,27.11
2026-05-27,ING014,7.86,0.0,1.08,6.78
2026-05-27,ING015,24.4,19.5,22.0,21.9
2026-05-27,ING016,90.04,0.0,16.34,73.7
2026-05-27,ING017,55.88,0.0,5.24,50.64
2026-05-27,ING018,155.58,0.0,4.08,151.5
2026-05-27,ING019,85.74,0.0,5.24,80.5
2026-05-27,ING020,42.22,0.0,1.52,40.7
2026-05-27,ING021,59.35,0.0,3.06,56.29
2026-05-27,ING022,39.67,0.0,2.52,37.15
2026-05-27,ING023,28.54,0.0,1.6,26.94
2026-05-27,ING024,48.07,0.0,1.08,46.99
2026-05-27,ING025,74.89,0.0,7.88,67.01
2026-05-27,ING026,20.97,0.0,1.01,19.96
2026-05-27,ING027,13.64,0.0,0.6,13.04
2026-05-27,ING028,119.93,0.0,3.85,116.08
2026-05-27,ING029,11.19,28.6,2.95,36.84
2026-05-27,ING030,39.55,0.0,13.0,26.55
2026-05-27,ING031,50.96,0.0,9.19,41.77
2026-05-27,ING032,30.84,0.0,4.35,26.49
2026-05-28,ING001,75.52,0.0,24.9,50.62
2026-05-28,ING002,73.66,0.0,13.01,60.65
2026-05-28,ING003,39.71,0.0,7.77,31.94
2026-05-28,ING004,6.74,0.0,0.99,5.75
2026-05-28,ING005,12.48,0.0,0.53,11.95
2026-05-28,ING006,8.52,0.0,0.52,8.0
2026-05-28,ING007,9.81,0.0,2.08,7.73
2026-05-28,ING008,20.85,0.0,1.39,19.46
2026-05-28,ING009,7.4,13.6,2.88,18.12
2026-05-28,ING010,10.05,0.0,3.79,6.26
2026-05-28,ING011,75.44,0.0,22.45,52.99
2026-05-28,ING012,23.6,0.0,7.72,15.88
2026-05-28,ING013,27.11,0.0,10.42,16.69
2026-05-28,ING014,6.78,15.9,1.33,21.35
2026-05-28,ING015,21.9,18.5,29.0,11.4
2026-05-28,ING016,73.7,0.0,15.56,58.14
2026-05-28,ING017,50.64,0.0,6.98,43.66
2026-05-28,ING018,151.5,0.0,5.76,145.74
2026-05-28,ING019,80.5,0.0,6.04,74.46
2026-05-28,ING020,40.7,0.0,3.92,36.78
2026-05-28,ING021,56.29,0.0,3.92,52.37
2026-05-28,ING022,37.15,0.0,1.33,35.82
2026-05-28,ING023,26.94,0.0,2.08,24.86
2026-05-28,ING024,46.99,0.0,0.85,46.14
2026-05-28,ING025,67.01,0.0,9.92,57.09
2026-05-28,ING026,19.96,0.0,0.92,19.04
2026-05-28,ING027,13.04,0.0,0.56,12.48
2026-05-28,ING028,116.08,0.0,4.37,111.71
2026-05-28,ING029,36.84,0.0,3.38,33.46
2026-05-28,ING030,26.55,27.9,22.0,32.45
2026-05-28,ING031,41.77,0.0,6.68,35.09
2026-05-28,ING032,26.49,0.0,9.99,16.5
2026-05-29,ING001,50.62,87.6,20.87,117.35
2026-05-29,ING002,60.65,0.0,12.4,48.25
2026-05-29,ING003,31.94,0.0,5.97,25.97
2026-05-29,ING004,5.75,0.0,0.89,4.86
2026-05-29,ING005,11.95,0.0,0.56,11.39
2026-05-29,ING006,8.0,0.0,0.46,7.54
2026-05-29,ING007,7.73,12.4,2.66,17.47
2026-05-29,ING008,19.46,0.0,1.46,18.0
2026-05-29,ING009,18.12,0.0,3.14,14.98
2026-05-29,ING010,6.26,7.8,4.13,9.93
2026-05-29,ING011,52.99,58.9,26.3,85.59
2026-05-29,ING012,15.88,18.1,6.76,27.22
2026-05-29,ING013,16.69,24.6,9.56,31.73
2026-05-29,ING014,21.35,0.0,1.03,20.32
2026-05-29,ING015,11.4,15.7,29.0,-1.9
2026-05-29,ING016,58.14,106.4,16.58,147.96
2026-05-29,ING017,43.66,0.0,7.94,35.72
2026-05-29,ING018,145.74,0.0,3.72,142.02
2026-05-29,ING019,74.46,0.0,3.52,70.94
2026-05-29,ING020,36.78,0.0,3.44,33.34
2026-05-29,ING021,52.37,0.0,2.82,49.55
2026-05-29,ING022,35.82,0.0,2.94,32.88
2026-05-29,ING023,24.86,0.0,0.88,23.98
2026-05-29,ING024,46.14,0.0,1.48,44.66
2026-05-29,ING025,57.09,0.0,8.83,48.26
2026-05-29,ING026,19.04,0.0,1.15,17.89
2026-05-29,ING027,12.48,0.0,0.63,11.85
2026-05-29,ING028,111.71,0.0,5.16,106.55
2026-05-29,ING029,33.46,0.0,3.62,29.84
2026-05-29,ING030,32.45,21.6,19.5,34.55
2026-05-29,ING031,35.09,0.0,11.86,23.23
2026-05-29,ING032,16.5,21.9,7.64,30.76
2026-05-30,ING001,117.35,0.0,5.14,112.21
2026-05-30,ING002,48.25,0.0,2.73,45.52
2026-05-30,ING003,25.97,0.0,1.35,24.62
2026-05-30,ING004,4.86,8.2,0.2,12.86
2026-05-30,ING005,11.39,0.0,0.1,11.29
2026-05-30,ING006,7.54,0.0,0.1,7.44
2026-05-30,ING007,17.47,0.0,0.62,16.85
2026-05-30,ING008,18.0,0.0,0.41,17.59
2026-05-30,ING009,14.98,0.0,0.75,14.23
2026-05-30,ING010,9.93,0.0,0.93,9.0
2026-05-30,ING011,85.59,0.0,6.6,78.99
2026-05-30,ING012,27.22,0.0,1.34,25.88
2026-05-30,ING013,31.73,0.0,2.68,29.05
2026-05-30,ING014,20.32,0.0,0.21,20.11
2026-05-30,ING015,0.0,15.1,4.0,11.1
2026-05-30,ING016,147.96,0.0,4.08,143.88
2026-05-30,ING017,35.72,0.0,1.72,34.0
2026-05-30,ING018,142.02,0.0,1.32,140.7
2026-05-30,ING019,70.94,0.0,0.96,69.98
2026-05-30,ING020,33.34,0.0,0.64,32.7
2026-05-30,ING021,49.55,0.0,0.84,48.71
2026-05-30,ING022,32.88,0.0,0.28,32.6
2026-05-30,ING023,23.98,0.0,0.32,23.66
2026-05-30,ING024,44.66,0.0,0.23,44.43
2026-05-30,ING025,48.26,0.0,2.09,46.17
2026-05-30,ING026,17.89,0.0,0.26,17.63
2026-05-30,ING027,11.85,0.0,0.18,11.67
2026-05-30,ING028,106.55,0.0,1.24,105.31
2026-05-30,ING029,29.84,0.0,0.76,29.08
2026-05-30,ING030,34.55,0.0,4.0,30.55
2026-05-30,ING031,23.23,35.9,2.51,56.62
2026-05-30,ING032,30.76,0.0,1.7,29.06
2026-05-31,ING001,112.21,0.0,6.28,105.93
2026-05-31,ING002,45.52,0.0,3.15,42.37
2026-05-31,ING003,24.62,40.0,1.58,63.04
2026-05-31,ING004,12.86,0.0,0.28,12.58
2026-05-31,ING005,11.29,0.0,0.12,11.17
2026-05-31,ING006,7.44,0.0,0.13,7.31
2026-05-31,ING007,16.85,0.0,0.61,16.24
2026-05-31,ING008,17.59,0.0,0.4,17.19
2026-05-31,ING009,14.23,0.0,0.82,13.41
2026-05-31,ING010,9.0,0.0,1.05,7.95
2026-05-31,ING011,78.99,0.0,7.21,71.78
2026-05-31,ING012,25.88,0.0,1.86,24.02
2026-05-31,ING013,29.05,0.0,3.66,25.39
2026-05-31,ING014,20.11,0.0,0.38,19.73
2026-05-31,ING015,11.1,19.0,8.0,22.1
2026-05-31,ING016,143.88,0.0,4.3,139.58
2026-05-31,ING017,34.0,0.0,2.04,31.96
2026-05-31,ING018,140.7,0.0,1.02,139.68
2026-05-31,ING019,69.98,0.0,0.88,69.1
2026-05-31,ING020,32.7,0.0,1.2,31.5
2026-05-31,ING021,48.71,0.0,1.01,47.7
2026-05-31,ING022,32.6,0.0,0.42,32.18
2026-05-31,ING023,23.66,0.0,0.0,23.66
2026-05-31,ING024,44.43,0.0,0.28,44.15
2026-05-31,ING025,46.17,0.0,2.34,43.83
2026-05-31,ING026,17.63,0.0,0.32,17.31
2026-05-31,ING027,11.67,0.0,0.15,11.52
2026-05-31,ING028,105.31,0.0,1.44,103.87
2026-05-31,ING029,29.08,0.0,0.94,28.14
2026-05-31,ING030,30.55,0.0,5.25,25.3
2026-05-31,ING031,56.62,0.0,3.17,53.45
2026-05-31,ING032,29.06,0.0,2.48,26.58
2026-06-01,ING001,105.93,0.0,20.56,85.37
2026-06-01,ING002,42.37,0.0,11.14,31.23
2026-06-01,ING003,63.04,0.0,7.14,55.9
2026-06-01,ING004,12.58,0.0,0.88,11.7
2026-06-01,ING005,11.17,0.0,0.5,10.67
2026-06-01,ING006,7.31,0.0,0.31,7.0
2026-06-01,ING007,16.24,0.0,2.62,13.62
2026-06-01,ING008,17.19,0.0,1.9,15.29
2026-06-01,ING009,13.41,0.0,2.21,11.2
2026-06-01,ING010,7.95,0.0,2.72,5.23
2026-06-01,ING011,71.78,0.0,18.37,53.41
2026-06-01,ING012,24.02,0.0,7.74,16.28
2026-06-01,ING013,25.39,0.0,8.96,16.43
2026-06-01,ING014,19.73,0.0,1.31,18.42
2026-06-01,ING015,22.1,21.6,21.0,22.7
2026-06-01,ING016,139.58,0.0,18.68,120.9
2026-06-01,ING017,31.96,98.5,2.64,127.82
2026-06-01,ING018,139.68,0.0,5.52,134.16
2026-06-01,ING019,69.1,0.0,5.28,63.82
2026-06-01,ING020,31.5,0.0,2.96,28.54
2026-06-01,ING021,47.7,0.0,4.07,43.63
2026-06-01,ING022,32.18,0.0,1.68,30.5
2026-06-01,ING023,23.66,0.0,1.6,22.06
2026-06-01,ING024,44.15,0.0,1.3,42.85
2026-06-01,ING025,43.83,79.4,8.73,114.5
2026-06-01,ING026,17.31,0.0,0.75,16.56
2026-06-01,ING027,11.52,0.0,0.43,11.09
2026-06-01,ING028,103.87,0.0,3.54,100.33
2026-06-01,ING029,28.14,0.0,2.95,25.19
2026-06-01,ING030,25.3,24.7,14.75,35.25
2026-06-01,ING031,53.45,0.0,6.35,47.1
2026-06-01,ING032,26.58,0.0,9.11,17.47
2026-06-02,ING001,85.37,0.0,26.03,59.34
2026-06-02,ING002,31.23,86.7,13.42,104.51
2026-06-02,ING003,55.9,0.0,6.08,49.82
2026-06-02,ING004,11.7,0.0,1.16,10.54
2026-06-02,ING005,10.67,0.0,0.55,10.12
2026-06-02,ING006,7.0,0.0,0.56,6.44
2026-06-02,ING007,13.62,0.0,2.96,10.66
2026-06-02,ING008,15.29,0.0,1.76,13.53
2026-06-02,ING009,11.2,0.0,3.66,7.54
2026-06-02,ING010,5.23,8.9,3.49,10.64
2026-06-02,ING011,53.41,58.0,27.79,83.62
2026-06-02,ING012,16.28,0.0,5.92,10.36
2026-06-02,ING013,16.43,20.6,12.2,24.83
2026-06-02,ING014,18.42,0.0,0.88,17.54
2026-06-02,ING015,22.7,17.5,17.0,23.2
2026-06-02,ING016,120.9,0.0,19.04,101.86
2026-06-02,ING017,127.82,0.0,9.2,118.62
2026-06-02,ING018,134.16,0.0,4.92,129.24
2026-06-02,ING019,63.82,0.0,5.44,58.38
2026-06-02,ING020,28.54,0.0,4.32,24.22
2026-06-02,ING021,43.63,0.0,3.48,40.15
2026-06-02,ING022,30.5,0.0,3.22,27.28
2026-06-02,ING023,22.06,0.0,1.36,20.7
2026-06-02,ING024,42.85,0.0,1.2,41.65
2026-06-02,ING025,114.5,0.0,10.71,103.79
2026-06-02,ING026,16.56,0.0,1.34,15.22
2026-06-02,ING027,11.09,0.0,0.58,10.51
2026-06-02,ING028,100.33,0.0,5.24,95.09
2026-06-02,ING029,25.19,0.0,3.92,21.27
2026-06-02,ING030,35.25,0.0,18.75,16.5
2026-06-02,ING031,47.1,0.0,13.03,34.07
2026-06-02,ING032,17.47,27.1,9.49,35.08
2026-06-03,ING001,59.34,0.0,19.53,39.81
2026-06-03,ING002,104.51,0.0,12.16,92.35
2026-06-03,ING003,49.82,0.0,6.33,43.49
2026-06-03,ING004,10.54,0.0,0.86,9.68
2026-06-03,ING005,10.12,0.0,0.46,9.66
2026-06-03,ING006,6.44,0.0,0.46,5.98
2026-06-03,ING007,10.66,0.0,2.92,7.74
2026-06-03,ING008,13.53,0.0,1.88,11.65
2026-06-03,ING009,7.54,11.5,2.97,16.07
2026-06-03,ING010,10.64,0.0,4.14,6.5
2026-06-03,ING011,83.62,0.0,22.13,61.49
2026-06-03,ING012,10.36,14.6,6.32,18.64
2026-06-03,ING013,24.83,0.0,8.95,15.88
2026-06-03,ING014,17.54,0.0,1.02,16.52
2026-06-03,ING015,23.2,16.1,19.0,20.3
2026-06-03,ING016,101.86,0.0,21.58,80.28
2026-06-03,ING017,118.62,0.0,5.8,112.82
2026-06-03,ING018,129.24,0.0,6.6,122.64
2026-06-03,ING019,58.38,0.0,5.16,53.22
2026-06-03,ING020,24.22,0.0,3.12,21.1
2026-06-03,ING021,40.15,0.0,4.61,35.54
2026-06-03,ING022,27.28,0.0,2.59,24.69
2026-06-03,ING023,20.7,0.0,1.36,19.34
2026-06-03,ING024,41.65,0.0,1.08,40.57
2026-06-03,ING025,103.79,0.0,8.83,94.96
2026-06-03,ING026,15.22,0.0,1.05,14.17
2026-06-03,ING027,10.51,0.0,0.49,10.02
2026-06-03,ING028,95.09,0.0,4.48,90.61
2026-06-03,ING029,21.27,0.0,3.2,18.07
2026-06-03,ING030,16.5,22.8,7.75,31.55
2026-06-03,ING031,34.07,0.0,6.35,27.72
2026-06-03,ING032,35.08,0.0,6.54,28.54
2026-06-04,ING001,39.81,73.7,21.91,91.6
2026-06-04,ING002,92.35,0.0,13.16,79.19
2026-06-04,ING003,43.49,0.0,7.17,36.32
2026-06-04,ING004,9.68,0.0,0.96,8.72
2026-06-04,ING005,9.66,0.0,0.57,9.09
2026-06-04,ING006,5.98,0.0,0.44,5.54
2026-06-04,ING007,7.74,14.7,3.03,19.41
2026-06-04,ING008,11.65,0.0,1.58,10.07
2026-06-04,ING009,16.07,0.0,2.98,13.09
2026-06-04,ING010,6.5,8.9,3.55,11.85
2026-06-04,ING011,61.49,0.0,21.59,39.9
2026-06-04,ING012,18.64,0.0,8.02,10.62
2026-06-04,ING013,15.88,24.4,10.47,29.81
2026-06-04,ING014,16.52,0.0,1.35,15.17
2026-06-04,ING015,20.3,16.1,28.0,8.4
2026-06-04,ING016,80.28,0.0,19.9,60.38
2026-06-04,ING017,112.82,0.0,7.28,105.54
2026-06-04,ING018,122.64,0.0,5.4,117.24
2026-06-04,ING019,53.22,0.0,4.88,48.34
2026-06-04,ING020,21.1,51.8,3.6,69.3
2026-06-04,ING021,35.54,0.0,4.1,31.44
2026-06-04,ING022,24.69,0.0,2.59,22.1
2026-06-04,ING023,19.34,0.0,1.28,18.06
2026-06-04,ING024,40.57,0.0,1.25,39.32
2026-06-04,ING025,94.96,0.0,9.13,85.83
2026-06-04,ING026,14.17,0.0,1.18,12.99
2026-06-04,ING027,10.02,0.0,0.29,9.73
2026-06-04,ING028,90.61,0.0,4.4,86.21
2026-06-04,ING029,18.07,0.0,3.5,14.57
2026-06-04,ING030,31.55,29.6,18.25,42.9
2026-06-04,ING031,27.72,42.4,10.69,59.43
2026-06-04,ING032,28.54,0.0,5.92,22.62
2026-06-05,ING001,91.6,0.0,17.63,73.97
2026-06-05,ING002,79.19,0.0,12.62,66.57
2026-06-05,ING003,36.32,0.0,6.59,29.73
2026-06-05,ING004,8.72,0.0,0.63,8.09
2026-06-05,ING005,9.09,0.0,0.59,8.5
2026-06-05,ING006,5.54,0.0,0.36,5.18
2026-06-05,ING007,19.41,0.0,2.69,16.72
2026-06-05,ING008,10.07,0.0,1.75,8.32
2026-06-05,ING009,13.09,0.0,3.53,9.56
2026-06-05,ING010,11.85,0.0,3.85,8.0
2026-06-05,ING011,39.9,60.4,23.83,76.47
2026-06-05,ING012,10.62,19.6,8.28,21.94
2026-06-05,ING013,29.81,0.0,9.56,20.25
2026-06-05,ING014,15.17,0.0,1.35,13.82
2026-06-05,ING015,8.4,16.6,15.0,10.0
2026-06-05,ING016,60.38,106.8,16.16,151.02
2026-06-05,ING017,105.54,0.0,8.64,96.9
2026-06-05,ING018,117.24,0.0,4.5,112.74
2026-06-05,ING019,48.34,0.0,3.72,44.62
2026-06-05,ING020,69.3,0.0,3.2,66.1
2026-06-05,ING021,31.44,0.0,2.86,28.58
2026-06-05,ING022,22.1,0.0,2.24,19.86
2026-06-05,ING023,18.06,53.8,2.0,69.86
2026-06-05,ING024,39.32,0.0,1.1,38.22
2026-06-05,ING025,85.83,0.0,8.05,77.78
2026-06-05,ING026,12.99,0.0,0.95,12.04
2026-06-05,ING027,9.73,0.0,0.63,9.1
2026-06-05,ING028,86.21,0.0,4.61,81.6
2026-06-05,ING029,14.57,0.0,3.21,11.36
2026-06-05,ING030,42.9,0.0,13.5,29.4
2026-06-05,ING031,59.43,0.0,8.85,50.58
2026-06-05,ING032,22.62,0.0,6.11,16.51
2026-06-06,ING001,73.97,0.0,6.3,67.67
2026-06-06,ING002,66.57,0.0,3.5,63.07
2026-06-06,ING003,29.73,0.0,1.84,27.89
2026-06-06,ING004,8.09,0.0,0.26,7.83
2026-06-06,ING005,8.5,0.0,0.15,8.35
2026-06-06,ING006,5.18,0.0,0.11,5.07
2026-06-06,ING007,16.72,0.0,0.7,16.02
2026-06-06,ING008,8.32,0.0,0.38,7.94
2026-06-06,ING009,9.56,0.0,0.77,8.79
2026-06-06,ING010,8.0,0.0,1.0,7.0
2026-06-06,ING011,76.47,0.0,6.36,70.11
2026-06-06,ING012,21.94,0.0,2.14,19.8
2026-06-06,ING013,20.25,0.0,3.37,16.88
2026-06-06,ING014,13.82,0.0,0.28,13.54
2026-06-06,ING015,10.0,19.1,7.0,22.1
2026-06-06,ING016,151.02,0.0,5.0,146.02
2026-06-06,ING017,96.9,0.0,1.88,95.02
2026-06-06,ING018,112.74,0.0,1.86,110.88
2026-06-06,ING019,44.62,0.0,0.96,43.66
2026-06-06,ING020,66.1,0.0,1.2,64.9
2026-06-06,ING021,28.58,0.0,1.07,27.51
2026-06-06,ING022,19.86,0.0,0.84,19.02
2026-06-06,ING023,69.86,0.0,0.16,69.7
2026-06-06,ING024,38.22,0.0,0.35,37.87
2026-06-06,ING025,77.78,0.0,2.55,75.23
2026-06-06,ING026,12.04,0.0,0.24,11.8
2026-06-06,ING027,9.1,0.0,0.18,8.92
2026-06-06,ING028,81.6,0.0,1.26,80.34
2026-06-06,ING029,11.36,0.0,0.9,10.46
2026-06-06,ING030,29.4,0.0,4.5,24.9
2026-06-06,ING031,50.58,0.0,3.01,47.57
2026-06-06,ING032,16.51,29.0,2.47,43.04
2026-06-07,ING001,67.67,0.0,5.18,62.49
2026-06-07,ING002,63.07,0.0,3.73,59.34
2026-06-07,ING003,27.89,0.0,1.83,26.06
2026-06-07,ING004,7.83,0.0,0.17,7.66
2026-06-07,ING005,8.35,0.0,0.15,8.2
2026-06-07,ING006,5.07,0.0,0.1,4.97
2026-06-07,ING007,16.02,0.0,0.92,15.1
2026-06-07,ING008,7.94,0.0,0.56,7.38
2026-06-07,ING009,8.79,0.0,1.09,7.7
2026-06-07,ING010,7.0,0.0,1.05,5.95
2026-06-07,ING011,70.11,0.0,7.38,62.73
2026-06-07,ING012,19.8,0.0,2.68,17.12
2026-06-07,ING013,16.88,0.0,3.35,13.53
2026-06-07,ING014,13.54,0.0,0.46,13.08
2026-06-07,ING015,22.1,0.0,5.0,17.1
2026-06-07,ING016,146.02,0.0,5.1,140.92
2026-06-07,ING017,95.02,0.0,2.6,92.42
2026-06-07,ING018,110.88,0.0,1.68,109.2
2026-06-07,ING019,43.66,0.0,0.72,42.94
2026-06-07,ING020,64.9,0.0,0.8,64.1
2026-06-07,ING021,27.51,0.0,1.08,26.43
2026-06-07,ING022,19.02,0.0,0.35,18.67
2026-06-07,ING023,69.7,0.0,0.4,69.3
2026-06-07,ING024,37.87,0.0,0.28,37.59
2026-06-07,ING025,75.23,0.0,2.31,72.92
2026-06-07,ING026,11.8,0.0,0.31,11.49
2026-06-07,ING027,8.92,0.0,0.18,8.74
2026-06-07,ING028,80.34,0.0,1.41,78.93
2026-06-07,ING029,10.46,28.3,0.96,37.8
2026-06-07,ING030,24.9,0.0,4.0,20.9
2026-06-07,ING031,47.57,0.0,3.17,44.4
2026-06-07,ING032,43.04,0.0,1.77,41.27
2026-06-08,ING001,62.49,0.0,20.38,42.11
2026-06-08,ING002,59.34,0.0,11.52,47.82
2026-06-08,ING003,26.06,45.5,6.38,65.18
2026-06-08,ING004,7.66,0.0,0.81,6.85
2026-06-08,ING005,8.2,0.0,0.61,7.59
2026-06-08,ING006,4.97,0.0,0.46,4.51
2026-06-08,ING007,15.1,0.0,2.12,12.98
2026-06-08,ING008,7.38,12.1,1.28,18.2
2026-06-08,ING009,7.7,12.8,2.83,17.67
2026-06-08,ING010,5.95,6.2,3.01,9.14
2026-06-08,ING011,62.73,0.0,24.75,37.98
2026-06-08,ING012,17.12,0.0,6.92,10.2
2026-06-08,ING013,13.53,22.8,9.25,27.08
2026-06-08,ING014,13.08,0.0,0.97,12.11
2026-06-08,ING015,17.1,16.9,27.0,7.0
2026-06-08,ING016,140.92,0.0,14.14,126.78
2026-06-08,ING017,92.42,0.0,7.3,85.12
2026-06-08,ING018,109.2,0.0,3.6,105.6
2026-06-08,ING019,42.94,0.0,4.96,37.98
2026-06-08,ING020,64.1,0.0,2.48,61.62
2026-06-08,ING021,26.43,0.0,1.73,24.7
2026-06-08,ING022,18.67,46.4,2.87,62.2
2026-06-08,ING023,69.3,0.0,1.76,67.54
2026-06-08,ING024,37.59,0.0,1.25,36.34
2026-06-08,ING025,72.92,0.0,8.53,64.39
2026-06-08,ING026,11.49,0.0,1.12,10.37
2026-06-08,ING027,8.74,0.0,0.55,8.19
2026-06-08,ING028,78.93,0.0,4.46,74.47
2026-06-08,ING029,37.8,0.0,3.18,34.62
2026-06-08,ING030,20.9,24.8,17.5,28.2
2026-06-08,ING031,44.4,0.0,8.52,35.88
2026-06-08,ING032,41.27,0.0,6.27,35.0
2026-06-09,ING001,42.11,61.1,17.95,85.26
2026-06-09,ING002,47.82,0.0,10.92,36.9
2026-06-09,ING003,65.18,0.0,5.42,59.76
2026-06-09,ING004,6.85,0.0,0.73,6.12
2026-06-09,ING005,7.59,0.0,0.38,7.21
2026-06-09,ING006,4.51,0.0,0.4,4.11
2026-06-09,ING007,12.98,0.0,2.54,10.44
2026-06-09,ING008,18.2,0.0,0.98,17.22
2026-06-09,ING009,17.67,0.0,2.46,15.21
2026-06-09,ING010,9.14,0.0,2.93,6.21
2026-06-09,ING011,37.98,52.6,19.97,70.61
2026-06-09,ING012,10.2,17.0,6.54,20.66
2026-06-09,ING013,27.08,0.0,9.94,17.14
2026-06-09,ING014,12.11,0.0,1.15,10.96
2026-06-09,ING015,7.0,16.6,25.0,-1.4
2026-06-09,ING016,126.78,0.0,16.66,110.12
2026-06-09,ING017,85.12,0.0,7.26,77.86
2026-06-09,ING018,105.6,0.0,4.5,101.1
2026-06-09,ING019,37.98,0.0,3.64,34.34
2026-06-09,ING020,61.62,0.0,2.24,59.38
2026-06-09,ING021,24.7,50.4,3.59,71.51
2026-06-09,ING022,62.2,0.0,1.82,60.38
2026-06-09,ING023,67.54,0.0,0.8,66.74
2026-06-09,ING024,36.34,0.0,1.25,35.09
2026-06-09,ING025,64.39,0.0,7.31,57.08
2026-06-09,ING026,10.37,0.0,0.73,9.64
2026-06-09,ING027,8.19,0.0,0.58,7.61
2026-06-09,ING028,74.47,0.0,3.97,70.5
2026-06-09,ING029,34.62,0.0,2.85,31.77
2026-06-09,ING030,28.2,29.1,16.0,41.3
2026-06-09,ING031,35.88,0.0,7.68,28.2
2026-06-09,ING032,35.0,0.0,4.62,30.38
2026-06-10,ING001,85.26,0.0,21.23,64.03
2026-06-10,ING002,36.9,87.1,12.26,111.74
2026-06-10,ING003,59.76,0.0,7.51,52.25
2026-06-10,ING004,6.12,0.0,0.86,5.26
2026-06-10,ING005,7.21,0.0,0.6,6.61
2026-06-10,ING006,4.11,7.4,0.52,10.99
2026-06-10,ING007,10.44,0.0,1.71,8.73
2026-06-10,ING008,17.22,0.0,1.05,16.17
2026-06-10,ING009,15.21,0.0,2.69,12.52
2026-06-10,ING010,6.21,8.6,3.15,11.66
2026-06-10,ING011,70.61,0.0,18.47,52.14
2026-06-10,ING012,20.66,0.0,6.26,14.4
2026-06-10,ING013,17.14,23.0,13.18,26.96
2026-06-10,ING014,10.96,0.0,1.33,9.63
2026-06-10,ING015,0.0,21.5,23.0,-1.5
2026-06-10,ING016,110.12,0.0,18.5,91.62
2026-06-10,ING017,77.86,0.0,7.42,70.44
2026-06-10,ING018,101.1,0.0,4.8,96.3
2026-06-10,ING019,34.34,70.1,5.36,99.08
2026-06-10,ING020,59.38,0.0,2.4,56.98
2026-06-10,ING021,71.51,0.0,4.59,66.92
2026-06-10,ING022,60.38,0.0,2.1,58.28
2026-06-10,ING023,66.74,0.0,1.84,64.9
2026-06-10,ING024,35.09,0.0,1.3,33.79
2026-06-10,ING025,57.08,0.0,8.44,48.64
2026-06-10,ING026,9.64,0.0,0.92,8.72
2026-06-10,ING027,7.61,0.0,0.26,7.35
2026-06-10,ING028,70.5,0.0,4.08,66.42
2026-06-10,ING029,31.77,0.0,3.2,28.57
2026-06-10,ING030,41.3,0.0,13.25,28.05
2026-06-10,ING031,28.2,35.8,10.02,53.98
2026-06-10,ING032,30.38,0.0,4.95,25.43
2026-06-11,ING001,64.03,0.0,20.07,43.96
2026-06-11,ING002,111.74,0.0,11.2,100.54
2026-06-11,ING003,52.25,0.0,6.39,45.86
2026-06-11,ING004,5.26,10.7,0.85,15.11
2026-06-11,ING005,6.61,0.0,0.53,6.08
2026-06-11,ING006,10.99,0.0,0.41,10.58
2026-06-11,ING007,8.73,0.0,1.92,6.81
2026-06-11,ING008,16.17,0.0,1.5,14.67
2026-06-11,ING009,12.52,0.0,2.66,9.86
2026-06-11,ING010,11.66,0.0,3.14,8.52
2026-06-11,ING011,52.14,0.0,19.93,32.21
2026-06-11,ING012,14.4,19.8,5.7,28.5
2026-06-11,ING013,26.96,0.0,9.68,17.28
2026-06-11,ING014,9.63,0.0,1.26,8.37
2026-06-11,ING015,0.0,16.7,26.0,-9.3
2026-06-11,ING016,91.62,0.0,17.08,74.54
2026-06-11,ING017,70.44,0.0,5.82,64.62
2026-06-11,ING018,96.3,0.0,3.06,93.24
2026-06-11,ING019,99.08,0.0,4.28,94.8
2026-06-11,ING020,56.98,0.0,3.52,53.46
2026-06-11,ING021,66.92,0.0,3.16,63.76
2026-06-11,ING022,58.28,0.0,2.45,55.83
2026-06-11,ING023,64.9,0.0,1.2,63.7
2026-06-11,ING024,33.79,0.0,1.08,32.71
2026-06-11,ING025,48.64,0.0,8.15,40.49
2026-06-11,ING026,8.72,0.0,0.69,8.03
2026-06-11,ING027,7.35,0.0,0.58,6.77
2026-06-11,ING028,66.42,0.0,3.91,62.51
2026-06-11,ING029,28.57,0.0,2.92,25.65
2026-06-11,ING030,28.05,27.4,14.75,40.7
2026-06-11,ING031,53.98,0.0,7.68,46.3
2026-06-11,ING032,25.43,0.0,7.8,17.63
2026-06-12,ING001,43.96,84.3,20.72,107.54
2026-06-12,ING002,100.54,0.0,10.38,90.16
2026-06-12,ING003,45.86,0.0,5.93,39.93
2026-06-12,ING004,15.11,0.0,0.85,14.26
2026-06-12,ING005,6.08,15.0,0.47,20.61
2026-06-12,ING006,10.58,0.0,0.42,10.16
2026-06-12,ING007,6.81,10.2,1.41,15.6
2026-06-12,ING008,14.67,0.0,0.93,13.74
2026-06-12,ING009,9.86,0.0,2.4,7.46
2026-06-12,ING010,8.52,0.0,2.28,6.24
2026-06-12,ING011,32.21,54.9,22.14,64.97
2026-06-12,ING012,28.5,0.0,4.96,23.54
2026-06-12,ING013,17.28,24.0,10.45,30.83
2026-06-12,ING014,8.37,0.0,0.84,7.53
2026-06-12,ING015,0.0,20.0,23.0,-3.0
2026-06-12,ING016,74.54,0.0,12.96,61.58
2026-06-12,ING017,64.62,0.0,6.5,58.12
2026-06-12,ING018,93.24,0.0,4.14,89.1
2026-06-12,ING019,94.8,0.0,4.64,90.16
2026-06-12,ING020,53.46,0.0,3.04,50.42
2026-06-12,ING021,63.76,0.0,3.22,60.54
2026-06-12,ING022,55.83,0.0,2.03,53.8
2026-06-12,ING023,63.7,0.0,1.68,62.02
2026-06-12,ING024,32.71,0.0,0.98,31.73
2026-06-12,ING025,40.49,106.6,8.22,138.87
2026-06-12,ING026,8.03,22.1,1.02,29.11
2026-06-12,ING027,6.77,0.0,0.47,6.3
2026-06-12,ING028,62.51,0.0,3.95,58.56
2026-06-12,ING029,25.65,0.0,2.92,22.73
2026-06-12,ING030,40.7,0.0,15.75,24.95
2026-06-12,ING031,46.3,0.0,8.35,37.95
2026-06-12,ING032,17.63,27.6,9.2,36.03
2026-06-13,ING001,107.54,0.0,5.57,101.97
2026-06-13,ING002,90.16,0.0,3.03,87.13
2026-06-13,ING003,39.93,0.0,1.47,38.46
2026-06-13,ING004,14.26,0.0,0.23,14.03
2026-06-13,ING005,20.61,0.0,0.11,20.5
2026-06-13,ING006,10.16,0.0,0.13,10.03
2026-06-13,ING007,15.6,0.0,0.68,14.92
2026-06-13,ING008,13.74,0.0,0.38,13.36
2026-06-13,ING009,7.46,0.0,0.86,6.6
2026-06-13,ING010,6.24,0.0,0.85,5.39
2026-06-13,ING011,64.97,0.0,6.75,58.22
2026-06-13,ING012,23.54,0.0,1.8,21.74
2026-06-13,ING013,30.83,0.0,2.86,27.97
2026-06-13,ING014,7.53,0.0,0.3,7.23
2026-06-13,ING015,0.0,21.7,6.0,15.7
2026-06-13,ING016,61.58,0.0,4.04,57.54
2026-06-13,ING017,58.12,0.0,2.34,55.78
2026-06-13,ING018,89.1,0.0,0.96,88.14
2026-06-13,ING019,90.16,0.0,1.08,89.08
2026-06-13,ING020,50.42,0.0,0.8,49.62
2026-06-13,ING021,60.54,0.0,0.69,59.85
2026-06-13,ING022,53.8,0.0,0.56,53.24
2026-06-13,ING023,62.02,0.0,0.16,61.86
2026-06-13,ING024,31.73,0.0,0.3,31.43
2026-06-13,ING025,138.87,0.0,2.17,136.7
2026-06-13,ING026,29.11,0.0,0.3,28.81
2026-06-13,ING027,6.3,0.0,0.15,6.15
2026-06-13,ING028,58.56,0.0,1.26,57.3
2026-06-13,ING029,22.73,0.0,0.85,21.88
2026-06-13,ING030,24.95,0.0,5.25,19.7
2026-06-13,ING031,37.95,0.0,2.17,35.78
2026-06-13,ING032,36.03,0.0,1.57,34.46
2026-06-14,ING001,101.97,0.0,5.71,96.26
2026-06-14,ING002,87.13,0.0,2.71,84.42
2026-06-14,ING003,38.46,0.0,1.72,36.74
2026-06-14,ING004,14.03,0.0,0.22,13.81
2026-06-14,ING005,20.5,0.0,0.13,20.37
2026-06-14,ING006,10.03,0.0,0.11,9.92
2026-06-14,ING007,14.92,0.0,0.5,14.42
2026-06-14,ING008,13.36,0.0,0.32,13.04
2026-06-14,ING009,6.6,11.4,0.63,17.37
2026-06-14,ING010,5.39,0.0,0.77,4.62
2026-06-14,ING011,58.22,0.0,6.75,51.47
2026-06-14,ING012,21.74,0.0,1.82,19.92
2026-06-14,ING013,27.97,0.0,3.37,24.6
2026-06-14,ING014,7.23,0.0,0.34,6.89
2026-06-14,ING015,15.7,0.0,5.0,10.7
2026-06-14,ING016,57.54,0.0,4.18,53.36
2026-06-14,ING017,55.78,0.0,1.48,54.3
2026-06-14,ING018,88.14,0.0,1.02,87.12
2026-06-14,ING019,89.08,0.0,1.16,87.92
2026-06-14,ING020,49.62,0.0,0.16,49.46
2026-06-14,ING021,59.85,0.0,0.88,58.97
2026-06-14,ING022,53.24,0.0,0.49,52.75
2026-06-14,ING023,61.86,0.0,0.24,61.62
2026-06-14,ING024,31.43,0.0,0.4,31.03
2026-06-14,ING025,136.7,0.0,2.18,134.52
2026-06-14,ING026,28.81,0.0,0.3,28.51
2026-06-14,ING027,6.15,0.0,0.14,6.01
2026-06-14,ING028,57.3,0.0,1.31,55.99
2026-06-14,ING029,21.88,0.0,0.86,21.02
2026-06-14,ING030,19.7,0.0,4.75,14.95
2026-06-14,ING031,35.78,0.0,2.17,33.61
2026-06-14,ING032,34.46,0.0,2.35,32.11
2026-06-15,ING001,96.26,0.0,22.81,73.45
2026-06-15,ING002,84.42,0.0,10.92,73.5
2026-06-15,ING003,36.74,0.0,6.08,30.66
2026-06-15,ING004,13.81,0.0,1.0,12.81
2026-06-15,ING005,20.37,0.0,0.49,19.88
2026-06-15,ING006,9.92,0.0,0.51,9.41
2026-06-15,ING007,14.42,0.0,1.95,12.47
2026-06-15,ING008,13.04,0.0,1.31,11.73
2026-06-15,ING009,17.37,0.0,2.83,14.54
2026-06-15,ING010,4.62,6.3,2.72,8.2
2026-06-15,ING011,51.47,51.4,22.95,79.92
2026-06-15,ING012,19.92,0.0,5.66,14.26
2026-06-15,ING013,24.6,0.0,9.75,14.85
2026-06-15,ING014,6.89,18.7,1.14,24.45
2026-06-15,ING015,10.7,19.9,27.0,3.6
2026-06-15,ING016,53.36,122.4,14.46,161.3
2026-06-15,ING017,54.3,0.0,7.3,47.0
2026-06-15,ING018,87.12,0.0,3.06,84.06
2026-06-15,ING019,87.92,0.0,5.28,82.64
2026-06-15,ING020,49.46,0.0,2.96,46.5
2026-06-15,ING021,58.97,0.0,3.18,55.79
2026-06-15,ING022,52.75,0.0,1.26,51.49
2026-06-15,ING023,61.62,0.0,1.44,60.18
2026-06-15,ING024,31.03,0.0,1.1,29.93
2026-06-15,ING025,134.52,0.0,8.7,125.82
2026-06-15,ING026,28.51,0.0,1.01,27.5
2026-06-15,ING027,6.01,0.0,0.53,5.48
2026-06-15,ING028,55.99,0.0,4.14,51.85
2026-06-15,ING029,21.02,0.0,3.19,17.83
2026-06-15,ING030,14.95,29.2,19.25,24.9
2026-06-15,ING031,33.61,0.0,10.19,23.42
2026-06-15,ING032,32.11,0.0,8.12,23.99
2026-06-16,ING001,73.45,0.0,22.56,50.89
2026-06-16,ING002,73.5,0.0,13.34,60.16
2026-06-16,ING003,30.66,54.5,7.12,78.04
2026-06-16,ING004,12.81,0.0,0.96,11.85
2026-06-16,ING005,19.88,0.0,0.59,19.29
2026-06-16,ING006,9.41,0.0,0.48,8.93
2026-06-16,ING007,12.47,0.0,2.62,9.85
2026-06-16,ING008,11.73,0.0,1.54,10.19
2026-06-16,ING009,14.54,0.0,3.27,11.27
2026-06-16,ING010,8.2,0.0,2.99,5.21
2026-06-16,ING011,79.92,0.0,24.06,55.86
2026-06-16,ING012,14.26,17.4,7.16,24.5
2026-06-16,ING013,14.85,20.2,11.41,23.64
2026-06-16,ING014,24.45,0.0,1.42,23.03
2026-06-16,ING015,3.6,20.8,15.0,9.4
2026-06-16,ING016,161.3,0.0,19.58,141.72
2026-06-16,ING017,47.0,0.0,8.44,38.56
2026-06-16,ING018,84.06,0.0,4.8,79.26
2026-06-16,ING019,82.64,0.0,4.28,78.36
2026-06-16,ING020,46.5,0.0,3.92,42.58
2026-06-16,ING021,55.79,0.0,4.0,51.79
2026-06-16,ING022,51.49,0.0,3.08,48.41
2026-06-16,ING023,60.18,0.0,1.04,59.14
2026-06-16,ING024,29.93,0.0,0.85,29.08
2026-06-16,ING025,125.82,0.0,9.31,116.51
2026-06-16,ING026,27.5,0.0,0.93,26.57
2026-06-16,ING027,5.48,0.0,0.66,4.82
2026-06-16,ING028,51.85,0.0,4.4,47.45
2026-06-16,ING029,17.83,0.0,3.44,14.39
2026-06-16,ING030,24.9,25.0,16.75,33.15
2026-06-16,ING031,23.42,39.7,10.52,52.6
2026-06-16,ING032,23.99,0.0,7.94,16.05
2026-06-17,ING001,50.89,71.2,20.08,102.01
2026-06-17,ING002,60.16,0.0,11.3,48.86
2026-06-17,ING003,78.04,0.0,6.66,71.38
2026-06-17,ING004,11.85,0.0,0.81,11.04
2026-06-17,ING005,19.29,0.0,0.65,18.64
2026-06-17,ING006,8.93,0.0,0.38,8.55
2026-06-17,ING007,9.85,0.0,2.21,7.64
2026-06-17,ING008,10.19,0.0,1.23,8.96
2026-06-17,ING009,11.27,0.0,2.67,8.6
2026-06-17,ING010,5.21,9.0,2.93,11.28
2026-06-17,ING011,55.86,0.0,24.83,31.03
2026-06-17,ING012,24.5,0.0,7.98,16.52
2026-06-17,ING013,23.64,0.0,10.59,13.05
2026-06-17,ING014,23.03,0.0,1.38,21.65
2026-06-17,ING015,9.4,21.9,21.0,10.3
2026-06-17,ING016,141.72,0.0,15.9,125.82
2026-06-17,ING017,38.56,0.0,6.96,31.6
2026-06-17,ING018,79.26,0.0,4.02,75.24
2026-06-17,ING019,78.36,0.0,4.32,74.04
2026-06-17,ING020,42.58,0.0,1.84,40.74
2026-06-17,ING021,51.79,0.0,2.82,48.97
2026-06-17,ING022,48.41,0.0,2.87,45.54
2026-06-17,ING023,59.14,0.0,1.44,57.7
2026-06-17,ING024,29.08,0.0,1.25,27.83
2026-06-17,ING025,116.51,0.0,8.21,108.3
2026-06-17,ING026,26.57,0.0,0.95,25.62
2026-06-17,ING027,4.82,10.9,0.67,15.05
2026-06-17,ING028,47.45,0.0,4.57,42.88
2026-06-17,ING029,14.39,0.0,3.16,11.23
2026-06-17,ING030,33.15,0.0,14.25,18.9
2026-06-17,ING031,52.6,0.0,11.19,41.41
2026-06-17,ING032,16.05,27.3,6.79,36.56
2026-06-18,ING001,102.01,0.0,25.03,76.98
2026-06-18,ING002,48.86,0.0,13.29,35.57
2026-06-18,ING003,71.38,0.0,6.63,64.75
2026-06-18,ING004,11.04,0.0,1.09,9.95
2026-06-18,ING005,18.64,0.0,0.7,17.94
2026-06-18,ING006,8.55,0.0,0.54,8.01
2026-06-18,ING007,7.64,14.4,2.42,19.62
2026-06-18,ING008,8.96,16.1,1.88,23.18
2026-06-18,ING009,8.6,12.0,3.88,16.72
2026-06-18,ING010,11.28,0.0,3.93,7.35
2026-06-18,ING011,31.03,61.8,24.43,68.4
2026-06-18,ING012,16.52,0.0,5.96,10.56
2026-06-18,ING013,13.05,18.6,11.88,19.77
2026-06-18,ING014,21.65,0.0,1.21,20.44
2026-06-18,ING015,10.3,17.3,17.0,10.6
2026-06-18,ING016,125.82,0.0,18.34,107.48
2026-06-18,ING017,31.6,67.7,9.52,89.78
2026-06-18,ING018,75.24,0.0,3.96,71.28
2026-06-18,ING019,74.04,0.0,5.28,68.76
2026-06-18,ING020,40.74,0.0,4.24,36.5
2026-06-18,ING021,48.97,0.0,3.04,45.93
2026-06-18,ING022,45.54,0.0,3.5,42.04
2026-06-18,ING023,57.7,0.0,1.84,55.86
2026-06-18,ING024,27.83,0.0,0.6,27.23
2026-06-18,ING025,108.3,0.0,10.38,97.92
2026-06-18,ING026,25.62,0.0,1.19,24.43
2026-06-18,ING027,15.05,0.0,0.46,14.59
2026-06-18,ING028,42.88,0.0,4.92,37.96
2026-06-18,ING029,11.23,31.1,3.73,38.6
2026-06-18,ING030,18.9,27.0,14.0,31.9
2026-06-18,ING031,41.41,0.0,13.86,27.55
2026-06-18,ING032,36.56,0.0,9.68,26.88
2026-06-19,ING001,76.98,0.0,17.66,59.32
2026-06-19,ING002,35.57,79.4,11.57,103.4
2026-06-19,ING003,64.75,0.0,6.45,58.3
2026-06-19,ING004,9.95,0.0,0.83,9.12
2026-06-19,ING005,17.94,0.0,0.58,17.36
2026-06-19,ING006,8.01,0.0,0.47,7.54
2026-06-19,ING007,19.62,0.0,2.32,17.3
2026-06-19,ING008,23.18,0.0,1.72,21.46
2026-06-19,ING009,16.72,0.0,3.08,13.64
2026-06-19,ING010,7.35,0.0,3.39,3.96
2026-06-19,ING011,68.4,0.0,21.97,46.43
2026-06-19,ING012,10.56,17.4,5.88,22.08
2026-06-19,ING013,19.77,22.8,10.67,31.9
2026-06-19,ING014,20.44,0.0,1.22,19.22
2026-06-19,ING015,10.6,23.0,24.0,9.6
2026-06-19,ING016,107.48,0.0,18.1,89.38
2026-06-19,ING017,89.78,0.0,6.78,83.0
2026-06-19,ING018,71.28,0.0,3.3,67.98
2026-06-19,ING019,68.76,0.0,5.04,63.72
2026-06-19,ING020,36.5,0.0,3.12,33.38
2026-06-19,ING021,45.93,0.0,3.45,42.48
2026-06-19,ING022,42.04,0.0,2.94,39.1
2026-06-19,ING023,55.86,0.0,1.68,54.18
2026-06-19,ING024,27.23,0.0,0.95,26.28
2026-06-19,ING025,97.92,0.0,8.05,89.87
2026-06-19,ING026,24.43,0.0,0.94,23.49
2026-06-19,ING027,14.59,0.0,0.5,14.09
2026-06-19,ING028,37.96,0.0,4.41,33.55
2026-06-19,ING029,38.6,0.0,3.14,35.46
2026-06-19,ING030,31.9,0.0,9.25,22.65
2026-06-19,ING031,27.55,36.7,7.52,56.73
2026-06-19,ING032,26.88,0.0,6.43,20.45
2026-06-20,ING001,59.32,0.0,6.7,52.62
2026-06-20,ING002,103.4,0.0,3.46,99.94
2026-06-20,ING003,58.3,0.0,1.96,56.34
2026-06-20,ING004,9.12,0.0,0.34,8.78
2026-06-20,ING005,17.36,0.0,0.17,17.19
2026-06-20,ING006,7.54,0.0,0.18,7.36
2026-06-20,ING007,17.3,0.0,0.77,16.53
2026-06-20,ING008,21.46,0.0,0.55,20.91
2026-06-20,ING009,13.64,0.0,0.88,12.76
2026-06-20,ING010,3.96,8.8,1.05,11.71
2026-06-20,ING011,46.43,0.0,9.5,36.93
2026-06-20,ING012,22.08,0.0,2.16,19.92
2026-06-20,ING013,31.9,0.0,2.92,28.98
2026-06-20,ING014,19.22,0.0,0.39,18.83
2026-06-20,ING015,9.6,0.0,0.0,9.6
2026-06-20,ING016,89.38,0.0,5.88,83.5
2026-06-20,ING017,83.0,0.0,1.68,81.32
2026-06-20,ING018,67.98,0.0,1.56,66.42
2026-06-20,ING019,63.72,0.0,1.68,62.04
2026-06-20,ING020,33.38,0.0,0.8,32.58
2026-06-20,ING021,42.48,0.0,1.35,41.13
2026-06-20,ING022,39.1,0.0,0.42,38.68
2026-06-20,ING023,54.18,0.0,0.24,53.94
2026-06-20,ING024,26.28,0.0,0.43,25.85
2026-06-20,ING025,89.87,0.0,2.75,87.12
2026-06-20,ING026,23.49,0.0,0.46,23.03
2026-06-20,ING027,14.09,0.0,0.2,13.89
2026-06-20,ING028,33.55,0.0,1.61,31.94
2026-06-20,ING029,35.46,0.0,1.11,34.35
2026-06-20,ING030,22.65,0.0,2.0,20.65
2026-06-20,ING031,56.73,0.0,3.34,53.39
2026-06-20,ING032,20.45,0.0,2.27,18.18
2026-06-21,ING001,52.62,0.0,6.0,46.62
2026-06-21,ING002,99.94,0.0,4.25,95.69
2026-06-21,ING003,56.34,0.0,2.31,54.03
2026-06-21,ING004,8.78,0.0,0.23,8.55
2026-06-21,ING005,17.19,0.0,0.18,17.01
2026-06-21,ING006,7.36,0.0,0.11,7.25
2026-06-21,ING007,16.53,0.0,0.87,15.66
2026-06-21,ING008,20.91,0.0,0.33,20.58
2026-06-21,ING009,12.76,0.0,0.82,11.94
2026-06-21,ING010,11.71,0.0,0.85,10.86
2026-06-21,ING011,36.93,62.2,8.01,91.12
2026-06-21,ING012,19.92,0.0,3.24,16.68
2026-06-21,ING013,28.98,0.0,3.56,25.42
2026-06-21,ING014,18.83,0.0,0.52,18.31
2026-06-21,ING015,9.6,16.3,7.0,18.9
2026-06-21,ING016,83.5,0.0,5.64,77.86
2026-06-21,ING017,81.32,0.0,2.34,78.98
2026-06-21,ING018,66.42,0.0,2.04,64.38
2026-06-21,ING019,62.04,0.0,1.04,61.0
2026-06-21,ING020,32.58,0.0,1.2,31.38
2026-06-21,ING021,41.13,0.0,1.15,39.98
2026-06-21,ING022,38.68,0.0,0.84,37.84
2026-06-21,ING023,53.94,0.0,0.32,53.62
2026-06-21,ING024,25.85,0.0,0.38,25.47
2026-06-21,ING025,87.12,0.0,2.6,84.52
2026-06-21,ING026,23.03,0.0,0.39,22.64
2026-06-21,ING027,13.89,0.0,0.14,13.75
2026-06-21,ING028,31.94,0.0,1.41,30.53
2026-06-21,ING029,34.35,0.0,1.04,33.31
2026-06-21,ING030,20.65,0.0,4.75,15.9
2026-06-21,ING031,53.39,0.0,2.34,51.05
2026-06-21,ING032,18.18,0.0,1.95,16.23
2026-06-22,ING001,46.62,70.2,21.93,94.89
2026-06-22,ING002,95.69,0.0,11.95,83.74
2026-06-22,ING003,54.03,0.0,7.25,46.78
2026-06-22,ING004,8.55,0.0,0.89,7.66
2026-06-22,ING005,17.01,0.0,0.56,16.45
2026-06-22,ING006,7.25,0.0,0.41,6.84
2026-06-22,ING007,15.66,0.0,2.1,13.56
2026-06-22,ING008,20.58,0.0,1.2,19.38
2026-06-22,ING009,11.94,0.0,2.51,9.43
2026-06-22,ING010,10.86,0.0,4.01,6.85
2026-06-22,ING011,91.12,0.0,23.08,68.04
2026-06-22,ING012,16.68,17.9,7.8,26.78
2026-06-22,ING013,25.42,0.0,9.47,15.95
2026-06-22,ING014,18.31,0.0,1.38,16.93
2026-06-22,ING015,18.9,21.7,15.0,25.6
2026-06-22,ING016,77.86,0.0,15.22,62.64
2026-06-22,ING017,78.98,0.0,6.18,72.8
2026-06-22,ING018,64.38,0.0,5.28,59.1
2026-06-22,ING019,61.0,0.0,4.56,56.44
2026-06-22,ING020,31.38,0.0,2.88,28.5
2026-06-22,ING021,39.98,0.0,3.66,36.32
2026-06-22,ING022,37.84,0.0,1.61,36.23
2026-06-22,ING023,53.62,0.0,1.76,51.86
2026-06-22,ING024,25.47,0.0,0.85,24.62
2026-06-22,ING025,84.52,0.0,9.02,75.5
2026-06-22,ING026,22.64,0.0,0.98,21.66
2026-06-22,ING027,13.75,0.0,0.55,13.2
2026-06-22,ING028,30.53,94.4,4.56,120.37
2026-06-22,ING029,33.31,0.0,3.31,30.0
2026-06-22,ING030,15.9,26.4,17.75,24.55
2026-06-22,ING031,51.05,0.0,8.85,42.2
2026-06-22,ING032,16.23,29.8,10.6,35.43
2026-06-23,ING001,94.89,0.0,22.68,72.21
2026-06-23,ING002,83.74,0.0,14.07,69.67
2026-06-23,ING003,46.78,0.0,8.96,37.82
2026-06-23,ING004,7.66,0.0,0.96,6.7
2026-06-23,ING005,16.45,0.0,0.75,15.7
2026-06-23,ING006,6.84,0.0,0.42,6.42
2026-06-23,ING007,13.56,0.0,2.65,10.91
2026-06-23,ING008,19.38,0.0,1.75,17.63
2026-06-23,ING009,9.43,0.0,2.96,6.47
2026-06-23,ING010,6.85,8.4,4.38,10.87
2026-06-23,ING011,68.04,0.0,23.34,44.7
2026-06-23,ING012,26.78,0.0,7.78,19.0
2026-06-23,ING013,15.95,23.8,12.03,27.72
2026-06-23,ING014,16.93,0.0,1.53,15.4
2026-06-23,ING015,25.6,0.0,18.0,7.6
2026-06-23,ING016,62.64,123.8,23.06,163.38
2026-06-23,ING017,72.8,0.0,6.32,66.48
2026-06-23,ING018,59.1,0.0,6.0,53.1
2026-06-23,ING019,56.44,0.0,5.36,51.08
2026-06-23,ING020,28.5,0.0,3.04,25.46
2026-06-23,ING021,36.32,0.0,5.16,31.16
2026-06-23,ING022,36.23,0.0,3.08,33.15
2026-06-23,ING023,51.86,0.0,2.16,49.7
2026-06-23,ING024,24.62,0.0,1.18,23.44
2026-06-23,ING025,75.5,0.0,9.82,65.68
2026-06-23,ING026,21.66,0.0,1.14,20.52
2026-06-23,ING027,13.2,0.0,0.41,12.79
2026-06-23,ING028,120.37,0.0,4.95,115.42
2026-06-23,ING029,30.0,0.0,3.69,26.31
2026-06-23,ING030,24.55,28.5,14.75,38.3
2026-06-23,ING031,42.2,0.0,12.02,30.18
2026-06-23,ING032,35.43,0.0,7.97,27.46
2026-06-24,ING001,72.21,0.0,20.64,51.57
2026-06-24,ING002,69.67,0.0,12.84,56.83
2026-06-24,ING003,37.82,0.0,7.12,30.7
2026-06-24,ING004,6.7,0.0,0.86,5.84
2026-06-24,ING005,15.7,0.0,0.54,15.16
2026-06-24,ING006,6.42,0.0,0.54,5.88
2026-06-24,ING007,10.91,0.0,2.54,8.37
2026-06-24,ING008,17.63,0.0,1.6,16.03
2026-06-24,ING009,6.47,14.4,3.4,17.47
2026-06-24,ING010,10.87,0.0,3.29,7.58
2026-06-24,ING011,44.7,62.3,24.95,82.05
2026-06-24,ING012,19.0,0.0,7.22,11.78
2026-06-24,ING013,27.72,0.0,13.53,14.19
2026-06-24,ING014,15.4,0.0,1.31,14.09
2026-06-24,ING015,7.6,19.9,27.0,0.5
2026-06-24,ING016,163.38,0.0,16.16,147.22
2026-06-24,ING017,66.48,0.0,8.62,57.86
2026-06-24,ING018,53.1,0.0,5.04,48.06
2026-06-24,ING019,51.08,0.0,5.4,45.68
2026-06-24,ING020,25.46,0.0,3.52,21.94
2026-06-24,ING021,31.16,0.0,3.88,27.28
2026-06-24,ING022,33.15,0.0,1.33,31.82
2026-06-24,ING023,49.7,0.0,2.0,47.7
2026-06-24,ING024,23.44,0.0,0.6,22.84
2026-06-24,ING025,65.68,0.0,8.67,57.01
2026-06-24,ING026,20.52,0.0,0.91,19.61
2026-06-24,ING027,12.79,0.0,0.69,12.1
2026-06-24,ING028,115.42,0.0,4.77,110.65
2026-06-24,ING029,26.31,0.0,3.25,23.06
2026-06-24,ING030,38.3,0.0,18.25,20.05
2026-06-24,ING031,30.18,38.9,9.35,59.73
2026-06-24,ING032,27.46,0.0,4.45,23.01
2026-06-25,ING001,51.57,77.3,19.94,108.93
2026-06-25,ING002,56.83,0.0,9.38,47.45
2026-06-25,ING003,30.7,0.0,4.14,26.56
2026-06-25,ING004,5.84,0.0,0.85,4.99
2026-06-25,ING005,15.16,0.0,0.36,14.8
2026-06-25,ING006,5.88,0.0,0.43,5.45
2026-06-25,ING007,8.37,0.0,2.2,6.17
2026-06-25,ING008,16.03,0.0,1.5,14.53
2026-06-25,ING009,17.47,0.0,2.73,14.74
2026-06-25,ING010,7.58,0.0,2.65,4.93
2026-06-25,ING011,82.05,0.0,21.82,60.23
2026-06-25,ING012,11.78,15.8,3.36,24.22
2026-06-25,ING013,14.19,21.9,9.12,26.97
2026-06-25,ING014,14.09,0.0,0.51,13.58
2026-06-25,ING015,0.5,23.5,13.0,11.0
2026-06-25,ING016,147.22,0.0,14.68,132.54
2026-06-25,ING017,57.86,0.0,6.18,51.68
2026-06-25,ING018,48.06,0.0,4.02,44.04
2026-06-25,ING019,45.68,0.0,4.76,40.92
2026-06-25,ING020,21.94,0.0,2.4,19.54
2026-06-25,ING021,27.28,0.0,2.78,24.5
2026-06-25,ING022,31.82,0.0,1.12,30.7
2026-06-25,ING023,47.7,0.0,1.68,46.02
2026-06-25,ING024,22.84,0.0,0.95,21.89
2026-06-25,ING025,57.01,0.0,8.14,48.87
2026-06-25,ING026,19.61,0.0,0.94,18.67
2026-06-25,ING027,12.1,0.0,0.57,11.53
2026-06-25,ING028,110.65,0.0,4.0,106.65
2026-06-25,ING029,23.06,0.0,2.79,20.27
2026-06-25,ING030,20.05,27.8,12.0,35.85
2026-06-25,ING031,59.73,0.0,10.02,49.71
2026-06-25,ING032,23.01,0.0,6.91,16.1
2026-06-26,ING001,108.93,0.0,24.42,84.51
2026-06-26,ING002,47.45,0.0,12.8,34.65
2026-06-26,ING003,26.56,53.7,7.46,72.8
2026-06-26,ING004,4.99,11.2,1.04,15.15
2026-06-26,ING005,14.8,0.0,0.65,14.15
2026-06-26,ING006,5.45,0.0,0.49,4.96
2026-06-26,ING007,6.17,12.4,2.09,16.48
2026-06-26,ING008,14.53,0.0,1.25,13.28
2026-06-26,ING009,14.74,0.0,2.69,12.05
2026-06-26,ING010,4.93,7.0,3.48,8.45
2026-06-26,ING011,60.23,0.0,19.53,40.7
2026-06-26,ING012,24.22,0.0,5.96,18.26
2026-06-26,ING013,26.97,0.0,10.52,16.45
2026-06-26,ING014,13.58,0.0,1.04,12.54
2026-06-26,ING015,11.0,22.5,21.0,12.5
2026-06-26,ING016,132.54,0.0,20.26,112.28
2026-06-26,ING017,51.68,0.0,6.88,44.8
2026-06-26,ING018,44.04,107.1,4.98,146.16
2026-06-26,ING019,40.92,0.0,5.64,35.28
2026-06-26,ING020,19.54,58.6,3.04,75.1
2026-06-26,ING021,24.5,65.7,4.07,86.13
2026-06-26,ING022,30.7,0.0,3.36,27.34
2026-06-26,ING023,46.02,0.0,1.76,44.26
2026-06-26,ING024,21.89,0.0,1.58,20.31
2026-06-26,ING025,48.87,0.0,9.82,39.05
2026-06-26,ING026,18.67,0.0,1.1,17.57
2026-06-26,ING027,11.53,0.0,0.23,11.3
2026-06-26,ING028,106.65,0.0,4.14,102.51
2026-06-26,ING029,20.27,0.0,3.51,16.76
2026-06-26,ING030,35.85,0.0,15.5,20.35
2026-06-26,ING031,49.71,0.0,11.69,38.02
2026-06-26,ING032,16.1,28.5,8.22,36.38
2026-06-27,ING001,84.51,0.0,6.69,77.82
2026-06-27,ING002,34.65,0.0,4.09,30.56
2026-06-27,ING003,72.8,0.0,2.17,70.63
2026-06-27,ING004,15.15,0.0,0.3,14.85
2026-06-27,ING005,14.15,0.0,0.2,13.95
2026-06-27,ING006,4.96,0.0,0.15,4.81
2026-06-27,ING007,16.48,0.0,0.9,15.58
2026-06-27,ING008,13.28,0.0,0.4,12.88
2026-06-27,ING009,12.05,0.0,0.87,11.18
2026-06-27,ING010,8.45,0.0,1.07,7.38
2026-06-27,ING011,40.7,0.0,9.33,31.37
2026-06-27,ING012,18.26,0.0,2.72,15.54
2026-06-27,ING013,16.45,0.0,3.79,12.66
2026-06-27,ING014,12.54,0.0,0.41,12.13
2026-06-27,ING015,12.5,17.0,7.0,22.5
2026-06-27,ING016,112.28,0.0,5.1,107.18
2026-06-27,ING017,44.8,0.0,2.26,42.54
2026-06-27,ING018,146.16,0.0,1.44,144.72
2026-06-27,ING019,35.28,0.0,1.72,33.56
2026-06-27,ING020,75.1,0.0,0.96,74.14
2026-06-27,ING021,86.13,0.0,0.84,85.29
2026-06-27,ING022,27.34,0.0,1.12,26.22
2026-06-27,ING023,44.26,0.0,0.56,43.7
2026-06-27,ING024,20.31,0.0,0.38,19.93
2026-06-27,ING025,39.05,0.0,3.0,36.05
2026-06-27,ING026,17.57,0.0,0.33,17.24
2026-06-27,ING027,11.3,0.0,0.28,11.02
2026-06-27,ING028,102.51,0.0,1.72,100.79
2026-06-27,ING029,16.76,0.0,1.17,15.59
2026-06-27,ING030,20.35,0.0,5.75,14.6
2026-06-27,ING031,38.02,0.0,2.84,35.18
2026-06-27,ING032,36.38,0.0,2.6,33.78
2026-06-28,ING001,77.82,0.0,6.72,71.1
2026-06-28,ING002,30.56,75.7,3.17,103.09
2026-06-28,ING003,70.63,0.0,1.8,68.83
2026-06-28,ING004,14.85,0.0,0.26,14.59
2026-06-28,ING005,13.95,0.0,0.14,13.81
2026-06-28,ING006,4.81,0.0,0.13,4.68
2026-06-28,ING007,15.58,0.0,0.46,15.12
2026-06-28,ING008,12.88,0.0,0.26,12.62
2026-06-28,ING009,11.18,0.0,0.65,10.53
2026-06-28,ING010,7.38,0.0,1.02,6.36
2026-06-28,ING011,31.37,52.1,8.28,75.19
2026-06-28,ING012,15.54,0.0,1.7,13.84
2026-06-28,ING013,12.66,23.3,3.88,32.08
2026-06-28,ING014,12.13,0.0,0.27,11.86
2026-06-28,ING015,22.5,0.0,10.0,12.5
2026-06-28,ING016,107.18,0.0,3.44,103.74
2026-06-28,ING017,42.54,0.0,1.72,40.82
2026-06-28,ING018,144.72,0.0,1.32,143.4
2026-06-28,ING019,33.56,0.0,1.44,32.12
2026-06-28,ING020,74.14,0.0,0.96,73.18
2026-06-28,ING021,85.29,0.0,0.93,84.36
2026-06-28,ING022,26.22,0.0,0.42,25.8
2026-06-28,ING023,43.7,0.0,0.48,43.22
2026-06-28,ING024,19.93,0.0,0.3,19.63
2026-06-28,ING025,36.05,79.8,2.54,113.31
2026-06-28,ING026,17.24,0.0,0.32,16.92
2026-06-28,ING027,11.02,0.0,0.22,10.8
2026-06-28,ING028,100.79,0.0,1.58,99.21
2026-06-28,ING029,15.59,0.0,0.94,14.65
2026-06-28,ING030,14.6,27.0,7.0,34.6
2026-06-28,ING031,35.18,0.0,3.01,32.17
2026-06-28,ING032,33.78,0.0,2.22,31.56
2026-06-29,ING001,71.1,0.0,21.87,49.23
2026-06-29,ING002,103.09,0.0,13.22,89.87
2026-06-29,ING003,68.83,0.0,6.62,62.21
2026-06-29,ING004,14.59,0.0,0.99,13.6
2026-06-29,ING005,13.81,0.0,0.68,13.13
2026-06-29,ING006,4.68,0.0,0.52,4.16
2026-06-29,ING007,15.12,0.0,2.95,12.17
2026-06-29,ING008,12.62,0.0,1.75,10.87
2026-06-29,ING009,10.53,0.0,3.93,6.6
2026-06-29,ING010,6.36,7.4,3.51,10.25
2026-06-29,ING011,75.19,0.0,29.66,45.53
2026-06-29,ING012,13.84,19.1,9.76,23.18
2026-06-29,ING013,32.08,0.0,12.17,19.91
2026-06-29,ING014,11.86,0.0,1.66,10.2
2026-06-29,ING015,12.5,0.0,0.0,12.5
2026-06-29,ING016,103.74,0.0,16.16,87.58
2026-06-29,ING017,40.82,0.0,10.28,30.54
2026-06-29,ING018,143.4,0.0,5.16,138.24
2026-06-29,ING019,32.12,96.1,5.12,123.1
2026-06-29,ING020,73.18,0.0,3.28,69.9
2026-06-29,ING021,84.36,0.0,3.53,80.83
2026-06-29,ING022,25.8,0.0,1.54,24.26
2026-06-29,ING023,43.22,0.0,2.08,41.14
2026-06-29,ING024,19.63,0.0,1.05,18.58
2026-06-29,ING025,113.31,0.0,9.5,103.81
2026-06-29,ING026,16.92,0.0,1.17,15.75
2026-06-29,ING027,10.8,0.0,0.79,10.01
2026-06-29,ING028,99.21,0.0,5.3,93.91
2026-06-29,ING029,14.65,0.0,3.81,10.84
2026-06-29,ING030,34.6,0.0,8.25,26.35
2026-06-29,ING031,32.17,34.8,14.03,52.94
2026-06-29,ING032,31.56,0.0,8.78,22.78
