date,product_id,quantity_sold,selling_price,meal_period,working_day
2026-01-01,P002,22,20.0,Morning,True
2026-01-01,P007,18,25.0,Morning,True
2026-01-01,P008,29,50.0,Morning,True
2026-01-01,P009,28,40.0,Morning,True
2026-01-01,P010,12,60.0,Morning,True
2026-01-01,P011,28,20.0,Morning,True
2026-01-01,P005,32,15.0,Morning,True
2026-01-01,P006,29,20.0,Morning,True
2026-01-01,P004,15,25.0,Morning,True
2026-01-01,P012,21,80.0,Lunch,True
2026-01-01,P013,24,60.0,Lunch,True
2026-01-01,P014,25,50.0,Lunch,True
2026-01-01,P015,18,90.0,Lunch,True
2026-01-01,P016,24,75.0,Lunch,True
2026-01-01,P017,28,70.0,Lunch,True
2026-01-01,P018,26,60.0,Lunch,True
2026-01-01,P001,46,15.0,Lunch,True
2026-01-01,P002,24,20.0,Lunch,True
2026-01-01,P003,24,35.0,Lunch,True
2026-01-01,P004,24,25.0,Lunch,True
2026-01-01,P005,21,15.0,Lunch,True
2026-01-01,P019,21,45.0,Lunch,True
2026-01-01,P021,19,65.0,Lunch,True
2026-01-01,P001,36,15.0,Evening,True
2026-01-01,P002,42,20.0,Evening,True
2026-01-01,P003,18,35.0,Evening,True
2026-01-01,P004,23,25.0,Evening,True
2026-01-01,P005,48,15.0,Evening,True
2026-01-01,P006,38,20.0,Evening,True
2026-01-01,P011,36,20.0,Evening,True
2026-01-01,P019,34,45.0,Evening,True
2026-01-01,P020,29,60.0,Evening,True
2026-01-01,P021,20,65.0,Evening,True
2026-01-01,P022,20,25.0,Evening,True
2026-01-01,P007,18,25.0,Evening,True
2026-01-01,P018,17,60.0,Evening,True
2026-01-01,P017,21,70.0,Evening,True
2026-01-01,P014,6,50.0,Evening,True
2026-01-02,P001,43,15.0,Morning,True
2026-01-02,P002,16,20.0,Morning,True
2026-01-02,P007,32,25.0,Morning,True
2026-01-02,P008,21,50.0,Morning,True
2026-01-02,P009,29,40.0,Morning,True
2026-01-02,P010,23,60.0,Morning,True
2026-01-02,P011,15,20.0,Morning,True
2026-01-02,P005,21,15.0,Morning,True
2026-01-02,P006,28,20.0,Morning,True
2026-01-02,P004,16,25.0,Morning,True
2026-01-02,P012,37,80.0,Lunch,True
2026-01-02,P013,24,60.0,Lunch,True
2026-01-02,P014,18,50.0,Lunch,True
2026-01-02,P015,13,90.0,Lunch,True
2026-01-02,P016,16,75.0,Lunch,True
2026-01-02,P017,20,70.0,Lunch,True
2026-01-02,P018,27,60.0,Lunch,True
2026-01-02,P001,31,15.0,Lunch,True
2026-01-02,P002,16,20.0,Lunch,True
2026-01-02,P003,28,35.0,Lunch,True
2026-01-02,P004,14,25.0,Lunch,True
2026-01-02,P005,10,15.0,Lunch,True
2026-01-02,P019,17,45.0,Lunch,True
2026-01-02,P021,21,65.0,Lunch,True
2026-01-02,P001,55,15.0,Evening,True
2026-01-02,P002,14,20.0,Evening,True
2026-01-02,P003,23,35.0,Evening,True
2026-01-02,P004,27,25.0,Evening,True
2026-01-02,P005,55,15.0,Evening,True
2026-01-02,P006,46,20.0,Evening,True
2026-01-02,P011,34,20.0,Evening,True
2026-01-02,P019,20,45.0,Evening,True
2026-01-02,P020,16,60.0,Evening,True
2026-01-02,P021,30,65.0,Evening,True
2026-01-02,P022,30,25.0,Evening,True
2026-01-02,P007,7,25.0,Evening,True
2026-01-02,P018,14,60.0,Evening,True
2026-01-02,P017,19,70.0,Evening,True
2026-01-02,P014,5,50.0,Evening,True
2026-01-03,P001,8,15.0,Morning,False
2026-01-03,P002,11,20.0,Morning,False
2026-01-03,P007,10,25.0,Morning,False
2026-01-03,P008,4,50.0,Morning,False
2026-01-03,P009,7,40.0,Morning,False
2026-01-03,P010,3,60.0,Morning,False
2026-01-03,P011,7,20.0,Morning,False
2026-01-03,P005,5,15.0,Morning,False
2026-01-03,P006,8,20.0,Morning,False
2026-01-03,P004,4,25.0,Morning,False
2026-01-03,P012,10,80.0,Lunch,False
2026-01-03,P013,12,60.0,Lunch,False
2026-01-03,P014,5,50.0,Lunch,False
2026-01-03,P015,3,90.0,Lunch,False
2026-01-03,P016,5,75.0,Lunch,False
2026-01-03,P017,4,70.0,Lunch,False
2026-01-03,P018,9,60.0,Lunch,False
2026-01-03,P001,6,15.0,Lunch,False
2026-01-03,P002,4,20.0,Lunch,False
2026-01-03,P003,4,35.0,Lunch,False
2026-01-03,P004,7,25.0,Lunch,False
2026-01-03,P005,3,15.0,Lunch,False
2026-01-03,P019,6,45.0,Lunch,False
2026-01-03,P021,4,65.0,Lunch,False
2026-01-03,P001,20,15.0,Evening,False
2026-01-03,P002,5,20.0,Evening,False
2026-01-03,P003,5,35.0,Evening,False
2026-01-03,P004,6,25.0,Evening,False
2026-01-03,P005,7,15.0,Evening,False
2026-01-03,P006,6,20.0,Evening,False
2026-01-03,P011,9,20.0,Evening,False
2026-01-03,P019,4,45.0,Evening,False
2026-01-03,P020,4,60.0,Evening,False
2026-01-03,P021,5,65.0,Evening,False
2026-01-03,P022,5,25.0,Evening,False
2026-01-03,P007,2,25.0,Evening,False
2026-01-03,P018,6,60.0,Evening,False
2026-01-03,P017,2,70.0,Evening,False
2026-01-03,P014,2,50.0,Evening,False
2026-01-04,P001,9,15.0,Morning,False
2026-01-04,P002,4,20.0,Morning,False
2026-01-04,P007,4,25.0,Morning,False
2026-01-04,P008,5,50.0,Morning,False
2026-01-04,P009,7,40.0,Morning,False
2026-01-04,P010,6,60.0,Morning,False
2026-01-04,P011,6,20.0,Morning,False
2026-01-04,P005,6,15.0,Morning,False
2026-01-04,P006,3,20.0,Morning,False
2026-01-04,P004,2,25.0,Morning,False
2026-01-04,P012,5,80.0,Lunch,False
2026-01-04,P013,11,60.0,Lunch,False
2026-01-04,P014,8,50.0,Lunch,False
2026-01-04,P015,7,90.0,Lunch,False
2026-01-04,P016,4,75.0,Lunch,False
2026-01-04,P017,4,70.0,Lunch,False
2026-01-04,P018,5,60.0,Lunch,False
2026-01-04,P001,8,15.0,Lunch,False
2026-01-04,P002,2,20.0,Lunch,False
2026-01-04,P003,6,35.0,Lunch,False
2026-01-04,P004,8,25.0,Lunch,False
2026-01-04,P005,4,15.0,Lunch,False
2026-01-04,P019,4,45.0,Lunch,False
2026-01-04,P021,6,65.0,Lunch,False
2026-01-04,P001,18,15.0,Evening,False
2026-01-04,P002,6,20.0,Evening,False
2026-01-04,P003,2,35.0,Evening,False
2026-01-04,P005,15,15.0,Evening,False
2026-01-04,P006,6,20.0,Evening,False
2026-01-04,P011,8,20.0,Evening,False
2026-01-04,P019,6,45.0,Evening,False
2026-01-04,P020,4,60.0,Evening,False
2026-01-04,P021,5,65.0,Evening,False
2026-01-04,P022,7,25.0,Evening,False
2026-01-04,P007,2,25.0,Evening,False
2026-01-04,P018,6,60.0,Evening,False
2026-01-04,P017,2,70.0,Evening,False
2026-01-04,P014,2,50.0,Evening,False
2026-01-05,P001,33,15.0,Morning,True
2026-01-05,P002,33,20.0,Morning,True
2026-01-05,P007,24,25.0,Morning,True
2026-01-05,P008,19,50.0,Morning,True
2026-01-05,P009,22,40.0,Morning,True
2026-01-05,P010,10,60.0,Morning,True
2026-01-05,P011,24,20.0,Morning,True
2026-01-05,P005,15,15.0,Morning,True
2026-01-05,P004,17,25.0,Morning,True
2026-01-05,P012,24,80.0,Lunch,True
2026-01-05,P013,34,60.0,Lunch,True
2026-01-05,P014,31,50.0,Lunch,True
2026-01-05,P016,17,75.0,Lunch,True
2026-01-05,P017,26,70.0,Lunch,True
2026-01-05,P018,18,60.0,Lunch,True
2026-01-05,P001,20,15.0,Lunch,True
2026-01-05,P002,10,20.0,Lunch,True
2026-01-05,P003,17,35.0,Lunch,True
2026-01-05,P004,17,25.0,Lunch,True
2026-01-05,P005,22,15.0,Lunch,True
2026-01-05,P019,20,45.0,Lunch,True
2026-01-05,P021,18,65.0,Lunch,True
2026-01-05,P001,39,15.0,Evening,True
2026-01-05,P002,14,20.0,Evening,True
2026-01-05,P003,19,35.0,Evening,True
2026-01-05,P004,24,25.0,Evening,True
2026-01-05,P005,39,15.0,Evening,True
2026-01-05,P006,44,20.0,Evening,True
2026-01-05,P011,26,20.0,Evening,True
2026-01-05,P019,29,45.0,Evening,True
2026-01-05,P020,25,60.0,Evening,True
2026-01-05,P021,21,65.0,Evening,True
2026-01-05,P022,17,25.0,Evening,True
2026-01-05,P007,11,25.0,Evening,True
2026-01-05,P018,21,60.0,Evening,True
2026-01-05,P017,17,70.0,Evening,True
2026-01-05,P014,15,50.0,Evening,True
2026-01-06,P001,29,15.0,Morning,True
2026-01-06,P002,25,20.0,Morning,True
2026-01-06,P007,25,25.0,Morning,True
2026-01-06,P008,32,50.0,Morning,True
2026-01-06,P009,40,40.0,Morning,True
2026-01-06,P010,24,60.0,Morning,True
2026-01-06,P011,29,20.0,Morning,True
2026-01-06,P005,35,15.0,Morning,True
2026-01-06,P006,14,20.0,Morning,True
2026-01-06,P004,9,25.0,Morning,True
2026-01-06,P012,56,80.0,Lunch,True
2026-01-06,P013,32,60.0,Lunch,True
2026-01-06,P014,19,50.0,Lunch,True
2026-01-06,P015,23,90.0,Lunch,True
2026-01-06,P016,19,75.0,Lunch,True
2026-01-06,P017,27,70.0,Lunch,True
2026-01-06,P018,38,60.0,Lunch,True
2026-01-06,P001,34,15.0,Lunch,True
2026-01-06,P002,28,20.0,Lunch,True
2026-01-06,P003,26,35.0,Lunch,True
2026-01-06,P004,29,25.0,Lunch,True
2026-01-06,P005,16,15.0,Lunch,True
2026-01-06,P019,15,45.0,Lunch,True
2026-01-06,P021,13,65.0,Lunch,True
2026-01-06,P001,47,15.0,Evening,True
2026-01-06,P002,35,20.0,Evening,True
2026-01-06,P003,21,35.0,Evening,True
2026-01-06,P004,27,25.0,Evening,True
2026-01-06,P005,60,15.0,Evening,True
2026-01-06,P006,32,20.0,Evening,True
2026-01-06,P011,26,20.0,Evening,True
2026-01-06,P019,37,45.0,Evening,True
2026-01-06,P020,15,60.0,Evening,True
2026-01-06,P021,41,65.0,Evening,True
2026-01-06,P022,22,25.0,Evening,True
2026-01-06,P007,12,25.0,Evening,True
2026-01-06,P018,12,60.0,Evening,True
2026-01-06,P017,16,70.0,Evening,True
2026-01-06,P014,18,50.0,Evening,True
2026-01-07,P001,34,15.0,Morning,True
2026-01-07,P002,25,20.0,Morning,True
2026-01-07,P007,20,25.0,Morning,True
2026-01-07,P008,11,50.0,Morning,True
2026-01-07,P009,16,40.0,Morning,True
2026-01-07,P010,12,60.0,Morning,True
2026-01-07,P011,27,20.0,Morning,True
2026-01-07,P005,30,15.0,Morning,True
2026-01-07,P006,14,20.0,Morning,True
2026-01-07,P004,14,25.0,Morning,True
2026-01-07,P012,35,80.0,Lunch,True
2026-01-07,P013,40,60.0,Lunch,True
2026-01-07,P014,32,50.0,Lunch,True
2026-01-07,P015,27,90.0,Lunch,True
2026-01-07,P016,29,75.0,Lunch,True
2026-01-07,P017,19,70.0,Lunch,True
2026-01-07,P018,28,60.0,Lunch,True
2026-01-07,P001,25,15.0,Lunch,True
2026-01-07,P002,13,20.0,Lunch,True
2026-01-07,P003,27,35.0,Lunch,True
2026-01-07,P004,20,25.0,Lunch,True
2026-01-07,P005,10,15.0,Lunch,True
2026-01-07,P019,12,45.0,Lunch,True
2026-01-07,P021,16,65.0,Lunch,True
2026-01-07,P001,32,15.0,Evening,True
2026-01-07,P002,20,20.0,Evening,True
2026-01-07,P003,11,35.0,Evening,True
2026-01-07,P004,13,25.0,Evening,True
2026-01-07,P005,43,15.0,Evening,True
2026-01-07,P006,31,20.0,Evening,True
2026-01-07,P011,26,20.0,Evening,True
2026-01-07,P019,31,45.0,Evening,True
2026-01-07,P020,11,60.0,Evening,True
2026-01-07,P021,31,65.0,Evening,True
2026-01-07,P022,11,25.0,Evening,True
2026-01-07,P007,11,25.0,Evening,True
2026-01-07,P018,22,60.0,Evening,True
2026-01-07,P017,13,70.0,Evening,True
2026-01-07,P014,16,50.0,Evening,True
2026-01-08,P001,39,15.0,Morning,True
2026-01-08,P002,23,20.0,Morning,True
2026-01-08,P007,15,25.0,Morning,True
2026-01-08,P008,24,50.0,Morning,True
2026-01-08,P009,29,40.0,Morning,True
2026-01-08,P010,10,60.0,Morning,True
2026-01-08,P011,30,20.0,Morning,True
2026-01-08,P005,15,15.0,Morning,True
2026-01-08,P006,25,20.0,Morning,True
2026-01-08,P004,15,25.0,Morning,True
2026-01-08,P012,36,80.0,Lunch,True
2026-01-08,P013,24,60.0,Lunch,True
2026-01-08,P014,25,50.0,Lunch,True
2026-01-08,P015,24,90.0,Lunch,True
2026-01-08,P016,27,75.0,Lunch,True
2026-01-08,P017,18,70.0,Lunch,True
2026-01-08,P018,32,60.0,Lunch,True
2026-01-08,P001,31,15.0,Lunch,True
2026-01-08,P002,12,20.0,Lunch,True
2026-01-08,P003,13,35.0,Lunch,True
2026-01-08,P004,22,25.0,Lunch,True
2026-01-08,P005,10,15.0,Lunch,True
2026-01-08,P019,13,45.0,Lunch,True
2026-01-08,P021,15,65.0,Lunch,True
2026-01-08,P001,44,15.0,Evening,True
2026-01-08,P002,23,20.0,Evening,True
2026-01-08,P003,15,35.0,Evening,True
2026-01-08,P004,15,25.0,Evening,True
2026-01-08,P005,35,15.0,Evening,True
2026-01-08,P006,26,20.0,Evening,True
2026-01-08,P011,24,20.0,Evening,True
2026-01-08,P019,27,45.0,Evening,True
2026-01-08,P020,18,60.0,Evening,True
2026-01-08,P021,37,65.0,Evening,True
2026-01-08,P022,19,25.0,Evening,True
2026-01-08,P007,20,25.0,Evening,True
2026-01-08,P018,20,60.0,Evening,True
2026-01-08,P017,9,70.0,Evening,True
2026-01-08,P014,15,50.0,Evening,True
2026-01-09,P001,54,15.0,Morning,True
2026-01-09,P002,18,20.0,Morning,True
2026-01-09,P007,26,25.0,Morning,True
2026-01-09,P009,31,40.0,Morning,True
2026-01-09,P010,21,60.0,Morning,True
2026-01-09,P011,27,20.0,Morning,True
2026-01-09,P005,29,15.0,Morning,True
2026-01-09,P006,29,20.0,Morning,True
2026-01-09,P004,12,25.0,Morning,True
2026-01-09,P012,51,80.0,Lunch,True
2026-01-09,P013,45,60.0,Lunch,True
2026-01-09,P014,24,50.0,Lunch,True
2026-01-09,P015,20,90.0,Lunch,True
2026-01-09,P016,17,75.0,Lunch,True
2026-01-09,P017,31,70.0,Lunch,True
2026-01-09,P018,30,60.0,Lunch,True
2026-01-09,P001,42,15.0,Lunch,True
2026-01-09,P002,10,20.0,Lunch,True
2026-01-09,P003,23,35.0,Lunch,True
2026-01-09,P004,22,25.0,Lunch,True
2026-01-09,P005,18,15.0,Lunch,True
2026-01-09,P019,24,45.0,Lunch,True
2026-01-09,P021,21,65.0,Lunch,True
2026-01-09,P001,65,15.0,Evening,True
2026-01-09,P002,18,20.0,Evening,True
2026-01-09,P003,23,35.0,Evening,True
2026-01-09,P004,20,25.0,Evening,True
2026-01-09,P005,58,15.0,Evening,True
2026-01-09,P006,22,20.0,Evening,True
2026-01-09,P011,23,20.0,Evening,True
2026-01-09,P019,23,45.0,Evening,True
2026-01-09,P020,31,60.0,Evening,True
2026-01-09,P021,33,65.0,Evening,True
2026-01-09,P022,26,25.0,Evening,True
2026-01-09,P007,16,25.0,Evening,True
2026-01-09,P018,24,60.0,Evening,True
2026-01-09,P017,12,70.0,Evening,True
2026-01-09,P014,17,50.0,Evening,True
2026-01-10,P001,14,15.0,Morning,False
2026-01-10,P002,6,20.0,Morning,False
2026-01-10,P007,9,25.0,Morning,False
2026-01-10,P008,8,50.0,Morning,False
2026-01-10,P009,8,40.0,Morning,False
2026-01-10,P010,2,60.0,Morning,False
2026-01-10,P011,5,20.0,Morning,False
2026-01-10,P005,5,15.0,Morning,False
2026-01-10,P006,8,20.0,Morning,False
2026-01-10,P004,4,25.0,Morning,False
2026-01-10,P012,5,80.0,Lunch,False
2026-01-10,P013,7,60.0,Lunch,False
2026-01-10,P014,7,50.0,Lunch,False
2026-01-10,P015,3,90.0,Lunch,False
2026-01-10,P016,6,75.0,Lunch,False
2026-01-10,P017,6,70.0,Lunch,False
2026-01-10,P018,4,60.0,Lunch,False
2026-01-10,P001,12,15.0,Lunch,False
2026-01-10,P002,2,20.0,Lunch,False
2026-01-10,P003,3,35.0,Lunch,False
2026-01-10,P004,9,25.0,Lunch,False
2026-01-10,P005,3,15.0,Lunch,False
2026-01-10,P019,4,45.0,Lunch,False
2026-01-10,P021,4,65.0,Lunch,False
2026-01-10,P001,14,15.0,Evening,False
2026-01-10,P002,7,20.0,Evening,False
2026-01-10,P003,5,35.0,Evening,False
2026-01-10,P004,6,25.0,Evening,False
2026-01-10,P005,15,15.0,Evening,False
2026-01-10,P006,9,20.0,Evening,False
2026-01-10,P011,4,20.0,Evening,False
2026-01-10,P019,9,45.0,Evening,False
2026-01-10,P020,4,60.0,Evening,False
2026-01-10,P021,6,65.0,Evening,False
2026-01-10,P022,4,25.0,Evening,False
2026-01-10,P007,2,25.0,Evening,False
2026-01-10,P018,5,60.0,Evening,False
2026-01-10,P017,5,70.0,Evening,False
2026-01-10,P014,2,50.0,Evening,False
2026-01-11,P001,14,15.0,Morning,False
2026-01-11,P002,7,20.0,Morning,False
2026-01-11,P007,10,25.0,Morning,False
2026-01-11,P008,7,50.0,Morning,False
2026-01-11,P009,5,40.0,Morning,False
2026-01-11,P010,6,60.0,Morning,False
2026-01-11,P011,4,20.0,Morning,False
2026-01-11,P005,10,15.0,Morning,False
2026-01-11,P006,3,20.0,Morning,False
2026-01-11,P004,4,25.0,Morning,False
2026-01-11,P012,14,80.0,Lunch,False
2026-01-11,P013,12,60.0,Lunch,False
2026-01-11,P014,9,50.0,Lunch,False
2026-01-11,P015,6,90.0,Lunch,False
2026-01-11,P016,8,75.0,Lunch,False
2026-01-11,P017,11,70.0,Lunch,False
2026-01-11,P018,4,60.0,Lunch,False
2026-01-11,P001,10,15.0,Lunch,False
2026-01-11,P002,2,20.0,Lunch,False
2026-01-11,P003,8,35.0,Lunch,False
2026-01-11,P004,8,25.0,Lunch,False
2026-01-11,P005,2,15.0,Lunch,False
2026-01-11,P019,4,45.0,Lunch,False
2026-01-11,P021,4,65.0,Lunch,False
2026-01-11,P001,18,15.0,Evening,False
2026-01-11,P002,8,20.0,Evening,False
2026-01-11,P003,6,35.0,Evening,False
2026-01-11,P004,6,25.0,Evening,False
2026-01-11,P005,14,15.0,Evening,False
2026-01-11,P006,10,20.0,Evening,False
2026-01-11,P011,5,20.0,Evening,False
2026-01-11,P019,6,45.0,Evening,False
2026-01-11,P020,6,60.0,Evening,False
2026-01-11,P021,10,65.0,Evening,False
2026-01-11,P022,7,25.0,Evening,False
2026-01-11,P007,2,25.0,Evening,False
2026-01-11,P018,4,60.0,Evening,False
2026-01-11,P017,5,70.0,Evening,False
2026-01-11,P014,1,50.0,Evening,False
2026-01-12,P001,52,15.0,Morning,True
2026-01-12,P002,31,20.0,Morning,True
2026-01-12,P007,30,25.0,Morning,True
2026-01-12,P008,13,50.0,Morning,True
2026-01-12,P009,32,40.0,Morning,True
2026-01-12,P010,19,60.0,Morning,True
2026-01-12,P011,27,20.0,Morning,True
2026-01-12,P005,35,15.0,Morning,True
2026-01-12,P006,19,20.0,Morning,True
2026-01-12,P004,12,25.0,Morning,True
2026-01-12,P012,47,80.0,Lunch,True
2026-01-12,P013,45,60.0,Lunch,True
2026-01-12,P014,29,50.0,Lunch,True
2026-01-12,P015,16,90.0,Lunch,True
2026-01-12,P016,23,75.0,Lunch,True
2026-01-12,P017,25,70.0,Lunch,True
2026-01-12,P018,30,60.0,Lunch,True
2026-01-12,P001,28,15.0,Lunch,True
2026-01-12,P002,14,20.0,Lunch,True
2026-01-12,P003,31,35.0,Lunch,True
2026-01-12,P004,19,25.0,Lunch,True
2026-01-12,P005,18,15.0,Lunch,True
2026-01-12,P019,23,45.0,Lunch,True
2026-01-12,P021,28,65.0,Lunch,True
2026-01-12,P001,31,15.0,Evening,True
2026-01-12,P002,24,20.0,Evening,True
2026-01-12,P003,25,35.0,Evening,True
2026-01-12,P004,26,25.0,Evening,True
2026-01-12,P005,48,15.0,Evening,True
2026-01-12,P006,45,20.0,Evening,True
2026-01-12,P011,25,20.0,Evening,True
2026-01-12,P019,37,45.0,Evening,True
2026-01-12,P020,24,60.0,Evening,True
2026-01-12,P021,39,65.0,Evening,True
2026-01-12,P022,22,25.0,Evening,True
2026-01-12,P007,19,25.0,Evening,True
2026-01-12,P018,22,60.0,Evening,True
2026-01-12,P017,18,70.0,Evening,True
2026-01-12,P014,16,50.0,Evening,True
2026-01-13,P001,30,15.0,Morning,True
2026-01-13,P002,35,20.0,Morning,True
2026-01-13,P007,20,25.0,Morning,True
2026-01-13,P008,27,50.0,Morning,True
2026-01-13,P009,31,40.0,Morning,True
2026-01-13,P011,33,20.0,Morning,True
2026-01-13,P005,19,15.0,Morning,True
2026-01-13,P006,21,20.0,Morning,True
2026-01-13,P004,20,25.0,Morning,True
2026-01-13,P012,27,80.0,Lunch,True
2026-01-13,P013,44,60.0,Lunch,True
2026-01-13,P014,37,50.0,Lunch,True
2026-01-13,P015,28,90.0,Lunch,True
2026-01-13,P016,17,75.0,Lunch,True
2026-01-13,P017,25,70.0,Lunch,True
2026-01-13,P018,26,60.0,Lunch,True
2026-01-13,P001,45,15.0,Lunch,True
2026-01-13,P002,14,20.0,Lunch,True
2026-01-13,P003,16,35.0,Lunch,True
2026-01-13,P004,39,25.0,Lunch,True
2026-01-13,P005,11,15.0,Lunch,True
2026-01-13,P019,23,45.0,Lunch,True
2026-01-13,P021,24,65.0,Lunch,True
2026-01-13,P001,43,15.0,Evening,True
2026-01-13,P002,30,20.0,Evening,True
2026-01-13,P003,16,35.0,Evening,True
2026-01-13,P004,15,25.0,Evening,True
2026-01-13,P005,52,15.0,Evening,True
2026-01-13,P006,37,20.0,Evening,True
2026-01-13,P011,35,20.0,Evening,True
2026-01-13,P019,31,45.0,Evening,True
2026-01-13,P020,27,60.0,Evening,True
2026-01-13,P021,17,65.0,Evening,True
2026-01-13,P022,27,25.0,Evening,True
2026-01-13,P007,19,25.0,Evening,True
2026-01-13,P018,13,60.0,Evening,True
2026-01-13,P017,14,70.0,Evening,True
2026-01-13,P014,10,50.0,Evening,True
2026-01-14,P001,42,15.0,Morning,True
2026-01-14,P002,24,20.0,Morning,True
2026-01-14,P007,27,25.0,Morning,True
2026-01-14,P008,15,50.0,Morning,True
2026-01-14,P009,33,40.0,Morning,True
2026-01-14,P010,19,60.0,Morning,True
2026-01-14,P011,21,20.0,Morning,True
2026-01-14,P006,24,20.0,Morning,True
2026-01-14,P004,17,25.0,Morning,True
2026-01-14,P012,24,80.0,Lunch,True
2026-01-14,P013,42,60.0,Lunch,True
2026-01-14,P014,24,50.0,Lunch,True
2026-01-14,P015,19,90.0,Lunch,True
2026-01-14,P016,25,75.0,Lunch,True
2026-01-14,P017,22,70.0,Lunch,True
2026-01-14,P018,36,60.0,Lunch,True
2026-01-14,P001,45,15.0,Lunch,True
2026-01-14,P002,14,20.0,Lunch,True
2026-01-14,P003,13,35.0,Lunch,True
2026-01-14,P004,29,25.0,Lunch,True
2026-01-14,P005,21,15.0,Lunch,True
2026-01-14,P019,11,45.0,Lunch,True
2026-01-14,P021,22,65.0,Lunch,True
2026-01-14,P001,42,15.0,Evening,True
2026-01-14,P002,40,20.0,Evening,True
2026-01-14,P003,21,35.0,Evening,True
2026-01-14,P004,20,25.0,Evening,True
2026-01-14,P005,42,15.0,Evening,True
2026-01-14,P006,51,20.0,Evening,True
2026-01-14,P011,24,20.0,Evening,True
2026-01-14,P019,25,45.0,Evening,True
2026-01-14,P020,26,60.0,Evening,True
2026-01-14,P021,19,65.0,Evening,True
2026-01-14,P022,19,25.0,Evening,True
2026-01-14,P007,19,25.0,Evening,True
2026-01-14,P018,22,60.0,Evening,True
2026-01-14,P017,20,70.0,Evening,True
2026-01-14,P014,7,50.0,Evening,True
2026-01-15,P002,30,20.0,Morning,True
2026-01-15,P007,37,25.0,Morning,True
2026-01-15,P008,25,50.0,Morning,True
2026-01-15,P009,27,40.0,Morning,True
2026-01-15,P010,17,60.0,Morning,True
2026-01-15,P011,32,20.0,Morning,True
2026-01-15,P005,33,15.0,Morning,True
2026-01-15,P006,32,20.0,Morning,True
2026-01-15,P004,9,25.0,Morning,True
2026-01-15,P012,50,80.0,Lunch,True
2026-01-15,P013,28,60.0,Lunch,True
2026-01-15,P014,19,50.0,Lunch,True
2026-01-15,P015,14,90.0,Lunch,True
2026-01-15,P016,30,75.0,Lunch,True
2026-01-15,P017,24,70.0,Lunch,True
2026-01-15,P018,20,60.0,Lunch,True
2026-01-15,P001,32,15.0,Lunch,True
2026-01-15,P002,27,20.0,Lunch,True
2026-01-15,P003,17,35.0,Lunch,True
2026-01-15,P004,36,25.0,Lunch,True
2026-01-15,P005,25,15.0,Lunch,True
2026-01-15,P019,14,45.0,Lunch,True
2026-01-15,P021,24,65.0,Lunch,True
2026-01-15,P001,60,15.0,Evening,True
2026-01-15,P002,43,20.0,Evening,True
2026-01-15,P003,21,35.0,Evening,True
2026-01-15,P004,24,25.0,Evening,True
2026-01-15,P005,44,15.0,Evening,True
2026-01-15,P006,28,20.0,Evening,True
2026-01-15,P011,42,20.0,Evening,True
2026-01-15,P019,37,45.0,Evening,True
2026-01-15,P020,32,60.0,Evening,True
2026-01-15,P021,17,65.0,Evening,True
2026-01-15,P022,20,25.0,Evening,True
2026-01-15,P007,20,25.0,Evening,True
2026-01-15,P018,12,60.0,Evening,True
2026-01-15,P017,16,70.0,Evening,True
2026-01-15,P014,9,50.0,Evening,True
2026-01-16,P001,36,15.0,Morning,True
2026-01-16,P002,35,20.0,Morning,True
2026-01-16,P008,17,50.0,Morning,True
2026-01-16,P009,33,40.0,Morning,True
2026-01-16,P010,16,60.0,Morning,True
2026-01-16,P011,13,20.0,Morning,True
2026-01-16,P005,27,15.0,Morning,True
2026-01-16,P006,20,20.0,Morning,True
2026-01-16,P004,8,25.0,Morning,True
2026-01-16,P012,25,80.0,Lunch,True
2026-01-16,P013,32,60.0,Lunch,True
2026-01-16,P014,18,50.0,Lunch,True
2026-01-16,P015,24,90.0,Lunch,True
2026-01-16,P016,18,75.0,Lunch,True
2026-01-16,P017,24,70.0,Lunch,True
2026-01-16,P018,17,60.0,Lunch,True
2026-01-16,P001,49,15.0,Lunch,True
2026-01-16,P002,20,20.0,Lunch,True
2026-01-16,P003,13,35.0,Lunch,True
2026-01-16,P004,31,25.0,Lunch,True
2026-01-16,P005,24,15.0,Lunch,True
2026-01-16,P019,18,45.0,Lunch,True
2026-01-16,P021,27,65.0,Lunch,True
2026-01-16,P001,38,15.0,Evening,True
2026-01-16,P002,20,20.0,Evening,True
2026-01-16,P003,19,35.0,Evening,True
2026-01-16,P004,31,25.0,Evening,True
2026-01-16,P005,47,15.0,Evening,True
2026-01-16,P006,55,20.0,Evening,True
2026-01-16,P011,32,20.0,Evening,True
2026-01-16,P019,19,45.0,Evening,True
2026-01-16,P020,16,60.0,Evening,True
2026-01-16,P021,36,65.0,Evening,True
2026-01-16,P022,30,25.0,Evening,True
2026-01-16,P007,11,25.0,Evening,True
2026-01-16,P018,18,60.0,Evening,True
2026-01-16,P017,21,70.0,Evening,True
2026-01-16,P014,12,50.0,Evening,True
2026-01-17,P001,13,15.0,Morning,False
2026-01-17,P002,10,20.0,Morning,False
2026-01-17,P007,12,25.0,Morning,False
2026-01-17,P008,10,50.0,Morning,False
2026-01-17,P009,11,40.0,Morning,False
2026-01-17,P010,8,60.0,Morning,False
2026-01-17,P011,5,20.0,Morning,False
2026-01-17,P005,10,15.0,Morning,False
2026-01-17,P006,7,20.0,Morning,False
2026-01-17,P004,7,25.0,Morning,False
2026-01-17,P012,13,80.0,Lunch,False
2026-01-17,P013,6,60.0,Lunch,False
2026-01-17,P014,9,50.0,Lunch,False
2026-01-17,P015,8,90.0,Lunch,False
2026-01-17,P016,6,75.0,Lunch,False
2026-01-17,P017,8,70.0,Lunch,False
2026-01-17,P018,10,60.0,Lunch,False
2026-01-17,P001,12,15.0,Lunch,False
2026-01-17,P002,5,20.0,Lunch,False
2026-01-17,P003,10,35.0,Lunch,False
2026-01-17,P004,5,25.0,Lunch,False
2026-01-17,P005,8,15.0,Lunch,False
2026-01-17,P019,5,45.0,Lunch,False
2026-01-17,P001,19,15.0,Evening,False
2026-01-17,P002,10,20.0,Evening,False
2026-01-17,P004,8,25.0,Evening,False
2026-01-17,P005,9,15.0,Evening,False
2026-01-17,P006,17,20.0,Evening,False
2026-01-17,P011,6,20.0,Evening,False
2026-01-17,P019,8,45.0,Evening,False
2026-01-17,P020,7,60.0,Evening,False
2026-01-17,P021,10,65.0,Evening,False
2026-01-17,P022,9,25.0,Evening,False
2026-01-17,P007,6,25.0,Evening,False
2026-01-17,P018,3,60.0,Evening,False
2026-01-17,P017,6,70.0,Evening,False
2026-01-17,P014,2,50.0,Evening,False
2026-01-18,P001,14,15.0,Morning,False
2026-01-18,P002,10,20.0,Morning,False
2026-01-18,P007,10,25.0,Morning,False
2026-01-18,P008,5,50.0,Morning,False
2026-01-18,P009,6,40.0,Morning,False
2026-01-18,P010,6,60.0,Morning,False
2026-01-18,P011,8,20.0,Morning,False
2026-01-18,P005,5,15.0,Morning,False
2026-01-18,P006,7,20.0,Morning,False
2026-01-18,P004,3,25.0,Morning,False
2026-01-18,P012,8,80.0,Lunch,False
2026-01-18,P013,9,60.0,Lunch,False
2026-01-18,P014,4,50.0,Lunch,False
2026-01-18,P016,5,75.0,Lunch,False
2026-01-18,P017,7,70.0,Lunch,False
2026-01-18,P018,10,60.0,Lunch,False
2026-01-18,P001,10,15.0,Lunch,False
2026-01-18,P002,7,20.0,Lunch,False
2026-01-18,P003,3,35.0,Lunch,False
2026-01-18,P004,4,25.0,Lunch,False
2026-01-18,P005,6,15.0,Lunch,False
2026-01-18,P019,5,45.0,Lunch,False
2026-01-18,P021,6,65.0,Lunch,False
2026-01-18,P001,14,15.0,Evening,False
2026-01-18,P003,6,35.0,Evening,False
2026-01-18,P004,8,25.0,Evening,False
2026-01-18,P005,8,15.0,Evening,False
2026-01-18,P006,6,20.0,Evening,False
2026-01-18,P011,10,20.0,Evening,False
2026-01-18,P019,7,45.0,Evening,False
2026-01-18,P020,8,60.0,Evening,False
2026-01-18,P021,9,65.0,Evening,False
2026-01-18,P022,3,25.0,Evening,False
2026-01-18,P007,2,25.0,Evening,False
2026-01-18,P018,3,60.0,Evening,False
2026-01-18,P017,4,70.0,Evening,False
2026-01-18,P014,2,50.0,Evening,False
2026-01-19,P001,35,15.0,Morning,True
2026-01-19,P002,18,20.0,Morning,True
2026-01-19,P007,16,25.0,Morning,True
2026-01-19,P008,26,50.0,Morning,True
2026-01-19,P009,32,40.0,Morning,True
2026-01-19,P010,16,60.0,Morning,True
2026-01-19,P011,21,20.0,Morning,True
2026-01-19,P005,24,15.0,Morning,True
2026-01-19,P006,13,20.0,Morning,True
2026-01-19,P004,17,25.0,Morning,True
2026-01-19,P012,27,80.0,Lunch,True
2026-01-19,P013,28,60.0,Lunch,True
2026-01-19,P014,23,50.0,Lunch,True
2026-01-19,P015,12,90.0,Lunch,True
2026-01-19,P016,22,75.0,Lunch,True
2026-01-19,P017,17,70.0,Lunch,True
2026-01-19,P018,30,60.0,Lunch,True
2026-01-19,P001,37,15.0,Lunch,True
2026-01-19,P002,21,20.0,Lunch,True
2026-01-19,P003,12,35.0,Lunch,True
2026-01-19,P004,32,25.0,Lunch,True
2026-01-19,P005,14,15.0,Lunch,True
2026-01-19,P019,17,45.0,Lunch,True
2026-01-19,P021,12,65.0,Lunch,True
2026-01-19,P001,49,15.0,Evening,True
2026-01-19,P002,16,20.0,Evening,True
2026-01-19,P003,11,35.0,Evening,True
2026-01-19,P004,25,25.0,Evening,True
2026-01-19,P005,56,15.0,Evening,True
2026-01-19,P006,24,20.0,Evening,True
2026-01-19,P011,23,20.0,Evening,True
2026-01-19,P019,24,45.0,Evening,True
2026-01-19,P020,12,60.0,Evening,True
2026-01-19,P021,34,65.0,Evening,True
2026-01-19,P022,21,25.0,Evening,True
2026-01-19,P007,17,25.0,Evening,True
2026-01-19,P018,13,60.0,Evening,True
2026-01-19,P017,17,70.0,Evening,True
2026-01-19,P014,14,50.0,Evening,True
2026-01-20,P001,64,15.0,Morning,True
2026-01-20,P002,27,20.0,Morning,True
2026-01-20,P007,36,25.0,Morning,True
2026-01-20,P008,25,50.0,Morning,True
2026-01-20,P009,38,40.0,Morning,True
2026-01-20,P010,20,60.0,Morning,True
2026-01-20,P011,33,20.0,Morning,True
2026-01-20,P005,20,15.0,Morning,True
2026-01-20,P006,29,20.0,Morning,True
2026-01-20,P004,18,25.0,Morning,True
2026-01-20,P012,45,80.0,Lunch,True
2026-01-20,P014,22,50.0,Lunch,True
2026-01-20,P015,28,90.0,Lunch,True
2026-01-20,P016,19,75.0,Lunch,True
2026-01-20,P017,26,70.0,Lunch,True
2026-01-20,P018,19,60.0,Lunch,True
2026-01-20,P001,39,15.0,Lunch,True
2026-01-20,P002,27,20.0,Lunch,True
2026-01-20,P003,23,35.0,Lunch,True
2026-01-20,P004,35,25.0,Lunch,True
2026-01-20,P005,23,15.0,Lunch,True
2026-01-20,P019,13,45.0,Lunch,True
2026-01-20,P021,18,65.0,Lunch,True
2026-01-20,P001,35,15.0,Evening,True
2026-01-20,P002,37,20.0,Evening,True
2026-01-20,P003,25,35.0,Evening,True
2026-01-20,P004,27,25.0,Evening,True
2026-01-20,P005,42,15.0,Evening,True
2026-01-20,P006,52,20.0,Evening,True
2026-01-20,P011,22,20.0,Evening,True
2026-01-20,P019,34,45.0,Evening,True
2026-01-20,P020,27,60.0,Evening,True
2026-01-20,P021,40,65.0,Evening,True
2026-01-20,P022,29,25.0,Evening,True
2026-01-20,P007,10,25.0,Evening,True
2026-01-20,P018,15,60.0,Evening,True
2026-01-20,P017,8,70.0,Evening,True
2026-01-20,P014,19,50.0,Evening,True
2026-01-21,P001,57,15.0,Morning,True
2026-01-21,P002,23,20.0,Morning,True
2026-01-21,P007,19,25.0,Morning,True
2026-01-21,P008,27,50.0,Morning,True
2026-01-21,P009,27,40.0,Morning,True
2026-01-21,P010,16,60.0,Morning,True
2026-01-21,P011,22,20.0,Morning,True
2026-01-21,P005,27,15.0,Morning,True
2026-01-21,P006,27,20.0,Morning,True
2026-01-21,P004,13,25.0,Morning,True
2026-01-21,P012,30,80.0,Lunch,True
2026-01-21,P013,27,60.0,Lunch,True
2026-01-21,P014,34,50.0,Lunch,True
2026-01-21,P015,15,90.0,Lunch,True
2026-01-21,P016,22,75.0,Lunch,True
2026-01-21,P017,30,70.0,Lunch,True
2026-01-21,P018,18,60.0,Lunch,True
2026-01-21,P001,34,15.0,Lunch,True
2026-01-21,P002,9,20.0,Lunch,True
2026-01-21,P003,11,35.0,Lunch,True
2026-01-21,P004,18,25.0,Lunch,True
2026-01-21,P005,22,15.0,Lunch,True
2026-01-21,P019,13,45.0,Lunch,True
2026-01-21,P021,14,65.0,Lunch,True
2026-01-21,P001,55,15.0,Evening,True
2026-01-21,P002,33,20.0,Evening,True
2026-01-21,P003,12,35.0,Evening,True
2026-01-21,P004,26,25.0,Evening,True
2026-01-21,P005,25,15.0,Evening,True
2026-01-21,P006,37,20.0,Evening,True
2026-01-21,P011,18,20.0,Evening,True
2026-01-21,P019,14,45.0,Evening,True
2026-01-21,P020,18,60.0,Evening,True
2026-01-21,P021,19,65.0,Evening,True
2026-01-21,P022,13,25.0,Evening,True
2026-01-21,P007,12,25.0,Evening,True
2026-01-21,P018,17,60.0,Evening,True
2026-01-21,P017,19,70.0,Evening,True
2026-01-21,P014,13,50.0,Evening,True
2026-01-22,P001,24,15.0,Morning,True
2026-01-22,P002,24,20.0,Morning,True
2026-01-22,P007,13,25.0,Morning,True
2026-01-22,P008,12,50.0,Morning,True
2026-01-22,P009,16,40.0,Morning,True
2026-01-22,P010,20,60.0,Morning,True
2026-01-22,P011,14,20.0,Morning,True
2026-01-22,P005,30,15.0,Morning,True
2026-01-22,P006,15,20.0,Morning,True
2026-01-22,P004,17,25.0,Morning,True
2026-01-22,P012,40,80.0,Lunch,True
2026-01-22,P013,21,60.0,Lunch,True
2026-01-22,P014,15,50.0,Lunch,True
2026-01-22,P015,24,90.0,Lunch,True
2026-01-22,P016,18,75.0,Lunch,True
2026-01-22,P017,20,70.0,Lunch,True
2026-01-22,P018,23,60.0,Lunch,True
2026-01-22,P001,34,15.0,Lunch,True
2026-01-22,P002,22,20.0,Lunch,True
2026-01-22,P003,18,35.0,Lunch,True
2026-01-22,P004,19,25.0,Lunch,True
2026-01-22,P005,22,15.0,Lunch,True
2026-01-22,P019,19,45.0,Lunch,True
2026-01-22,P021,13,65.0,Lunch,True
2026-01-22,P001,54,15.0,Evening,True
2026-01-22,P002,36,20.0,Evening,True
2026-01-22,P003,15,35.0,Evening,True
2026-01-22,P004,15,25.0,Evening,True
2026-01-22,P005,53,15.0,Evening,True
2026-01-22,P006,43,20.0,Evening,True
2026-01-22,P011,15,20.0,Evening,True
2026-01-22,P019,15,45.0,Evening,True
2026-01-22,P020,15,60.0,Evening,True
2026-01-22,P021,23,65.0,Evening,True
2026-01-22,P022,20,25.0,Evening,True
2026-01-22,P007,11,25.0,Evening,True
2026-01-22,P018,20,60.0,Evening,True
2026-01-22,P017,18,70.0,Evening,True
2026-01-22,P014,12,50.0,Evening,True
2026-01-23,P001,44,15.0,Morning,True
2026-01-23,P002,26,20.0,Morning,True
2026-01-23,P007,14,25.0,Morning,True
2026-01-23,P008,22,50.0,Morning,True
2026-01-23,P009,18,40.0,Morning,True
2026-01-23,P010,11,60.0,Morning,True
2026-01-23,P011,24,20.0,Morning,True
2026-01-23,P005,15,15.0,Morning,True
2026-01-23,P006,21,20.0,Morning,True
2026-01-23,P004,16,25.0,Morning,True
2026-01-23,P012,22,80.0,Lunch,True
2026-01-23,P013,27,60.0,Lunch,True
2026-01-23,P014,15,50.0,Lunch,True
2026-01-23,P015,26,90.0,Lunch,True
2026-01-23,P016,22,75.0,Lunch,True
2026-01-23,P017,21,70.0,Lunch,True
2026-01-23,P018,13,60.0,Lunch,True
2026-01-23,P001,33,15.0,Lunch,True
2026-01-23,P002,17,20.0,Lunch,True
2026-01-23,P003,18,35.0,Lunch,True
2026-01-23,P004,19,25.0,Lunch,True
2026-01-23,P005,13,15.0,Lunch,True
2026-01-23,P019,16,45.0,Lunch,True
2026-01-23,P021,14,65.0,Lunch,True
2026-01-23,P001,55,15.0,Evening,True
2026-01-23,P002,35,20.0,Evening,True
2026-01-23,P003,10,35.0,Evening,True
2026-01-23,P004,20,25.0,Evening,True
2026-01-23,P005,26,15.0,Evening,True
2026-01-23,P006,27,20.0,Evening,True
2026-01-23,P011,18,20.0,Evening,True
2026-01-23,P019,18,45.0,Evening,True
2026-01-23,P020,26,60.0,Evening,True
2026-01-23,P021,19,65.0,Evening,True
2026-01-23,P022,17,25.0,Evening,True
2026-01-23,P007,7,25.0,Evening,True
2026-01-23,P018,18,60.0,Evening,True
2026-01-23,P017,15,70.0,Evening,True
2026-01-23,P014,6,50.0,Evening,True
2026-01-24,P001,13,15.0,Morning,False
2026-01-24,P002,9,20.0,Morning,False
2026-01-24,P007,3,25.0,Morning,False
2026-01-24,P008,5,50.0,Morning,False
2026-01-24,P009,6,40.0,Morning,False
2026-01-24,P010,6,60.0,Morning,False
2026-01-24,P011,7,20.0,Morning,False
2026-01-24,P005,4,15.0,Morning,False
2026-01-24,P006,4,20.0,Morning,False
2026-01-24,P004,2,25.0,Morning,False
2026-01-24,P012,7,80.0,Lunch,False
2026-01-24,P013,6,60.0,Lunch,False
2026-01-24,P014,8,50.0,Lunch,False
2026-01-24,P015,7,90.0,Lunch,False
2026-01-24,P016,3,75.0,Lunch,False
2026-01-24,P017,9,70.0,Lunch,False
2026-01-24,P018,5,60.0,Lunch,False
2026-01-24,P001,7,15.0,Lunch,False
2026-01-24,P002,2,20.0,Lunch,False
2026-01-24,P003,4,35.0,Lunch,False
2026-01-24,P004,7,25.0,Lunch,False
2026-01-24,P005,6,15.0,Lunch,False
2026-01-24,P019,4,45.0,Lunch,False
2026-01-24,P021,7,65.0,Lunch,False
2026-01-24,P001,7,15.0,Evening,False
2026-01-24,P002,7,20.0,Evening,False
2026-01-24,P003,6,35.0,Evening,False
2026-01-24,P004,3,25.0,Evening,False
2026-01-24,P005,14,15.0,Evening,False
2026-01-24,P006,9,20.0,Evening,False
2026-01-24,P011,9,20.0,Evening,False
2026-01-24,P019,3,45.0,Evening,False
2026-01-24,P020,4,60.0,Evening,False
2026-01-24,P021,6,65.0,Evening,False
2026-01-24,P022,5,25.0,Evening,False
2026-01-24,P007,4,25.0,Evening,False
2026-01-24,P018,4,60.0,Evening,False
2026-01-24,P017,4,70.0,Evening,False
2026-01-24,P014,2,50.0,Evening,False
2026-01-25,P001,10,15.0,Morning,False
2026-01-25,P002,12,20.0,Morning,False
2026-01-25,P007,12,25.0,Morning,False
2026-01-25,P008,4,50.0,Morning,False
2026-01-25,P009,11,40.0,Morning,False
2026-01-25,P010,6,60.0,Morning,False
2026-01-25,P011,10,20.0,Morning,False
2026-01-25,P005,10,15.0,Morning,False
2026-01-25,P006,9,20.0,Morning,False
2026-01-25,P004,3,25.0,Morning,False
2026-01-25,P012,15,80.0,Lunch,False
2026-01-25,P013,10,60.0,Lunch,False
2026-01-25,P014,6,50.0,Lunch,False
2026-01-25,P015,8,90.0,Lunch,False
2026-01-25,P016,6,75.0,Lunch,False
2026-01-25,P017,10,70.0,Lunch,False
2026-01-25,P018,9,60.0,Lunch,False
2026-01-25,P001,14,15.0,Lunch,False
2026-01-25,P002,3,20.0,Lunch,False
2026-01-25,P003,7,35.0,Lunch,False
2026-01-25,P004,9,25.0,Lunch,False
2026-01-25,P005,9,15.0,Lunch,False
2026-01-25,P019,3,45.0,Lunch,False
2026-01-25,P021,8,65.0,Lunch,False
2026-01-25,P001,21,15.0,Evening,False
2026-01-25,P002,6,20.0,Evening,False
2026-01-25,P003,6,35.0,Evening,False
2026-01-25,P004,6,25.0,Evening,False
2026-01-25,P005,18,15.0,Evening,False
2026-01-25,P006,8,20.0,Evening,False
2026-01-25,P011,6,20.0,Evening,False
2026-01-25,P019,10,45.0,Evening,False
2026-01-25,P020,6,60.0,Evening,False
2026-01-25,P021,8,65.0,Evening,False
2026-01-25,P022,10,25.0,Evening,False
2026-01-25,P007,2,25.0,Evening,False
2026-01-25,P018,8,60.0,Evening,False
2026-01-25,P017,5,70.0,Evening,False
2026-01-25,P014,3,50.0,Evening,False
2026-01-26,P001,46,15.0,Morning,True
2026-01-26,P002,25,20.0,Morning,True
2026-01-26,P007,34,25.0,Morning,True
2026-01-26,P008,21,50.0,Morning,True
2026-01-26,P009,31,40.0,Morning,True
2026-01-26,P010,25,60.0,Morning,True
2026-01-26,P011,21,20.0,Morning,True
2026-01-26,P005,15,15.0,Morning,True
2026-01-26,P006,15,20.0,Morning,True
2026-01-26,P004,17,25.0,Morning,True
2026-01-26,P012,22,80.0,Lunch,True
2026-01-26,P013,26,60.0,Lunch,True
2026-01-26,P014,33,50.0,Lunch,True
2026-01-26,P015,13,90.0,Lunch,True
2026-01-26,P016,19,75.0,Lunch,True
2026-01-26,P017,39,70.0,Lunch,True
2026-01-26,P018,27,60.0,Lunch,True
2026-01-26,P001,42,15.0,Lunch,True
2026-01-26,P002,13,20.0,Lunch,True
2026-01-26,P003,26,35.0,Lunch,True
2026-01-26,P004,19,25.0,Lunch,True
2026-01-26,P005,16,15.0,Lunch,True
2026-01-26,P019,22,45.0,Lunch,True
2026-01-26,P021,27,65.0,Lunch,True
2026-01-26,P001,34,15.0,Evening,True
2026-01-26,P002,31,20.0,Evening,True
2026-01-26,P003,20,35.0,Evening,True
2026-01-26,P004,27,25.0,Evening,True
2026-01-26,P005,46,15.0,Evening,True
2026-01-26,P006,50,20.0,Evening,True
2026-01-26,P011,25,20.0,Evening,True
2026-01-26,P019,36,45.0,Evening,True
2026-01-26,P020,20,60.0,Evening,True
2026-01-26,P021,21,65.0,Evening,True
2026-01-26,P022,20,25.0,Evening,True
2026-01-26,P007,11,25.0,Evening,True
2026-01-26,P018,19,60.0,Evening,True
2026-01-26,P017,19,70.0,Evening,True
2026-01-26,P014,17,50.0,Evening,True
2026-01-27,P001,60,15.0,Morning,True
2026-01-27,P002,40,20.0,Morning,True
2026-01-27,P007,24,25.0,Morning,True
2026-01-27,P008,29,50.0,Morning,True
2026-01-27,P009,27,40.0,Morning,True
2026-01-27,P010,14,60.0,Morning,True
2026-01-27,P011,21,20.0,Morning,True
2026-01-27,P005,17,15.0,Morning,True
2026-01-27,P006,26,20.0,Morning,True
2026-01-27,P004,19,25.0,Morning,True
2026-01-27,P012,32,80.0,Lunch,True
2026-01-27,P013,26,60.0,Lunch,True
2026-01-27,P014,23,50.0,Lunch,True
2026-01-27,P015,30,90.0,Lunch,True
2026-01-27,P016,15,75.0,Lunch,True
2026-01-27,P017,32,70.0,Lunch,True
2026-01-27,P018,22,60.0,Lunch,True
2026-01-27,P001,33,15.0,Lunch,True
2026-01-27,P002,25,20.0,Lunch,True
2026-01-27,P003,16,35.0,Lunch,True
2026-01-27,P005,15,15.0,Lunch,True
2026-01-27,P019,17,45.0,Lunch,True
2026-01-27,P021,18,65.0,Lunch,True
2026-01-27,P001,48,15.0,Evening,True
2026-01-27,P002,35,20.0,Evening,True
2026-01-27,P003,12,35.0,Evening,True
2026-01-27,P004,19,25.0,Evening,True
2026-01-27,P005,27,15.0,Evening,True
2026-01-27,P006,31,20.0,Evening,True
2026-01-27,P011,20,20.0,Evening,True
2026-01-27,P019,16,45.0,Evening,True
2026-01-27,P020,24,60.0,Evening,True
2026-01-27,P021,20,65.0,Evening,True
2026-01-27,P022,21,25.0,Evening,True
2026-01-27,P007,8,25.0,Evening,True
2026-01-27,P018,19,60.0,Evening,True
2026-01-27,P017,13,70.0,Evening,True
2026-01-27,P014,16,50.0,Evening,True
2026-01-28,P001,33,15.0,Morning,True
2026-01-28,P002,29,20.0,Morning,True
2026-01-28,P007,18,25.0,Morning,True
2026-01-28,P008,26,50.0,Morning,True
2026-01-28,P009,20,40.0,Morning,True
2026-01-28,P011,21,20.0,Morning,True
2026-01-28,P005,21,15.0,Morning,True
2026-01-28,P006,24,20.0,Morning,True
2026-01-28,P004,16,25.0,Morning,True
2026-01-28,P012,45,80.0,Lunch,True
2026-01-28,P013,23,60.0,Lunch,True
2026-01-28,P014,30,50.0,Lunch,True
2026-01-28,P015,19,90.0,Lunch,True
2026-01-28,P017,30,70.0,Lunch,True
2026-01-28,P018,25,60.0,Lunch,True
2026-01-28,P001,43,15.0,Lunch,True
2026-01-28,P002,18,20.0,Lunch,True
2026-01-28,P003,19,35.0,Lunch,True
2026-01-28,P004,18,25.0,Lunch,True
2026-01-28,P005,15,15.0,Lunch,True
2026-01-28,P019,18,45.0,Lunch,True
2026-01-28,P021,21,65.0,Lunch,True
2026-01-28,P001,71,15.0,Evening,True
2026-01-28,P002,24,20.0,Evening,True
2026-01-28,P003,17,35.0,Evening,True
2026-01-28,P004,16,25.0,Evening,True
2026-01-28,P005,54,15.0,Evening,True
2026-01-28,P006,43,20.0,Evening,True
2026-01-28,P011,32,20.0,Evening,True
2026-01-28,P019,32,45.0,Evening,True
2026-01-28,P020,18,60.0,Evening,True
2026-01-28,P021,36,65.0,Evening,True
2026-01-28,P022,14,25.0,Evening,True
2026-01-28,P007,16,25.0,Evening,True
2026-01-28,P018,11,60.0,Evening,True
2026-01-28,P017,9,70.0,Evening,True
2026-01-28,P014,14,50.0,Evening,True
2026-01-29,P001,62,15.0,Morning,True
2026-01-29,P002,26,20.0,Morning,True
2026-01-29,P007,30,25.0,Morning,True
2026-01-29,P008,19,50.0,Morning,True
2026-01-29,P009,31,40.0,Morning,True
2026-01-29,P010,27,60.0,Morning,True
2026-01-29,P011,14,20.0,Morning,True
2026-01-29,P005,32,15.0,Morning,True
2026-01-29,P006,31,20.0,Morning,True
2026-01-29,P004,16,25.0,Morning,True
2026-01-29,P012,41,80.0,Lunch,True
2026-01-29,P013,32,60.0,Lunch,True
2026-01-29,P014,16,50.0,Lunch,True
2026-01-29,P015,31,90.0,Lunch,True
2026-01-29,P016,28,75.0,Lunch,True
2026-01-29,P017,20,70.0,Lunch,True
2026-01-29,P018,17,60.0,Lunch,True
2026-01-29,P001,24,15.0,Lunch,True
2026-01-29,P002,26,20.0,Lunch,True
2026-01-29,P003,26,35.0,Lunch,True
2026-01-29,P004,20,25.0,Lunch,True
2026-01-29,P005,24,15.0,Lunch,True
2026-01-29,P019,17,45.0,Lunch,True
2026-01-29,P021,25,65.0,Lunch,True
2026-01-29,P001,76,15.0,Evening,True
2026-01-29,P002,43,20.0,Evening,True
2026-01-29,P003,22,35.0,Evening,True
2026-01-29,P004,30,25.0,Evening,True
2026-01-29,P005,36,15.0,Evening,True
2026-01-29,P006,36,20.0,Evening,True
2026-01-29,P011,40,20.0,Evening,True
2026-01-29,P020,30,60.0,Evening,True
2026-01-29,P021,28,65.0,Evening,True
2026-01-29,P022,20,25.0,Evening,True
2026-01-29,P007,11,25.0,Evening,True
2026-01-29,P018,14,60.0,Evening,True
2026-01-29,P017,19,70.0,Evening,True
2026-01-29,P014,18,50.0,Evening,True
2026-01-30,P001,43,15.0,Morning,True
2026-01-30,P002,20,20.0,Morning,True
2026-01-30,P007,31,25.0,Morning,True
2026-01-30,P008,14,50.0,Morning,True
2026-01-30,P009,18,40.0,Morning,True
2026-01-30,P010,18,60.0,Morning,True
2026-01-30,P011,14,20.0,Morning,True
2026-01-30,P005,26,15.0,Morning,True
2026-01-30,P006,31,20.0,Morning,True
2026-01-30,P004,18,25.0,Morning,True
2026-01-30,P012,42,80.0,Lunch,True
2026-01-30,P013,29,60.0,Lunch,True
2026-01-30,P014,33,50.0,Lunch,True
2026-01-30,P015,22,90.0,Lunch,True
2026-01-30,P016,32,75.0,Lunch,True
2026-01-30,P017,41,70.0,Lunch,True
2026-01-30,P018,37,60.0,Lunch,True
2026-01-30,P001,39,15.0,Lunch,True
2026-01-30,P002,22,20.0,Lunch,True
2026-01-30,P003,34,35.0,Lunch,True
2026-01-30,P004,33,25.0,Lunch,True
2026-01-30,P005,24,15.0,Lunch,True
2026-01-30,P019,15,45.0,Lunch,True
2026-01-30,P021,30,65.0,Lunch,True
2026-01-30,P001,48,15.0,Evening,True
2026-01-30,P002,39,20.0,Evening,True
2026-01-30,P003,25,35.0,Evening,True
2026-01-30,P004,30,25.0,Evening,True
2026-01-30,P005,54,15.0,Evening,True
2026-01-30,P006,30,20.0,Evening,True
2026-01-30,P011,25,20.0,Evening,True
2026-01-30,P019,37,45.0,Evening,True
2026-01-30,P020,27,60.0,Evening,True
2026-01-30,P021,19,65.0,Evening,True
2026-01-30,P022,19,25.0,Evening,True
2026-01-30,P007,15,25.0,Evening,True
2026-01-30,P018,12,60.0,Evening,True
2026-01-30,P017,12,70.0,Evening,True
2026-01-30,P014,15,50.0,Evening,True
2026-01-31,P001,15,15.0,Morning,False
2026-01-31,P002,10,20.0,Morning,False
2026-01-31,P007,5,25.0,Morning,False
2026-01-31,P008,5,50.0,Morning,False
2026-01-31,P009,6,40.0,Morning,False
2026-01-31,P010,6,60.0,Morning,False
2026-01-31,P011,9,20.0,Morning,False
2026-01-31,P005,8,15.0,Morning,False
2026-01-31,P006,5,20.0,Morning,False
2026-01-31,P004,4,25.0,Morning,False
2026-01-31,P012,15,80.0,Lunch,False
2026-01-31,P013,10,60.0,Lunch,False
2026-01-31,P014,12,50.0,Lunch,False
2026-01-31,P015,10,90.0,Lunch,False
2026-01-31,P016,8,75.0,Lunch,False
2026-01-31,P017,10,70.0,Lunch,False
2026-01-31,P018,10,60.0,Lunch,False
2026-01-31,P001,7,15.0,Lunch,False
2026-01-31,P002,4,20.0,Lunch,False
2026-01-31,P003,4,35.0,Lunch,False
2026-01-31,P004,11,25.0,Lunch,False
2026-01-31,P005,4,15.0,Lunch,False
2026-01-31,P019,6,45.0,Lunch,False
2026-01-31,P021,5,65.0,Lunch,False
2026-01-31,P001,20,15.0,Evening,False
2026-01-31,P002,12,20.0,Evening,False
2026-01-31,P003,8,35.0,Evening,False
2026-01-31,P004,7,25.0,Evening,False
2026-01-31,P005,20,15.0,Evening,False
2026-01-31,P006,9,20.0,Evening,False
2026-01-31,P011,12,20.0,Evening,False
2026-01-31,P019,5,45.0,Evening,False
2026-01-31,P020,10,60.0,Evening,False
2026-01-31,P021,5,65.0,Evening,False
2026-01-31,P022,10,25.0,Evening,False
2026-01-31,P007,7,25.0,Evening,False
2026-01-31,P018,8,60.0,Evening,False
2026-01-31,P017,3,70.0,Evening,False
2026-01-31,P014,4,50.0,Evening,False
2026-02-01,P001,15,15.0,Morning,False
2026-02-01,P002,10,20.0,Morning,False
2026-02-01,P008,6,50.0,Morning,False
2026-02-01,P010,4,60.0,Morning,False
2026-02-01,P011,5,20.0,Morning,False
2026-02-01,P006,6,20.0,Morning,False
2026-02-01,P004,3,25.0,Morning,False
2026-02-01,P012,6,80.0,Lunch,False
2026-02-01,P013,7,60.0,Lunch,False
2026-02-01,P014,7,50.0,Lunch,False
2026-02-01,P015,5,90.0,Lunch,False
2026-02-01,P016,6,75.0,Lunch,False
2026-02-01,P017,7,70.0,Lunch,False
2026-02-01,P018,4,60.0,Lunch,False
2026-02-01,P001,6,15.0,Lunch,False
2026-02-01,P002,2,20.0,Lunch,False
2026-02-01,P003,3,35.0,Lunch,False
2026-02-01,P004,6,25.0,Lunch,False
2026-02-01,P005,5,15.0,Lunch,False
2026-02-01,P019,2,45.0,Lunch,False
2026-02-01,P021,3,65.0,Lunch,False
2026-02-01,P001,13,15.0,Evening,False
2026-02-01,P002,8,20.0,Evening,False
2026-02-01,P003,2,35.0,Evening,False
2026-02-01,P004,3,25.0,Evening,False
2026-02-01,P005,15,15.0,Evening,False
2026-02-01,P006,5,20.0,Evening,False
2026-02-01,P011,7,20.0,Evening,False
2026-02-01,P019,7,45.0,Evening,False
2026-02-01,P020,4,60.0,Evening,False
2026-02-01,P021,5,65.0,Evening,False
2026-02-01,P007,3,25.0,Evening,False
2026-02-01,P018,5,60.0,Evening,False
2026-02-01,P017,4,70.0,Evening,False
2026-02-01,P014,2,50.0,Evening,False
2026-02-02,P001,60,15.0,Morning,True
2026-02-02,P002,39,20.0,Morning,True
2026-02-02,P007,17,25.0,Morning,True
2026-02-02,P008,23,50.0,Morning,True
2026-02-02,P009,28,40.0,Morning,True
2026-02-02,P010,12,60.0,Morning,True
2026-02-02,P011,31,20.0,Morning,True
2026-02-02,P005,27,15.0,Morning,True
2026-02-02,P006,22,20.0,Morning,True
2026-02-02,P012,48,80.0,Lunch,True
2026-02-02,P013,29,60.0,Lunch,True
2026-02-02,P014,27,50.0,Lunch,True
2026-02-02,P015,30,90.0,Lunch,True
2026-02-02,P016,16,75.0,Lunch,True
2026-02-02,P017,25,70.0,Lunch,True
2026-02-02,P018,17,60.0,Lunch,True
2026-02-02,P001,24,15.0,Lunch,True
2026-02-02,P002,14,20.0,Lunch,True
2026-02-02,P003,22,35.0,Lunch,True
2026-02-02,P004,17,25.0,Lunch,True
2026-02-02,P019,15,45.0,Lunch,True
2026-02-02,P021,15,65.0,Lunch,True
2026-02-02,P001,42,15.0,Evening,True
2026-02-02,P002,32,20.0,Evening,True
2026-02-02,P003,23,35.0,Evening,True
2026-02-02,P004,14,25.0,Evening,True
2026-02-02,P005,31,15.0,Evening,True
2026-02-02,P006,40,20.0,Evening,True
2026-02-02,P011,15,20.0,Evening,True
2026-02-02,P019,27,45.0,Evening,True
2026-02-02,P020,29,60.0,Evening,True
2026-02-02,P021,22,65.0,Evening,True
2026-02-02,P022,17,25.0,Evening,True
2026-02-02,P007,10,25.0,Evening,True
2026-02-02,P018,19,60.0,Evening,True
2026-02-02,P017,10,70.0,Evening,True
2026-02-02,P014,12,50.0,Evening,True
2026-02-03,P001,28,15.0,Morning,True
2026-02-03,P002,21,20.0,Morning,True
2026-02-03,P007,29,25.0,Morning,True
2026-02-03,P008,17,50.0,Morning,True
2026-02-03,P009,18,40.0,Morning,True
2026-02-03,P010,21,60.0,Morning,True
2026-02-03,P011,23,20.0,Morning,True
2026-02-03,P005,24,15.0,Morning,True
2026-02-03,P006,24,20.0,Morning,True
2026-02-03,P004,17,25.0,Morning,True
2026-02-03,P012,23,80.0,Lunch,True
2026-02-03,P013,36,60.0,Lunch,True
2026-02-03,P014,20,50.0,Lunch,True
2026-02-03,P015,16,90.0,Lunch,True
2026-02-03,P016,23,75.0,Lunch,True
2026-02-03,P017,35,70.0,Lunch,True
2026-02-03,P018,32,60.0,Lunch,True
2026-02-03,P001,29,15.0,Lunch,True
2026-02-03,P002,21,20.0,Lunch,True
2026-02-03,P003,29,35.0,Lunch,True
2026-02-03,P004,31,25.0,Lunch,True
2026-02-03,P005,9,15.0,Lunch,True
2026-02-03,P019,16,45.0,Lunch,True
2026-02-03,P021,17,65.0,Lunch,True
2026-02-03,P001,47,15.0,Evening,True
2026-02-03,P002,16,20.0,Evening,True
2026-02-03,P003,22,35.0,Evening,True
2026-02-03,P004,15,25.0,Evening,True
2026-02-03,P005,39,15.0,Evening,True
2026-02-03,P006,23,20.0,Evening,True
2026-02-03,P011,26,20.0,Evening,True
2026-02-03,P019,33,45.0,Evening,True
2026-02-03,P020,23,60.0,Evening,True
2026-02-03,P021,36,65.0,Evening,True
2026-02-03,P022,12,25.0,Evening,True
2026-02-03,P007,12,25.0,Evening,True
2026-02-03,P018,21,60.0,Evening,True
2026-02-03,P017,17,70.0,Evening,True
2026-02-03,P014,6,50.0,Evening,True
2026-02-04,P001,49,15.0,Morning,True
2026-02-04,P002,35,20.0,Morning,True
2026-02-04,P007,36,25.0,Morning,True
2026-02-04,P008,25,50.0,Morning,True
2026-02-04,P009,26,40.0,Morning,True
2026-02-04,P010,23,60.0,Morning,True
2026-02-04,P011,16,20.0,Morning,True
2026-02-04,P005,32,15.0,Morning,True
2026-02-04,P006,30,20.0,Morning,True
2026-02-04,P004,17,25.0,Morning,True
2026-02-04,P012,44,80.0,Lunch,True
2026-02-04,P013,43,60.0,Lunch,True
2026-02-04,P014,38,50.0,Lunch,True
2026-02-04,P015,24,90.0,Lunch,True
2026-02-04,P016,30,75.0,Lunch,True
2026-02-04,P017,30,70.0,Lunch,True
2026-02-04,P018,18,60.0,Lunch,True
2026-02-04,P001,44,15.0,Lunch,True
2026-02-04,P002,19,20.0,Lunch,True
2026-02-04,P003,19,35.0,Lunch,True
2026-02-04,P004,27,25.0,Lunch,True
2026-02-04,P005,24,15.0,Lunch,True
2026-02-04,P019,17,45.0,Lunch,True
2026-02-04,P021,22,65.0,Lunch,True
2026-02-04,P001,39,15.0,Evening,True
2026-02-04,P003,13,35.0,Evening,True
2026-02-04,P004,18,25.0,Evening,True
2026-02-04,P005,42,15.0,Evening,True
2026-02-04,P006,31,20.0,Evening,True
2026-02-04,P011,29,20.0,Evening,True
2026-02-04,P019,23,45.0,Evening,True
2026-02-04,P020,18,60.0,Evening,True
2026-02-04,P021,37,65.0,Evening,True
2026-02-04,P022,13,25.0,Evening,True
2026-02-04,P007,11,25.0,Evening,True
2026-02-04,P018,23,60.0,Evening,True
2026-02-04,P017,19,70.0,Evening,True
2026-02-04,P014,10,50.0,Evening,True
2026-02-05,P001,31,15.0,Morning,True
2026-02-05,P002,41,20.0,Morning,True
2026-02-05,P007,21,25.0,Morning,True
2026-02-05,P008,19,50.0,Morning,True
2026-02-05,P009,24,40.0,Morning,True
2026-02-05,P010,25,60.0,Morning,True
2026-02-05,P011,23,20.0,Morning,True
2026-02-05,P005,35,15.0,Morning,True
2026-02-05,P006,16,20.0,Morning,True
2026-02-05,P004,21,25.0,Morning,True
2026-02-05,P012,32,80.0,Lunch,True
2026-02-05,P013,41,60.0,Lunch,True
2026-02-05,P014,35,50.0,Lunch,True
2026-02-05,P015,17,90.0,Lunch,True
2026-02-05,P016,22,75.0,Lunch,True
2026-02-05,P017,22,70.0,Lunch,True
2026-02-05,P018,20,60.0,Lunch,True
2026-02-05,P001,34,15.0,Lunch,True
2026-02-05,P002,22,20.0,Lunch,True
2026-02-05,P003,28,35.0,Lunch,True
2026-02-05,P004,38,25.0,Lunch,True
2026-02-05,P005,15,15.0,Lunch,True
2026-02-05,P019,17,45.0,Lunch,True
2026-02-05,P021,18,65.0,Lunch,True
2026-02-05,P001,60,15.0,Evening,True
2026-02-05,P002,43,20.0,Evening,True
2026-02-05,P003,10,35.0,Evening,True
2026-02-05,P004,19,25.0,Evening,True
2026-02-05,P005,62,15.0,Evening,True
2026-02-05,P006,52,20.0,Evening,True
2026-02-05,P011,31,20.0,Evening,True
2026-02-05,P019,30,45.0,Evening,True
2026-02-05,P020,15,60.0,Evening,True
2026-02-05,P021,41,65.0,Evening,True
2026-02-05,P022,22,25.0,Evening,True
2026-02-05,P007,11,25.0,Evening,True
2026-02-05,P018,15,60.0,Evening,True
2026-02-05,P017,17,70.0,Evening,True
2026-02-05,P014,18,50.0,Evening,True
2026-02-06,P001,61,15.0,Morning,True
2026-02-06,P002,39,20.0,Morning,True
2026-02-06,P007,26,25.0,Morning,True
2026-02-06,P008,13,50.0,Morning,True
2026-02-06,P009,29,40.0,Morning,True
2026-02-06,P010,23,60.0,Morning,True
2026-02-06,P011,19,20.0,Morning,True
2026-02-06,P005,16,15.0,Morning,True
2026-02-06,P006,23,20.0,Morning,True
2026-02-06,P004,9,25.0,Morning,True
2026-02-06,P012,27,80.0,Lunch,True
2026-02-06,P013,25,60.0,Lunch,True
2026-02-06,P014,33,50.0,Lunch,True
2026-02-06,P015,25,90.0,Lunch,True
2026-02-06,P016,18,75.0,Lunch,True
2026-02-06,P017,22,70.0,Lunch,True
2026-02-06,P018,33,60.0,Lunch,True
2026-02-06,P001,28,15.0,Lunch,True
2026-02-06,P002,15,20.0,Lunch,True
2026-02-06,P003,21,35.0,Lunch,True
2026-02-06,P004,23,25.0,Lunch,True
2026-02-06,P005,13,15.0,Lunch,True
2026-02-06,P019,22,45.0,Lunch,True
2026-02-06,P021,13,65.0,Lunch,True
2026-02-06,P001,71,15.0,Evening,True
2026-02-06,P002,19,20.0,Evening,True
2026-02-06,P003,20,35.0,Evening,True
2026-02-06,P004,24,25.0,Evening,True
2026-02-06,P005,61,15.0,Evening,True
2026-02-06,P006,46,20.0,Evening,True
2026-02-06,P011,17,20.0,Evening,True
2026-02-06,P019,17,45.0,Evening,True
2026-02-06,P020,20,60.0,Evening,True
2026-02-06,P021,26,65.0,Evening,True
2026-02-06,P022,27,25.0,Evening,True
2026-02-06,P007,8,25.0,Evening,True
2026-02-06,P018,23,60.0,Evening,True
2026-02-06,P017,19,70.0,Evening,True
2026-02-06,P014,16,50.0,Evening,True
2026-02-07,P001,9,15.0,Morning,False
2026-02-07,P002,11,20.0,Morning,False
2026-02-07,P007,11,25.0,Morning,False
2026-02-07,P008,7,50.0,Morning,False
2026-02-07,P009,9,40.0,Morning,False
2026-02-07,P010,7,60.0,Morning,False
2026-02-07,P011,10,20.0,Morning,False
2026-02-07,P005,10,15.0,Morning,False
2026-02-07,P006,10,20.0,Morning,False
2026-02-07,P004,2,25.0,Morning,False
2026-02-07,P012,13,80.0,Lunch,False
2026-02-07,P014,7,50.0,Lunch,False
2026-02-07,P015,4,90.0,Lunch,False
2026-02-07,P016,10,75.0,Lunch,False
2026-02-07,P017,7,70.0,Lunch,False
2026-02-07,P018,9,60.0,Lunch,False
2026-02-07,P001,10,15.0,Lunch,False
2026-02-07,P002,5,20.0,Lunch,False
2026-02-07,P003,6,35.0,Lunch,False
2026-02-07,P004,7,25.0,Lunch,False
2026-02-07,P005,8,15.0,Lunch,False
2026-02-07,P019,4,45.0,Lunch,False
2026-02-07,P021,4,65.0,Lunch,False
2026-02-07,P001,10,15.0,Evening,False
2026-02-07,P002,6,20.0,Evening,False
2026-02-07,P003,4,35.0,Evening,False
2026-02-07,P004,7,25.0,Evening,False
2026-02-07,P006,7,20.0,Evening,False
2026-02-07,P011,11,20.0,Evening,False
2026-02-07,P019,12,45.0,Evening,False
2026-02-07,P020,7,60.0,Evening,False
2026-02-07,P021,6,65.0,Evening,False
2026-02-07,P022,9,25.0,Evening,False
2026-02-07,P007,3,25.0,Evening,False
2026-02-07,P018,4,60.0,Evening,False
2026-02-07,P017,3,70.0,Evening,False
2026-02-07,P014,6,50.0,Evening,False
2026-02-08,P001,13,15.0,Morning,False
2026-02-08,P002,6,20.0,Morning,False
2026-02-08,P007,4,25.0,Morning,False
2026-02-08,P008,7,50.0,Morning,False
2026-02-08,P009,4,40.0,Morning,False
2026-02-08,P010,2,60.0,Morning,False
2026-02-08,P011,3,20.0,Morning,False
2026-02-08,P005,6,15.0,Morning,False
2026-02-08,P006,6,20.0,Morning,False
2026-02-08,P004,3,25.0,Morning,False
2026-02-08,P012,6,80.0,Lunch,False
2026-02-08,P013,8,60.0,Lunch,False
2026-02-08,P014,8,50.0,Lunch,False
2026-02-08,P016,5,75.0,Lunch,False
2026-02-08,P017,8,70.0,Lunch,False
2026-02-08,P018,8,60.0,Lunch,False
2026-02-08,P001,10,15.0,Lunch,False
2026-02-08,P002,3,20.0,Lunch,False
2026-02-08,P003,3,35.0,Lunch,False
2026-02-08,P004,8,25.0,Lunch,False
2026-02-08,P005,6,15.0,Lunch,False
2026-02-08,P019,2,45.0,Lunch,False
2026-02-08,P021,5,65.0,Lunch,False
2026-02-08,P001,16,15.0,Evening,False
2026-02-08,P002,5,20.0,Evening,False
2026-02-08,P003,2,35.0,Evening,False
2026-02-08,P005,10,15.0,Evening,False
2026-02-08,P006,5,20.0,Evening,False
2026-02-08,P011,9,20.0,Evening,False
2026-02-08,P019,8,45.0,Evening,False
2026-02-08,P020,6,60.0,Evening,False
2026-02-08,P021,6,65.0,Evening,False
2026-02-08,P022,7,25.0,Evening,False
2026-02-08,P007,3,25.0,Evening,False
2026-02-08,P018,4,60.0,Evening,False
2026-02-08,P017,3,70.0,Evening,False
2026-02-08,P014,2,50.0,Evening,False
2026-02-09,P001,29,15.0,Morning,True
2026-02-09,P002,28,20.0,Morning,True
2026-02-09,P007,22,25.0,Morning,True
2026-02-09,P008,14,50.0,Morning,True
2026-02-09,P009,18,40.0,Morning,True
2026-02-09,P010,11,60.0,Morning,True
2026-02-09,P011,17,20.0,Morning,True
2026-02-09,P005,19,15.0,Morning,True
2026-02-09,P006,17,20.0,Morning,True
2026-02-09,P004,13,25.0,Morning,True
2026-02-09,P012,36,80.0,Lunch,True
2026-02-09,P013,22,60.0,Lunch,True
2026-02-09,P014,23,50.0,Lunch,True
2026-02-09,P015,15,90.0,Lunch,True
2026-02-09,P016,14,75.0,Lunch,True
2026-02-09,P017,29,70.0,Lunch,True
2026-02-09,P018,17,60.0,Lunch,True
2026-02-09,P001,38,15.0,Lunch,True
2026-02-09,P002,25,20.0,Lunch,True
2026-02-09,P003,23,35.0,Lunch,True
2026-02-09,P004,33,25.0,Lunch,True
2026-02-09,P005,15,15.0,Lunch,True
2026-02-09,P019,11,45.0,Lunch,True
2026-02-09,P021,15,65.0,Lunch,True
2026-02-09,P001,63,15.0,Evening,True
2026-02-09,P003,10,35.0,Evening,True
2026-02-09,P004,27,25.0,Evening,True
2026-02-09,P005,34,15.0,Evening,True
2026-02-09,P006,22,20.0,Evening,True
2026-02-09,P011,37,20.0,Evening,True
2026-02-09,P019,28,45.0,Evening,True
2026-02-09,P020,19,60.0,Evening,True
2026-02-09,P021,38,65.0,Evening,True
2026-02-09,P022,14,25.0,Evening,True
2026-02-09,P007,9,25.0,Evening,True
2026-02-09,P018,24,60.0,Evening,True
2026-02-09,P017,11,70.0,Evening,True
2026-02-09,P014,6,50.0,Evening,True
2026-02-10,P001,57,15.0,Morning,True
2026-02-10,P002,41,20.0,Morning,True
2026-02-10,P007,27,25.0,Morning,True
2026-02-10,P008,27,50.0,Morning,True
2026-02-10,P010,20,60.0,Morning,True
2026-02-10,P011,20,20.0,Morning,True
2026-02-10,P005,35,15.0,Morning,True
2026-02-10,P006,19,20.0,Morning,True
2026-02-10,P004,17,25.0,Morning,True
2026-02-10,P012,37,80.0,Lunch,True
2026-02-10,P013,46,60.0,Lunch,True
2026-02-10,P015,33,90.0,Lunch,True
2026-02-10,P016,15,75.0,Lunch,True
2026-02-10,P017,18,70.0,Lunch,True
2026-02-10,P018,29,60.0,Lunch,True
2026-02-10,P001,45,15.0,Lunch,True
2026-02-10,P002,17,20.0,Lunch,True
2026-02-10,P003,20,35.0,Lunch,True
2026-02-10,P004,18,25.0,Lunch,True
2026-02-10,P005,15,15.0,Lunch,True
2026-02-10,P019,12,45.0,Lunch,True
2026-02-10,P021,20,65.0,Lunch,True
2026-02-10,P001,67,15.0,Evening,True
2026-02-10,P002,45,20.0,Evening,True
2026-02-10,P003,13,35.0,Evening,True
2026-02-10,P004,29,25.0,Evening,True
2026-02-10,P005,53,15.0,Evening,True
2026-02-10,P006,25,20.0,Evening,True
2026-02-10,P011,21,20.0,Evening,True
2026-02-10,P019,25,45.0,Evening,True
2026-02-10,P020,25,60.0,Evening,True
2026-02-10,P021,40,65.0,Evening,True
2026-02-10,P022,27,25.0,Evening,True
2026-02-10,P007,10,25.0,Evening,True
2026-02-10,P018,15,60.0,Evening,True
2026-02-10,P017,18,70.0,Evening,True
2026-02-10,P014,7,50.0,Evening,True
2026-02-11,P001,49,15.0,Morning,True
2026-02-11,P002,25,20.0,Morning,True
2026-02-11,P007,20,25.0,Morning,True
2026-02-11,P008,25,50.0,Morning,True
2026-02-11,P009,17,40.0,Morning,True
2026-02-11,P010,21,60.0,Morning,True
2026-02-11,P011,12,20.0,Morning,True
2026-02-11,P005,24,15.0,Morning,True
2026-02-11,P006,18,20.0,Morning,True
2026-02-11,P004,13,25.0,Morning,True
2026-02-11,P012,39,80.0,Lunch,True
2026-02-11,P013,42,60.0,Lunch,True
2026-02-11,P014,14,50.0,Lunch,True
2026-02-11,P015,25,90.0,Lunch,True
2026-02-11,P016,30,75.0,Lunch,True
2026-02-11,P017,29,70.0,Lunch,True
2026-02-11,P018,18,60.0,Lunch,True
2026-02-11,P001,19,15.0,Lunch,True
2026-02-11,P002,12,20.0,Lunch,True
2026-02-11,P003,23,35.0,Lunch,True
2026-02-11,P004,16,25.0,Lunch,True
2026-02-11,P005,13,15.0,Lunch,True
2026-02-11,P019,10,45.0,Lunch,True
2026-02-11,P001,56,15.0,Evening,True
2026-02-11,P002,16,20.0,Evening,True
2026-02-11,P003,22,35.0,Evening,True
2026-02-11,P004,14,25.0,Evening,True
2026-02-11,P005,52,15.0,Evening,True
2026-02-11,P006,47,20.0,Evening,True
2026-02-11,P011,37,20.0,Evening,True
2026-02-11,P019,14,45.0,Evening,True
2026-02-11,P020,24,60.0,Evening,True
2026-02-11,P021,20,65.0,Evening,True
2026-02-11,P022,19,25.0,Evening,True
2026-02-11,P007,9,25.0,Evening,True
2026-02-11,P018,18,60.0,Evening,True
2026-02-11,P017,17,70.0,Evening,True
2026-02-11,P014,11,50.0,Evening,True
2026-02-12,P001,33,15.0,Morning,True
2026-02-12,P002,20,20.0,Morning,True
2026-02-12,P007,36,25.0,Morning,True
2026-02-12,P008,29,50.0,Morning,True
2026-02-12,P009,33,40.0,Morning,True
2026-02-12,P010,23,60.0,Morning,True
2026-02-12,P011,24,20.0,Morning,True
2026-02-12,P005,31,15.0,Morning,True
2026-02-12,P006,31,20.0,Morning,True
2026-02-12,P004,14,25.0,Morning,True
2026-02-12,P012,23,80.0,Lunch,True
2026-02-12,P013,27,60.0,Lunch,True
2026-02-12,P015,21,90.0,Lunch,True
2026-02-12,P016,30,75.0,Lunch,True
2026-02-12,P017,41,70.0,Lunch,True
2026-02-12,P018,23,60.0,Lunch,True
2026-02-12,P001,25,15.0,Lunch,True
2026-02-12,P002,18,20.0,Lunch,True
2026-02-12,P003,14,35.0,Lunch,True
2026-02-12,P004,23,25.0,Lunch,True
2026-02-12,P005,23,15.0,Lunch,True
2026-02-12,P019,24,45.0,Lunch,True
2026-02-12,P021,18,65.0,Lunch,True
2026-02-12,P001,70,15.0,Evening,True
2026-02-12,P002,39,20.0,Evening,True
2026-02-12,P003,11,35.0,Evening,True
2026-02-12,P004,24,25.0,Evening,True
2026-02-12,P005,64,15.0,Evening,True
2026-02-12,P006,34,20.0,Evening,True
2026-02-12,P011,41,20.0,Evening,True
2026-02-12,P019,31,45.0,Evening,True
2026-02-12,P020,18,60.0,Evening,True
2026-02-12,P021,18,65.0,Evening,True
2026-02-12,P022,32,25.0,Evening,True
2026-02-12,P007,16,25.0,Evening,True
2026-02-12,P018,21,60.0,Evening,True
2026-02-12,P017,11,70.0,Evening,True
2026-02-12,P014,11,50.0,Evening,True
2026-02-13,P001,46,15.0,Morning,True
2026-02-13,P002,20,20.0,Morning,True
2026-02-13,P007,20,25.0,Morning,True
2026-02-13,P008,28,50.0,Morning,True
2026-02-13,P009,18,40.0,Morning,True
2026-02-13,P010,22,60.0,Morning,True
2026-02-13,P011,22,20.0,Morning,True
2026-02-13,P005,20,15.0,Morning,True
2026-02-13,P006,25,20.0,Morning,True
2026-02-13,P004,15,25.0,Morning,True
2026-02-13,P012,32,80.0,Lunch,True
2026-02-13,P013,36,60.0,Lunch,True
2026-02-13,P014,35,50.0,Lunch,True
2026-02-13,P015,19,90.0,Lunch,True
2026-02-13,P016,20,75.0,Lunch,True
2026-02-13,P017,40,70.0,Lunch,True
2026-02-13,P018,20,60.0,Lunch,True
2026-02-13,P001,21,15.0,Lunch,True
2026-02-13,P002,22,20.0,Lunch,True
2026-02-13,P003,30,35.0,Lunch,True
2026-02-13,P004,35,25.0,Lunch,True
2026-02-13,P005,17,15.0,Lunch,True
2026-02-13,P019,11,45.0,Lunch,True
2026-02-13,P021,16,65.0,Lunch,True
2026-02-13,P001,36,15.0,Evening,True
2026-02-13,P002,26,20.0,Evening,True
2026-02-13,P003,12,35.0,Evening,True
2026-02-13,P004,32,25.0,Evening,True
2026-02-13,P005,47,15.0,Evening,True
2026-02-13,P006,37,20.0,Evening,True
2026-02-13,P011,38,20.0,Evening,True
2026-02-13,P019,24,45.0,Evening,True
2026-02-13,P020,12,60.0,Evening,True
2026-02-13,P021,30,65.0,Evening,True
2026-02-13,P022,17,25.0,Evening,True
2026-02-13,P007,15,25.0,Evening,True
2026-02-13,P018,21,60.0,Evening,True
2026-02-13,P017,9,70.0,Evening,True
2026-02-13,P014,18,50.0,Evening,True
2026-02-14,P001,19,15.0,Morning,False
2026-02-14,P002,12,20.0,Morning,False
2026-02-14,P007,5,25.0,Morning,False
2026-02-14,P008,9,50.0,Morning,False
2026-02-14,P009,6,40.0,Morning,False
2026-02-14,P010,4,60.0,Morning,False
2026-02-14,P011,6,20.0,Morning,False
2026-02-14,P005,13,15.0,Morning,False
2026-02-14,P006,5,20.0,Morning,False
2026-02-14,P004,7,25.0,Morning,False
2026-02-14,P012,18,80.0,Lunch,False
2026-02-14,P013,16,60.0,Lunch,False
2026-02-14,P014,11,50.0,Lunch,False
2026-02-14,P015,5,90.0,Lunch,False
2026-02-14,P016,8,75.0,Lunch,False
2026-02-14,P017,14,70.0,Lunch,False
2026-02-14,P018,13,60.0,Lunch,False
2026-02-14,P001,11,15.0,Lunch,False
2026-02-14,P002,3,20.0,Lunch,False
2026-02-14,P003,11,35.0,Lunch,False
2026-02-14,P004,10,25.0,Lunch,False
2026-02-14,P019,8,45.0,Lunch,False
2026-02-14,P021,7,65.0,Lunch,False
2026-02-14,P001,11,15.0,Evening,False
2026-02-14,P002,15,20.0,Evening,False
2026-02-14,P003,3,35.0,Evening,False
2026-02-14,P004,5,25.0,Evening,False
2026-02-14,P005,15,15.0,Evening,False
2026-02-14,P006,17,20.0,Evening,False
2026-02-14,P011,15,20.0,Evening,False
2026-02-14,P019,7,45.0,Evening,False
2026-02-14,P020,10,60.0,Evening,False
2026-02-14,P021,12,65.0,Evening,False
2026-02-14,P022,11,25.0,Evening,False
2026-02-14,P007,4,25.0,Evening,False
2026-02-14,P018,7,60.0,Evening,False
2026-02-14,P017,3,70.0,Evening,False
2026-02-14,P014,4,50.0,Evening,False
2026-02-15,P001,21,15.0,Morning,False
2026-02-15,P002,13,20.0,Morning,False
2026-02-15,P007,11,25.0,Morning,False
2026-02-15,P008,10,50.0,Morning,False
2026-02-15,P009,12,40.0,Morning,False
2026-02-15,P010,4,60.0,Morning,False
2026-02-15,P011,5,20.0,Morning,False
2026-02-15,P005,5,15.0,Morning,False
2026-02-15,P006,6,20.0,Morning,False
2026-02-15,P004,5,25.0,Morning,False
2026-02-15,P012,9,80.0,Lunch,False
2026-02-15,P013,9,60.0,Lunch,False
2026-02-15,P014,11,50.0,Lunch,False
2026-02-15,P015,10,90.0,Lunch,False
2026-02-15,P016,11,75.0,Lunch,False
2026-02-15,P017,14,70.0,Lunch,False
2026-02-15,P018,6,60.0,Lunch,False
2026-02-15,P001,15,15.0,Lunch,False
2026-02-15,P002,5,20.0,Lunch,False
2026-02-15,P003,11,35.0,Lunch,False
2026-02-15,P004,5,25.0,Lunch,False
2026-02-15,P005,7,15.0,Lunch,False
2026-02-15,P019,6,45.0,Lunch,False
2026-02-15,P021,5,65.0,Lunch,False
2026-02-15,P001,20,15.0,Evening,False
2026-02-15,P002,6,20.0,Evening,False
2026-02-15,P003,7,35.0,Evening,False
2026-02-15,P004,8,25.0,Evening,False
2026-02-15,P005,14,15.0,Evening,False
2026-02-15,P006,11,20.0,Evening,False
2026-02-15,P011,12,20.0,Evening,False
2026-02-15,P019,12,45.0,Evening,False
2026-02-15,P020,8,60.0,Evening,False
2026-02-15,P021,14,65.0,Evening,False
2026-02-15,P022,10,25.0,Evening,False
2026-02-15,P007,4,25.0,Evening,False
2026-02-15,P018,3,60.0,Evening,False
2026-02-15,P017,4,70.0,Evening,False
2026-02-15,P014,2,50.0,Evening,False
2026-02-16,P001,43,15.0,Morning,True
2026-02-16,P002,29,20.0,Morning,True
2026-02-16,P007,17,25.0,Morning,True
2026-02-16,P008,18,50.0,Morning,True
2026-02-16,P009,28,40.0,Morning,True
2026-02-16,P010,19,60.0,Morning,True
2026-02-16,P011,24,20.0,Morning,True
2026-02-16,P005,16,15.0,Morning,True
2026-02-16,P006,17,20.0,Morning,True
2026-02-16,P004,13,25.0,Morning,True
2026-02-16,P012,43,80.0,Lunch,True
2026-02-16,P013,28,60.0,Lunch,True
2026-02-16,P014,30,50.0,Lunch,True
2026-02-16,P015,13,90.0,Lunch,True
2026-02-16,P016,29,75.0,Lunch,True
2026-02-16,P017,31,70.0,Lunch,True
2026-02-16,P018,14,60.0,Lunch,True
2026-02-16,P001,25,15.0,Lunch,True
2026-02-16,P002,16,20.0,Lunch,True
2026-02-16,P003,12,35.0,Lunch,True
2026-02-16,P004,20,25.0,Lunch,True
2026-02-16,P005,23,15.0,Lunch,True
2026-02-16,P019,19,45.0,Lunch,True
2026-02-16,P021,11,65.0,Lunch,True
2026-02-16,P001,60,15.0,Evening,True
2026-02-16,P002,19,20.0,Evening,True
2026-02-16,P003,24,35.0,Evening,True
2026-02-16,P004,22,25.0,Evening,True
2026-02-16,P005,40,15.0,Evening,True
2026-02-16,P006,41,20.0,Evening,True
2026-02-16,P011,14,20.0,Evening,True
2026-02-16,P019,19,45.0,Evening,True
2026-02-16,P020,17,60.0,Evening,True
2026-02-16,P021,34,65.0,Evening,True
2026-02-16,P022,17,25.0,Evening,True
2026-02-16,P007,13,25.0,Evening,True
2026-02-16,P018,22,60.0,Evening,True
2026-02-16,P017,19,70.0,Evening,True
2026-02-16,P014,12,50.0,Evening,True
2026-02-17,P001,66,15.0,Morning,True
2026-02-17,P002,23,20.0,Morning,True
2026-02-17,P007,25,25.0,Morning,True
2026-02-17,P008,33,50.0,Morning,True
2026-02-17,P009,28,40.0,Morning,True
2026-02-17,P010,25,60.0,Morning,True
2026-02-17,P011,27,20.0,Morning,True
2026-02-17,P005,32,15.0,Morning,True
2026-02-17,P006,25,20.0,Morning,True
2026-02-17,P004,9,25.0,Morning,True
2026-02-17,P012,45,80.0,Lunch,True
2026-02-17,P013,39,60.0,Lunch,True
2026-02-17,P014,25,50.0,Lunch,True
2026-02-17,P015,28,90.0,Lunch,True
2026-02-17,P016,23,75.0,Lunch,True
2026-02-17,P017,26,70.0,Lunch,True
2026-02-17,P018,38,60.0,Lunch,True
2026-02-17,P001,42,15.0,Lunch,True
2026-02-17,P002,15,20.0,Lunch,True
2026-02-17,P003,20,35.0,Lunch,True
2026-02-17,P004,35,25.0,Lunch,True
2026-02-17,P005,21,15.0,Lunch,True
2026-02-17,P019,22,45.0,Lunch,True
2026-02-17,P001,51,15.0,Evening,True
2026-02-17,P002,29,20.0,Evening,True
2026-02-17,P003,12,35.0,Evening,True
2026-02-17,P004,31,25.0,Evening,True
2026-02-17,P005,49,15.0,Evening,True
2026-02-17,P006,36,20.0,Evening,True
2026-02-17,P011,36,20.0,Evening,True
2026-02-17,P019,37,45.0,Evening,True
2026-02-17,P020,22,60.0,Evening,True
2026-02-17,P021,42,65.0,Evening,True
2026-02-17,P022,30,25.0,Evening,True
2026-02-17,P007,10,25.0,Evening,True
2026-02-17,P018,19,60.0,Evening,True
2026-02-17,P017,17,70.0,Evening,True
2026-02-17,P014,8,50.0,Evening,True
2026-02-18,P001,33,15.0,Morning,True
2026-02-18,P002,24,20.0,Morning,True
2026-02-18,P007,26,25.0,Morning,True
2026-02-18,P008,23,50.0,Morning,True
2026-02-18,P009,35,40.0,Morning,True
2026-02-18,P010,14,60.0,Morning,True
2026-02-18,P011,33,20.0,Morning,True
2026-02-18,P005,36,15.0,Morning,True
2026-02-18,P006,19,20.0,Morning,True
2026-02-18,P004,22,25.0,Morning,True
2026-02-18,P012,55,80.0,Lunch,True
2026-02-18,P013,23,60.0,Lunch,True
2026-02-18,P014,21,50.0,Lunch,True
2026-02-18,P015,19,90.0,Lunch,True
2026-02-18,P016,33,75.0,Lunch,True
2026-02-18,P017,32,70.0,Lunch,True
2026-02-18,P018,39,60.0,Lunch,True
2026-02-18,P001,24,15.0,Lunch,True
2026-02-18,P002,16,20.0,Lunch,True
2026-02-18,P003,14,35.0,Lunch,True
2026-02-18,P005,16,15.0,Lunch,True
2026-02-18,P019,13,45.0,Lunch,True
2026-02-18,P021,15,65.0,Lunch,True
2026-02-18,P001,61,15.0,Evening,True
2026-02-18,P002,29,20.0,Evening,True
2026-02-18,P003,26,35.0,Evening,True
2026-02-18,P004,14,25.0,Evening,True
2026-02-18,P005,51,15.0,Evening,True
2026-02-18,P006,42,20.0,Evening,True
2026-02-18,P011,33,20.0,Evening,True
2026-02-18,P019,38,45.0,Evening,True
2026-02-18,P021,24,65.0,Evening,True
2026-02-18,P022,24,25.0,Evening,True
2026-02-18,P007,10,25.0,Evening,True
2026-02-18,P018,20,60.0,Evening,True
2026-02-18,P017,22,70.0,Evening,True
2026-02-18,P014,10,50.0,Evening,True
2026-02-19,P001,58,15.0,Morning,True
2026-02-19,P002,36,20.0,Morning,True
2026-02-19,P007,25,25.0,Morning,True
2026-02-19,P008,27,50.0,Morning,True
2026-02-19,P009,21,40.0,Morning,True
2026-02-19,P010,22,60.0,Morning,True
2026-02-19,P005,19,15.0,Morning,True
2026-02-19,P006,12,20.0,Morning,True
2026-02-19,P004,10,25.0,Morning,True
2026-02-19,P012,42,80.0,Lunch,True
2026-02-19,P013,19,60.0,Lunch,True
2026-02-19,P014,35,50.0,Lunch,True
2026-02-19,P015,29,90.0,Lunch,True
2026-02-19,P016,15,75.0,Lunch,True
2026-02-19,P017,36,70.0,Lunch,True
2026-02-19,P018,16,60.0,Lunch,True
2026-02-19,P001,33,15.0,Lunch,True
2026-02-19,P002,13,20.0,Lunch,True
2026-02-19,P003,27,35.0,Lunch,True
2026-02-19,P004,21,25.0,Lunch,True
2026-02-19,P005,10,15.0,Lunch,True
2026-02-19,P019,20,45.0,Lunch,True
2026-02-19,P021,28,65.0,Lunch,True
2026-02-19,P001,68,15.0,Evening,True
2026-02-19,P002,28,20.0,Evening,True
2026-02-19,P003,13,35.0,Evening,True
2026-02-19,P004,15,25.0,Evening,True
2026-02-19,P005,31,15.0,Evening,True
2026-02-19,P006,39,20.0,Evening,True
2026-02-19,P011,23,20.0,Evening,True
2026-02-19,P019,21,45.0,Evening,True
2026-02-19,P020,25,60.0,Evening,True
2026-02-19,P021,16,65.0,Evening,True
2026-02-19,P022,18,25.0,Evening,True
2026-02-19,P007,15,25.0,Evening,True
2026-02-19,P018,10,60.0,Evening,True
2026-02-19,P014,7,50.0,Evening,True
2026-02-20,P001,36,15.0,Morning,True
2026-02-20,P002,40,20.0,Morning,True
2026-02-20,P007,19,25.0,Morning,True
2026-02-20,P008,33,50.0,Morning,True
2026-02-20,P009,25,40.0,Morning,True
2026-02-20,P010,12,60.0,Morning,True
2026-02-20,P011,18,20.0,Morning,True
2026-02-20,P005,25,15.0,Morning,True
2026-02-20,P006,23,20.0,Morning,True
2026-02-20,P004,9,25.0,Morning,True
2026-02-20,P012,24,80.0,Lunch,True
2026-02-20,P014,36,50.0,Lunch,True
2026-02-20,P015,24,90.0,Lunch,True
2026-02-20,P016,34,75.0,Lunch,True
2026-02-20,P017,40,70.0,Lunch,True
2026-02-20,P018,26,60.0,Lunch,True
2026-02-20,P001,34,15.0,Lunch,True
2026-02-20,P002,25,20.0,Lunch,True
2026-02-20,P003,25,35.0,Lunch,True
2026-02-20,P004,31,25.0,Lunch,True
2026-02-20,P005,16,15.0,Lunch,True
2026-02-20,P019,22,45.0,Lunch,True
2026-02-20,P021,18,65.0,Lunch,True
2026-02-20,P001,70,15.0,Evening,True
2026-02-20,P002,34,20.0,Evening,True
2026-02-20,P003,16,35.0,Evening,True
2026-02-20,P004,24,25.0,Evening,True
2026-02-20,P005,35,15.0,Evening,True
2026-02-20,P006,53,20.0,Evening,True
2026-02-20,P011,29,20.0,Evening,True
2026-02-20,P019,18,45.0,Evening,True
2026-02-20,P020,23,60.0,Evening,True
2026-02-20,P022,29,25.0,Evening,True
2026-02-20,P007,17,25.0,Evening,True
2026-02-20,P018,18,60.0,Evening,True
2026-02-20,P017,18,70.0,Evening,True
2026-02-20,P014,14,50.0,Evening,True
2026-02-21,P001,9,15.0,Morning,False
2026-02-21,P002,7,20.0,Morning,False
2026-02-21,P007,10,25.0,Morning,False
2026-02-21,P008,9,50.0,Morning,False
2026-02-21,P009,4,40.0,Morning,False
2026-02-21,P011,7,20.0,Morning,False
2026-02-21,P005,11,15.0,Morning,False
2026-02-21,P006,3,20.0,Morning,False
2026-02-21,P004,4,25.0,Morning,False
2026-02-21,P012,10,80.0,Lunch,False
2026-02-21,P013,8,60.0,Lunch,False
2026-02-21,P014,10,50.0,Lunch,False
2026-02-21,P015,4,90.0,Lunch,False
2026-02-21,P016,7,75.0,Lunch,False
2026-02-21,P017,12,70.0,Lunch,False
2026-02-21,P018,11,60.0,Lunch,False
2026-02-21,P001,7,15.0,Lunch,False
2026-02-21,P002,8,20.0,Lunch,False
2026-02-21,P003,3,35.0,Lunch,False
2026-02-21,P004,4,25.0,Lunch,False
2026-02-21,P005,3,15.0,Lunch,False
2026-02-21,P019,7,45.0,Lunch,False
2026-02-21,P021,8,65.0,Lunch,False
2026-02-21,P001,17,15.0,Evening,False
2026-02-21,P002,11,20.0,Evening,False
2026-02-21,P003,5,35.0,Evening,False
2026-02-21,P004,9,25.0,Evening,False
2026-02-21,P005,15,15.0,Evening,False
2026-02-21,P006,15,20.0,Evening,False
2026-02-21,P011,9,20.0,Evening,False
2026-02-21,P019,5,45.0,Evening,False
2026-02-21,P020,8,60.0,Evening,False
2026-02-21,P021,9,65.0,Evening,False
2026-02-21,P022,7,25.0,Evening,False
2026-02-21,P007,4,25.0,Evening,False
2026-02-21,P018,3,60.0,Evening,False
2026-02-21,P017,5,70.0,Evening,False
2026-02-21,P014,4,50.0,Evening,False
2026-02-22,P001,9,15.0,Morning,False
2026-02-22,P002,9,20.0,Morning,False
2026-02-22,P007,9,25.0,Morning,False
2026-02-22,P008,5,50.0,Morning,False
2026-02-22,P009,6,40.0,Morning,False
2026-02-22,P010,6,60.0,Morning,False
2026-02-22,P011,6,20.0,Morning,False
2026-02-22,P005,7,15.0,Morning,False
2026-02-22,P006,4,20.0,Morning,False
2026-02-22,P004,2,25.0,Morning,False
2026-02-22,P012,5,80.0,Lunch,False
2026-02-22,P013,10,60.0,Lunch,False
2026-02-22,P014,6,50.0,Lunch,False
2026-02-22,P015,4,90.0,Lunch,False
2026-02-22,P016,4,75.0,Lunch,False
2026-02-22,P017,5,70.0,Lunch,False
2026-02-22,P018,8,60.0,Lunch,False
2026-02-22,P001,7,15.0,Lunch,False
2026-02-22,P002,5,20.0,Lunch,False
2026-02-22,P003,7,35.0,Lunch,False
2026-02-22,P004,9,25.0,Lunch,False
2026-02-22,P005,5,15.0,Lunch,False
2026-02-22,P019,4,45.0,Lunch,False
2026-02-22,P021,4,65.0,Lunch,False
2026-02-22,P001,16,15.0,Evening,False
2026-02-22,P002,7,20.0,Evening,False
2026-02-22,P003,6,35.0,Evening,False
2026-02-22,P004,7,25.0,Evening,False
2026-02-22,P005,9,15.0,Evening,False
2026-02-22,P006,9,20.0,Evening,False
2026-02-22,P011,5,20.0,Evening,False
2026-02-22,P019,8,45.0,Evening,False
2026-02-22,P020,4,60.0,Evening,False
2026-02-22,P021,8,65.0,Evening,False
2026-02-22,P022,5,25.0,Evening,False
2026-02-22,P007,5,25.0,Evening,False
2026-02-22,P018,6,60.0,Evening,False
2026-02-22,P017,5,70.0,Evening,False
2026-02-22,P014,1,50.0,Evening,False
2026-02-23,P001,25,15.0,Morning,True
2026-02-23,P002,18,20.0,Morning,True
2026-02-23,P007,21,25.0,Morning,True
2026-02-23,P008,11,50.0,Morning,True
2026-02-23,P009,22,40.0,Morning,True
2026-02-23,P010,17,60.0,Morning,True
2026-02-23,P011,24,20.0,Morning,True
2026-02-23,P005,30,15.0,Morning,True
2026-02-23,P006,27,20.0,Morning,True
2026-02-23,P004,15,25.0,Morning,True
2026-02-23,P012,43,80.0,Lunch,True
2026-02-23,P013,38,60.0,Lunch,True
2026-02-23,P014,25,50.0,Lunch,True
2026-02-23,P015,20,90.0,Lunch,True
2026-02-23,P016,13,75.0,Lunch,True
2026-02-23,P018,27,60.0,Lunch,True
2026-02-23,P001,38,15.0,Lunch,True
2026-02-23,P002,19,20.0,Lunch,True
2026-02-23,P003,27,35.0,Lunch,True
2026-02-23,P004,19,25.0,Lunch,True
2026-02-23,P005,12,15.0,Lunch,True
2026-02-23,P019,11,45.0,Lunch,True
2026-02-23,P021,12,65.0,Lunch,True
2026-02-23,P001,38,15.0,Evening,True
2026-02-23,P002,16,20.0,Evening,True
2026-02-23,P003,15,35.0,Evening,True
2026-02-23,P004,18,25.0,Evening,True
2026-02-23,P005,38,15.0,Evening,True
2026-02-23,P011,17,20.0,Evening,True
2026-02-23,P019,23,45.0,Evening,True
2026-02-23,P020,19,60.0,Evening,True
2026-02-23,P021,31,65.0,Evening,True
2026-02-23,P022,12,25.0,Evening,True
2026-02-23,P007,12,25.0,Evening,True
2026-02-23,P018,11,60.0,Evening,True
2026-02-23,P017,15,70.0,Evening,True
2026-02-23,P014,13,50.0,Evening,True
2026-02-24,P001,39,15.0,Morning,True
2026-02-24,P002,36,20.0,Morning,True
2026-02-24,P007,26,25.0,Morning,True
2026-02-24,P008,31,50.0,Morning,True
2026-02-24,P009,32,40.0,Morning,True
2026-02-24,P010,10,60.0,Morning,True
2026-02-24,P011,23,20.0,Morning,True
2026-02-24,P005,35,15.0,Morning,True
2026-02-24,P006,31,20.0,Morning,True
2026-02-24,P004,8,25.0,Morning,True
2026-02-24,P012,40,80.0,Lunch,True
2026-02-24,P013,43,60.0,Lunch,True
2026-02-24,P014,27,50.0,Lunch,True
2026-02-24,P015,21,90.0,Lunch,True
2026-02-24,P017,27,70.0,Lunch,True
2026-02-24,P018,31,60.0,Lunch,True
2026-02-24,P001,21,15.0,Lunch,True
2026-02-24,P002,16,20.0,Lunch,True
2026-02-24,P003,14,35.0,Lunch,True
2026-02-24,P004,20,25.0,Lunch,True
2026-02-24,P005,10,15.0,Lunch,True
2026-02-24,P019,13,45.0,Lunch,True
2026-02-24,P021,18,65.0,Lunch,True
2026-02-24,P001,58,15.0,Evening,True
2026-02-24,P002,21,20.0,Evening,True
2026-02-24,P003,23,35.0,Evening,True
2026-02-24,P004,14,25.0,Evening,True
2026-02-24,P005,34,15.0,Evening,True
2026-02-24,P011,16,20.0,Evening,True
2026-02-24,P019,16,45.0,Evening,True
2026-02-24,P020,20,60.0,Evening,True
2026-02-24,P021,33,65.0,Evening,True
2026-02-24,P022,20,25.0,Evening,True
2026-02-24,P007,15,25.0,Evening,True
2026-02-24,P018,16,60.0,Evening,True
2026-02-24,P017,14,70.0,Evening,True
2026-02-24,P014,14,50.0,Evening,True
2026-02-25,P001,26,15.0,Morning,True
2026-02-25,P002,31,20.0,Morning,True
2026-02-25,P007,15,25.0,Morning,True
2026-02-25,P008,26,50.0,Morning,True
2026-02-25,P009,22,40.0,Morning,True
2026-02-25,P010,13,60.0,Morning,True
2026-02-25,P011,24,20.0,Morning,True
2026-02-25,P005,13,15.0,Morning,True
2026-02-25,P006,27,20.0,Morning,True
2026-02-25,P004,18,25.0,Morning,True
2026-02-25,P012,43,80.0,Lunch,True
2026-02-25,P013,25,60.0,Lunch,True
2026-02-25,P014,17,50.0,Lunch,True
2026-02-25,P015,21,90.0,Lunch,True
2026-02-25,P016,12,75.0,Lunch,True
2026-02-25,P017,31,70.0,Lunch,True
2026-02-25,P018,14,60.0,Lunch,True
2026-02-25,P002,17,20.0,Lunch,True
2026-02-25,P003,12,35.0,Lunch,True
2026-02-25,P004,24,25.0,Lunch,True
2026-02-25,P005,19,15.0,Lunch,True
2026-02-25,P019,11,45.0,Lunch,True
2026-02-25,P021,17,65.0,Lunch,True
2026-02-25,P001,43,15.0,Evening,True
2026-02-25,P002,18,20.0,Evening,True
2026-02-25,P003,18,35.0,Evening,True
2026-02-25,P004,27,25.0,Evening,True
2026-02-25,P005,26,15.0,Evening,True
2026-02-25,P006,20,20.0,Evening,True
2026-02-25,P011,19,20.0,Evening,True
2026-02-25,P019,28,45.0,Evening,True
2026-02-25,P020,21,60.0,Evening,True
2026-02-25,P021,33,65.0,Evening,True
2026-02-25,P022,19,25.0,Evening,True
2026-02-25,P007,10,25.0,Evening,True
2026-02-25,P018,16,60.0,Evening,True
2026-02-25,P017,17,70.0,Evening,True
2026-02-25,P014,14,50.0,Evening,True
2026-02-26,P001,43,15.0,Morning,True
2026-02-26,P002,19,20.0,Morning,True
2026-02-26,P008,18,50.0,Morning,True
2026-02-26,P009,27,40.0,Morning,True
2026-02-26,P010,14,60.0,Morning,True
2026-02-26,P011,21,20.0,Morning,True
2026-02-26,P005,28,15.0,Morning,True
2026-02-26,P006,20,20.0,Morning,True
2026-02-26,P004,8,25.0,Morning,True
2026-02-26,P012,37,80.0,Lunch,True
2026-02-26,P013,24,60.0,Lunch,True
2026-02-26,P014,18,50.0,Lunch,True
2026-02-26,P015,17,90.0,Lunch,True
2026-02-26,P016,15,75.0,Lunch,True
2026-02-26,P017,15,70.0,Lunch,True
2026-02-26,P018,14,60.0,Lunch,True
2026-02-26,P001,36,15.0,Lunch,True
2026-02-26,P002,18,20.0,Lunch,True
2026-02-26,P003,12,35.0,Lunch,True
2026-02-26,P004,31,25.0,Lunch,True
2026-02-26,P005,17,15.0,Lunch,True
2026-02-26,P019,11,45.0,Lunch,True
2026-02-26,P021,18,65.0,Lunch,True
2026-02-26,P001,65,15.0,Evening,True
2026-02-26,P002,23,20.0,Evening,True
2026-02-26,P003,17,35.0,Evening,True
2026-02-26,P004,23,25.0,Evening,True
2026-02-26,P005,23,15.0,Evening,True
2026-02-26,P006,45,20.0,Evening,True
2026-02-26,P011,33,20.0,Evening,True
2026-02-26,P019,30,45.0,Evening,True
2026-02-26,P020,16,60.0,Evening,True
2026-02-26,P021,32,65.0,Evening,True
2026-02-26,P022,15,25.0,Evening,True
2026-02-26,P007,14,25.0,Evening,True
2026-02-26,P018,9,60.0,Evening,True
2026-02-26,P017,14,70.0,Evening,True
2026-02-26,P014,9,50.0,Evening,True
2026-02-27,P001,37,15.0,Morning,True
2026-02-27,P002,39,20.0,Morning,True
2026-02-27,P007,29,25.0,Morning,True
2026-02-27,P008,12,50.0,Morning,True
2026-02-27,P009,34,40.0,Morning,True
2026-02-27,P010,17,60.0,Morning,True
2026-02-27,P011,19,20.0,Morning,True
2026-02-27,P005,32,15.0,Morning,True
2026-02-27,P006,23,20.0,Morning,True
2026-02-27,P004,17,25.0,Morning,True
2026-02-27,P012,21,80.0,Lunch,True
2026-02-27,P013,29,60.0,Lunch,True
2026-02-27,P014,21,50.0,Lunch,True
2026-02-27,P015,22,90.0,Lunch,True
2026-02-27,P016,24,75.0,Lunch,True
2026-02-27,P017,30,70.0,Lunch,True
2026-02-27,P018,14,60.0,Lunch,True
2026-02-27,P001,23,15.0,Lunch,True
2026-02-27,P002,16,20.0,Lunch,True
2026-02-27,P003,19,35.0,Lunch,True
2026-02-27,P004,19,25.0,Lunch,True
2026-02-27,P005,12,15.0,Lunch,True
2026-02-27,P019,15,45.0,Lunch,True
2026-02-27,P021,14,65.0,Lunch,True
2026-02-27,P001,59,15.0,Evening,True
2026-02-27,P002,32,20.0,Evening,True
2026-02-27,P003,22,35.0,Evening,True
2026-02-27,P005,34,15.0,Evening,True
2026-02-27,P006,35,20.0,Evening,True
2026-02-27,P011,32,20.0,Evening,True
2026-02-27,P019,19,45.0,Evening,True
2026-02-27,P020,16,60.0,Evening,True
2026-02-27,P021,26,65.0,Evening,True
2026-02-27,P022,29,25.0,Evening,True
2026-02-27,P007,18,25.0,Evening,True
2026-02-27,P018,22,60.0,Evening,True
2026-02-27,P017,8,70.0,Evening,True
2026-02-27,P014,14,50.0,Evening,True
2026-02-28,P001,11,15.0,Morning,False
2026-02-28,P002,11,20.0,Morning,False
2026-02-28,P007,7,25.0,Morning,False
2026-02-28,P008,8,50.0,Morning,False
2026-02-28,P009,10,40.0,Morning,False
2026-02-28,P010,7,60.0,Morning,False
2026-02-28,P011,7,20.0,Morning,False
2026-02-28,P005,7,15.0,Morning,False
2026-02-28,P006,7,20.0,Morning,False
2026-02-28,P004,7,25.0,Morning,False
2026-02-28,P012,9,80.0,Lunch,False
2026-02-28,P013,9,60.0,Lunch,False
2026-02-28,P014,5,50.0,Lunch,False
2026-02-28,P015,5,90.0,Lunch,False
2026-02-28,P016,7,75.0,Lunch,False
2026-02-28,P017,14,70.0,Lunch,False
2026-02-28,P018,11,60.0,Lunch,False
2026-02-28,P001,12,15.0,Lunch,False
2026-02-28,P002,8,20.0,Lunch,False
2026-02-28,P003,7,35.0,Lunch,False
2026-02-28,P004,12,25.0,Lunch,False
2026-02-28,P005,6,15.0,Lunch,False
2026-02-28,P019,8,45.0,Lunch,False
2026-02-28,P021,5,65.0,Lunch,False
2026-02-28,P001,19,15.0,Evening,False
2026-02-28,P002,8,20.0,Evening,False
2026-02-28,P003,3,35.0,Evening,False
2026-02-28,P004,10,25.0,Evening,False
2026-02-28,P005,9,15.0,Evening,False
2026-02-28,P006,19,20.0,Evening,False
2026-02-28,P019,13,45.0,Evening,False
2026-02-28,P021,10,65.0,Evening,False
2026-02-28,P022,5,25.0,Evening,False
2026-02-28,P007,7,25.0,Evening,False
2026-02-28,P018,9,60.0,Evening,False
2026-02-28,P017,7,70.0,Evening,False
2026-02-28,P014,4,50.0,Evening,False
2026-03-01,P001,12,15.0,Morning,False
2026-03-01,P002,13,20.0,Morning,False
2026-03-01,P007,10,25.0,Morning,False
2026-03-01,P008,11,50.0,Morning,False
2026-03-01,P009,9,40.0,Morning,False
2026-03-01,P010,9,60.0,Morning,False
2026-03-01,P011,6,20.0,Morning,False
2026-03-01,P005,6,15.0,Morning,False
2026-03-01,P006,11,20.0,Morning,False
2026-03-01,P004,4,25.0,Morning,False
2026-03-01,P012,15,80.0,Lunch,False
2026-03-01,P013,12,60.0,Lunch,False
2026-03-01,P014,5,50.0,Lunch,False
2026-03-01,P015,4,90.0,Lunch,False
2026-03-01,P016,7,75.0,Lunch,False
2026-03-01,P017,15,70.0,Lunch,False
2026-03-01,P018,6,60.0,Lunch,False
2026-03-01,P001,12,15.0,Lunch,False
2026-03-01,P002,3,20.0,Lunch,False
2026-03-01,P003,10,35.0,Lunch,False
2026-03-01,P004,13,25.0,Lunch,False
2026-03-01,P005,7,15.0,Lunch,False
2026-03-01,P019,4,45.0,Lunch,False
2026-03-01,P021,11,65.0,Lunch,False
2026-03-01,P002,13,20.0,Evening,False
2026-03-01,P003,3,35.0,Evening,False
2026-03-01,P004,7,25.0,Evening,False
2026-03-01,P005,19,15.0,Evening,False
2026-03-01,P006,10,20.0,Evening,False
2026-03-01,P011,7,20.0,Evening,False
2026-03-01,P019,9,45.0,Evening,False
2026-03-01,P020,9,60.0,Evening,False
2026-03-01,P021,11,65.0,Evening,False
2026-03-01,P022,12,25.0,Evening,False
2026-03-01,P018,3,60.0,Evening,False
2026-03-01,P017,7,70.0,Evening,False
2026-03-01,P014,4,50.0,Evening,False
2026-03-02,P001,38,15.0,Morning,True
2026-03-02,P002,20,20.0,Morning,True
2026-03-02,P007,26,25.0,Morning,True
2026-03-02,P008,19,50.0,Morning,True
2026-03-02,P009,30,40.0,Morning,True
2026-03-02,P010,11,60.0,Morning,True
2026-03-02,P011,21,20.0,Morning,True
2026-03-02,P005,30,15.0,Morning,True
2026-03-02,P006,28,20.0,Morning,True
2026-03-02,P004,16,25.0,Morning,True
2026-03-02,P012,33,80.0,Lunch,True
2026-03-02,P013,35,60.0,Lunch,True
2026-03-02,P014,21,50.0,Lunch,True
2026-03-02,P015,25,90.0,Lunch,True
2026-03-02,P016,31,75.0,Lunch,True
2026-03-02,P017,30,70.0,Lunch,True
2026-03-02,P018,16,60.0,Lunch,True
2026-03-02,P001,44,15.0,Lunch,True
2026-03-02,P002,16,20.0,Lunch,True
2026-03-02,P003,24,35.0,Lunch,True
2026-03-02,P004,30,25.0,Lunch,True
2026-03-02,P005,17,15.0,Lunch,True
2026-03-02,P019,10,45.0,Lunch,True
2026-03-02,P021,21,65.0,Lunch,True
2026-03-02,P001,40,15.0,Evening,True
2026-03-02,P002,25,20.0,Evening,True
2026-03-02,P003,17,35.0,Evening,True
2026-03-02,P004,17,25.0,Evening,True
2026-03-02,P005,36,15.0,Evening,True
2026-03-02,P006,26,20.0,Evening,True
2026-03-02,P011,20,20.0,Evening,True
2026-03-02,P019,21,45.0,Evening,True
2026-03-02,P020,22,60.0,Evening,True
2026-03-02,P021,17,65.0,Evening,True
2026-03-02,P022,13,25.0,Evening,True
2026-03-02,P007,17,25.0,Evening,True
2026-03-02,P018,9,60.0,Evening,True
2026-03-02,P017,15,70.0,Evening,True
2026-03-02,P014,12,50.0,Evening,True
2026-03-03,P001,41,15.0,Morning,True
2026-03-03,P002,38,20.0,Morning,True
2026-03-03,P007,22,25.0,Morning,True
2026-03-03,P008,29,50.0,Morning,True
2026-03-03,P009,30,40.0,Morning,True
2026-03-03,P010,24,60.0,Morning,True
2026-03-03,P011,12,20.0,Morning,True
2026-03-03,P005,26,15.0,Morning,True
2026-03-03,P006,16,20.0,Morning,True
2026-03-03,P004,8,25.0,Morning,True
2026-03-03,P012,33,80.0,Lunch,True
2026-03-03,P013,17,60.0,Lunch,True
2026-03-03,P015,29,90.0,Lunch,True
2026-03-03,P016,24,75.0,Lunch,True
2026-03-03,P017,23,70.0,Lunch,True
2026-03-03,P018,22,60.0,Lunch,True
2026-03-03,P001,34,15.0,Lunch,True
2026-03-03,P002,19,20.0,Lunch,True
2026-03-03,P003,26,35.0,Lunch,True
2026-03-03,P004,27,25.0,Lunch,True
2026-03-03,P005,20,15.0,Lunch,True
2026-03-03,P019,15,45.0,Lunch,True
2026-03-03,P021,16,65.0,Lunch,True
2026-03-03,P001,65,15.0,Evening,True
2026-03-03,P002,17,20.0,Evening,True
2026-03-03,P003,16,35.0,Evening,True
2026-03-03,P004,23,25.0,Evening,True
2026-03-03,P005,33,15.0,Evening,True
2026-03-03,P006,19,20.0,Evening,True
2026-03-03,P011,29,20.0,Evening,True
2026-03-03,P019,34,45.0,Evening,True
2026-03-03,P020,21,60.0,Evening,True
2026-03-03,P021,23,65.0,Evening,True
2026-03-03,P022,29,25.0,Evening,True
2026-03-03,P007,8,25.0,Evening,True
2026-03-03,P018,9,60.0,Evening,True
2026-03-03,P017,11,70.0,Evening,True
2026-03-03,P014,15,50.0,Evening,True
2026-03-04,P001,39,15.0,Morning,True
2026-03-04,P002,30,20.0,Morning,True
2026-03-04,P007,21,25.0,Morning,True
2026-03-04,P008,24,50.0,Morning,True
2026-03-04,P009,32,40.0,Morning,True
2026-03-04,P010,18,60.0,Morning,True
2026-03-04,P011,16,20.0,Morning,True
2026-03-04,P005,22,15.0,Morning,True
2026-03-04,P006,27,20.0,Morning,True
2026-03-04,P004,18,25.0,Morning,True
2026-03-04,P012,20,80.0,Lunch,True
2026-03-04,P013,25,60.0,Lunch,True
2026-03-04,P014,17,50.0,Lunch,True
2026-03-04,P015,21,90.0,Lunch,True
2026-03-04,P016,24,75.0,Lunch,True
2026-03-04,P017,16,70.0,Lunch,True
2026-03-04,P018,23,60.0,Lunch,True
2026-03-04,P001,28,15.0,Lunch,True
2026-03-04,P002,20,20.0,Lunch,True
2026-03-04,P003,23,35.0,Lunch,True
2026-03-04,P004,27,25.0,Lunch,True
2026-03-04,P005,14,15.0,Lunch,True
2026-03-04,P019,17,45.0,Lunch,True
2026-03-04,P021,17,65.0,Lunch,True
2026-03-04,P001,28,15.0,Evening,True
2026-03-04,P002,20,20.0,Evening,True
2026-03-04,P003,20,35.0,Evening,True
2026-03-04,P004,13,25.0,Evening,True
2026-03-04,P005,48,15.0,Evening,True
2026-03-04,P006,20,20.0,Evening,True
2026-03-04,P011,28,20.0,Evening,True
2026-03-04,P019,13,45.0,Evening,True
2026-03-04,P020,27,60.0,Evening,True
2026-03-04,P021,15,65.0,Evening,True
2026-03-04,P022,15,25.0,Evening,True
2026-03-04,P007,13,25.0,Evening,True
2026-03-04,P018,12,60.0,Evening,True
2026-03-04,P017,14,70.0,Evening,True
2026-03-04,P014,7,50.0,Evening,True
2026-03-05,P001,27,15.0,Morning,True
2026-03-05,P002,25,20.0,Morning,True
2026-03-05,P007,29,25.0,Morning,True
2026-03-05,P008,29,50.0,Morning,True
2026-03-05,P009,32,40.0,Morning,True
2026-03-05,P010,15,60.0,Morning,True
2026-03-05,P011,26,20.0,Morning,True
2026-03-05,P005,35,15.0,Morning,True
2026-03-05,P006,25,20.0,Morning,True
2026-03-05,P004,18,25.0,Morning,True
2026-03-05,P012,42,80.0,Lunch,True
2026-03-05,P013,25,60.0,Lunch,True
2026-03-05,P014,29,50.0,Lunch,True
2026-03-05,P015,25,90.0,Lunch,True
2026-03-05,P016,23,75.0,Lunch,True
2026-03-05,P018,19,60.0,Lunch,True
2026-03-05,P001,35,15.0,Lunch,True
2026-03-05,P002,25,20.0,Lunch,True
2026-03-05,P003,27,35.0,Lunch,True
2026-03-05,P004,28,25.0,Lunch,True
2026-03-05,P005,17,15.0,Lunch,True
2026-03-05,P019,18,45.0,Lunch,True
2026-03-05,P021,25,65.0,Lunch,True
2026-03-05,P001,57,15.0,Evening,True
2026-03-05,P002,20,20.0,Evening,True
2026-03-05,P003,22,35.0,Evening,True
2026-03-05,P004,19,25.0,Evening,True
2026-03-05,P005,52,15.0,Evening,True
2026-03-05,P006,37,20.0,Evening,True
2026-03-05,P011,38,20.0,Evening,True
2026-03-05,P019,23,45.0,Evening,True
2026-03-05,P020,14,60.0,Evening,True
2026-03-05,P021,24,65.0,Evening,True
2026-03-05,P022,26,25.0,Evening,True
2026-03-05,P007,12,25.0,Evening,True
2026-03-05,P018,17,60.0,Evening,True
2026-03-05,P017,8,70.0,Evening,True
2026-03-05,P014,14,50.0,Evening,True
2026-03-06,P001,40,15.0,Morning,True
2026-03-06,P002,35,20.0,Morning,True
2026-03-06,P007,13,25.0,Morning,True
2026-03-06,P008,14,50.0,Morning,True
2026-03-06,P010,15,60.0,Morning,True
2026-03-06,P011,25,20.0,Morning,True
2026-03-06,P005,27,15.0,Morning,True
2026-03-06,P006,11,20.0,Morning,True
2026-03-06,P004,9,25.0,Morning,True
2026-03-06,P012,42,80.0,Lunch,True
2026-03-06,P013,33,60.0,Lunch,True
2026-03-06,P014,19,50.0,Lunch,True
2026-03-06,P015,18,90.0,Lunch,True
2026-03-06,P016,12,75.0,Lunch,True
2026-03-06,P017,21,70.0,Lunch,True
2026-03-06,P018,27,60.0,Lunch,True
2026-03-06,P001,19,15.0,Lunch,True
2026-03-06,P002,20,20.0,Lunch,True
2026-03-06,P003,26,35.0,Lunch,True
2026-03-06,P004,19,25.0,Lunch,True
2026-03-06,P005,19,15.0,Lunch,True
2026-03-06,P019,14,45.0,Lunch,True
2026-03-06,P021,11,65.0,Lunch,True
2026-03-06,P001,62,15.0,Evening,True
2026-03-06,P002,21,20.0,Evening,True
2026-03-06,P003,13,35.0,Evening,True
2026-03-06,P004,11,25.0,Evening,True
2026-03-06,P005,35,15.0,Evening,True
2026-03-06,P006,25,20.0,Evening,True
2026-03-06,P011,23,20.0,Evening,True
2026-03-06,P020,13,60.0,Evening,True
2026-03-06,P021,20,65.0,Evening,True
2026-03-06,P007,18,25.0,Evening,True
2026-03-06,P018,18,60.0,Evening,True
2026-03-06,P017,8,70.0,Evening,True
2026-03-06,P014,12,50.0,Evening,True
2026-03-07,P001,6,15.0,Morning,False
2026-03-07,P002,5,20.0,Morning,False
2026-03-07,P007,9,25.0,Morning,False
2026-03-07,P008,6,50.0,Morning,False
2026-03-07,P009,7,40.0,Morning,False
2026-03-07,P010,4,60.0,Morning,False
2026-03-07,P011,6,20.0,Morning,False
2026-03-07,P005,3,15.0,Morning,False
2026-03-07,P006,5,20.0,Morning,False
2026-03-07,P004,4,25.0,Morning,False
2026-03-07,P012,12,80.0,Lunch,False
2026-03-07,P013,8,60.0,Lunch,False
2026-03-07,P014,6,50.0,Lunch,False
2026-03-07,P015,4,90.0,Lunch,False
2026-03-07,P016,5,75.0,Lunch,False
2026-03-07,P017,6,70.0,Lunch,False
2026-03-07,P018,7,60.0,Lunch,False
2026-03-07,P001,9,15.0,Lunch,False
2026-03-07,P002,6,20.0,Lunch,False
2026-03-07,P003,5,35.0,Lunch,False
2026-03-07,P004,7,25.0,Lunch,False
2026-03-07,P005,2,15.0,Lunch,False
2026-03-07,P019,5,45.0,Lunch,False
2026-03-07,P021,3,65.0,Lunch,False
2026-03-07,P001,12,15.0,Evening,False
2026-03-07,P002,6,20.0,Evening,False
2026-03-07,P003,2,35.0,Evening,False
2026-03-07,P004,7,25.0,Evening,False
2026-03-07,P005,9,15.0,Evening,False
2026-03-07,P006,12,20.0,Evening,False
2026-03-07,P011,5,20.0,Evening,False
2026-03-07,P019,5,45.0,Evening,False
2026-03-07,P020,5,60.0,Evening,False
2026-03-07,P021,4,65.0,Evening,False
2026-03-07,P022,4,25.0,Evening,False
2026-03-07,P007,2,25.0,Evening,False
2026-03-07,P018,5,60.0,Evening,False
2026-03-07,P017,2,70.0,Evening,False
2026-03-07,P014,4,50.0,Evening,False
2026-03-08,P001,19,15.0,Morning,False
2026-03-08,P002,5,20.0,Morning,False
2026-03-08,P007,6,25.0,Morning,False
2026-03-08,P009,12,40.0,Morning,False
2026-03-08,P010,3,60.0,Morning,False
2026-03-08,P011,9,20.0,Morning,False
2026-03-08,P005,11,15.0,Morning,False
2026-03-08,P006,10,20.0,Morning,False
2026-03-08,P004,6,25.0,Morning,False
2026-03-08,P012,6,80.0,Lunch,False
2026-03-08,P013,10,60.0,Lunch,False
2026-03-08,P014,8,50.0,Lunch,False
2026-03-08,P015,4,90.0,Lunch,False
2026-03-08,P016,7,75.0,Lunch,False
2026-03-08,P017,8,70.0,Lunch,False
2026-03-08,P018,8,60.0,Lunch,False
2026-03-08,P001,8,15.0,Lunch,False
2026-03-08,P002,7,20.0,Lunch,False
2026-03-08,P003,4,35.0,Lunch,False
2026-03-08,P004,10,25.0,Lunch,False
2026-03-08,P005,8,15.0,Lunch,False
2026-03-08,P019,3,45.0,Lunch,False
2026-03-08,P021,5,65.0,Lunch,False
2026-03-08,P001,18,15.0,Evening,False
2026-03-08,P002,7,20.0,Evening,False
2026-03-08,P003,7,35.0,Evening,False
2026-03-08,P004,6,25.0,Evening,False
2026-03-08,P005,16,15.0,Evening,False
2026-03-08,P006,11,20.0,Evening,False
2026-03-08,P011,11,20.0,Evening,False
2026-03-08,P019,11,45.0,Evening,False
2026-03-08,P020,6,60.0,Evening,False
2026-03-08,P021,13,65.0,Evening,False
2026-03-08,P022,8,25.0,Evening,False
2026-03-08,P007,5,25.0,Evening,False
2026-03-08,P018,6,60.0,Evening,False
2026-03-08,P014,4,50.0,Evening,False
2026-03-09,P001,45,15.0,Morning,True
2026-03-09,P007,21,25.0,Morning,True
2026-03-09,P008,12,50.0,Morning,True
2026-03-09,P009,23,40.0,Morning,True
2026-03-09,P010,26,60.0,Morning,True
2026-03-09,P011,30,20.0,Morning,True
2026-03-09,P005,16,15.0,Morning,True
2026-03-09,P006,16,20.0,Morning,True
2026-03-09,P004,13,25.0,Morning,True
2026-03-09,P012,35,80.0,Lunch,True
2026-03-09,P013,43,60.0,Lunch,True
2026-03-09,P014,33,50.0,Lunch,True
2026-03-09,P015,18,90.0,Lunch,True
2026-03-09,P016,24,75.0,Lunch,True
2026-03-09,P017,21,70.0,Lunch,True
2026-03-09,P018,33,60.0,Lunch,True
2026-03-09,P001,23,15.0,Lunch,True
2026-03-09,P002,19,20.0,Lunch,True
2026-03-09,P003,30,35.0,Lunch,True
2026-03-09,P004,16,25.0,Lunch,True
2026-03-09,P005,20,15.0,Lunch,True
2026-03-09,P019,23,45.0,Lunch,True
2026-03-09,P021,15,65.0,Lunch,True
2026-03-09,P001,45,15.0,Evening,True
2026-03-09,P002,34,20.0,Evening,True
2026-03-09,P003,22,35.0,Evening,True
2026-03-09,P004,28,25.0,Evening,True
2026-03-09,P005,60,15.0,Evening,True
2026-03-09,P006,40,20.0,Evening,True
2026-03-09,P011,22,20.0,Evening,True
2026-03-09,P019,36,45.0,Evening,True
2026-03-09,P020,24,60.0,Evening,True
2026-03-09,P021,39,65.0,Evening,True
2026-03-09,P022,28,25.0,Evening,True
2026-03-09,P007,14,25.0,Evening,True
2026-03-09,P018,22,60.0,Evening,True
2026-03-09,P017,13,70.0,Evening,True
2026-03-09,P014,15,50.0,Evening,True
2026-03-10,P001,43,15.0,Morning,True
2026-03-10,P002,32,20.0,Morning,True
2026-03-10,P007,38,25.0,Morning,True
2026-03-10,P008,17,50.0,Morning,True
2026-03-10,P009,22,40.0,Morning,True
2026-03-10,P010,16,60.0,Morning,True
2026-03-10,P011,29,20.0,Morning,True
2026-03-10,P005,18,15.0,Morning,True
2026-03-10,P006,26,20.0,Morning,True
2026-03-10,P004,17,25.0,Morning,True
2026-03-10,P012,47,80.0,Lunch,True
2026-03-10,P013,30,60.0,Lunch,True
2026-03-10,P014,27,50.0,Lunch,True
2026-03-10,P015,13,90.0,Lunch,True
2026-03-10,P016,20,75.0,Lunch,True
2026-03-10,P017,36,70.0,Lunch,True
2026-03-10,P018,30,60.0,Lunch,True
2026-03-10,P001,35,15.0,Lunch,True
2026-03-10,P002,17,20.0,Lunch,True
2026-03-10,P003,24,35.0,Lunch,True
2026-03-10,P004,18,25.0,Lunch,True
2026-03-10,P005,11,15.0,Lunch,True
2026-03-10,P019,19,45.0,Lunch,True
2026-03-10,P021,22,65.0,Lunch,True
2026-03-10,P002,19,20.0,Evening,True
2026-03-10,P003,25,35.0,Evening,True
2026-03-10,P005,61,15.0,Evening,True
2026-03-10,P006,54,20.0,Evening,True
2026-03-10,P011,33,20.0,Evening,True
2026-03-10,P019,20,45.0,Evening,True
2026-03-10,P020,13,60.0,Evening,True
2026-03-10,P021,37,65.0,Evening,True
2026-03-10,P022,21,25.0,Evening,True
2026-03-10,P007,12,25.0,Evening,True
2026-03-10,P018,18,60.0,Evening,True
2026-03-10,P017,18,70.0,Evening,True
2026-03-10,P014,7,50.0,Evening,True
2026-03-11,P001,47,15.0,Morning,True
2026-03-11,P002,14,20.0,Morning,True
2026-03-11,P007,34,25.0,Morning,True
2026-03-11,P008,23,50.0,Morning,True
2026-03-11,P009,17,40.0,Morning,True
2026-03-11,P010,24,60.0,Morning,True
2026-03-11,P011,28,20.0,Morning,True
2026-03-11,P005,20,15.0,Morning,True
2026-03-11,P006,25,20.0,Morning,True
2026-03-11,P004,18,25.0,Morning,True
2026-03-11,P013,33,60.0,Lunch,True
2026-03-11,P014,29,50.0,Lunch,True
2026-03-11,P015,16,90.0,Lunch,True
2026-03-11,P017,26,70.0,Lunch,True
2026-03-11,P018,21,60.0,Lunch,True
2026-03-11,P001,35,15.0,Lunch,True
2026-03-11,P002,10,20.0,Lunch,True
2026-03-11,P003,23,35.0,Lunch,True
2026-03-11,P004,14,25.0,Lunch,True
2026-03-11,P005,17,15.0,Lunch,True
2026-03-11,P019,14,45.0,Lunch,True
2026-03-11,P021,15,65.0,Lunch,True
2026-03-11,P001,53,15.0,Evening,True
2026-03-11,P002,35,20.0,Evening,True
2026-03-11,P003,16,35.0,Evening,True
2026-03-11,P004,29,25.0,Evening,True
2026-03-11,P005,43,15.0,Evening,True
2026-03-11,P006,29,20.0,Evening,True
2026-03-11,P011,18,20.0,Evening,True
2026-03-11,P019,18,45.0,Evening,True
2026-03-11,P020,17,60.0,Evening,True
2026-03-11,P021,23,65.0,Evening,True
2026-03-11,P022,27,25.0,Evening,True
2026-03-11,P007,13,25.0,Evening,True
2026-03-11,P018,21,60.0,Evening,True
2026-03-11,P017,16,70.0,Evening,True
2026-03-11,P014,10,50.0,Evening,True
2026-03-12,P001,29,15.0,Morning,True
2026-03-12,P002,17,20.0,Morning,True
2026-03-12,P007,23,25.0,Morning,True
2026-03-12,P008,24,50.0,Morning,True
2026-03-12,P009,22,40.0,Morning,True
2026-03-12,P010,22,60.0,Morning,True
2026-03-12,P011,19,20.0,Morning,True
2026-03-12,P005,19,15.0,Morning,True
2026-03-12,P006,16,20.0,Morning,True
2026-03-12,P012,37,80.0,Lunch,True
2026-03-12,P013,34,60.0,Lunch,True
2026-03-12,P014,32,50.0,Lunch,True
2026-03-12,P015,11,90.0,Lunch,True
2026-03-12,P016,27,75.0,Lunch,True
2026-03-12,P017,33,70.0,Lunch,True
2026-03-12,P018,24,60.0,Lunch,True
2026-03-12,P001,30,15.0,Lunch,True
2026-03-12,P002,11,20.0,Lunch,True
2026-03-12,P003,18,35.0,Lunch,True
2026-03-12,P004,13,25.0,Lunch,True
2026-03-12,P005,15,15.0,Lunch,True
2026-03-12,P019,19,45.0,Lunch,True
2026-03-12,P021,23,65.0,Lunch,True
2026-03-12,P001,38,15.0,Evening,True
2026-03-12,P002,27,20.0,Evening,True
2026-03-12,P003,16,35.0,Evening,True
2026-03-12,P004,25,25.0,Evening,True
2026-03-12,P005,49,15.0,Evening,True
2026-03-12,P006,19,20.0,Evening,True
2026-03-12,P011,25,20.0,Evening,True
2026-03-12,P019,25,45.0,Evening,True
2026-03-12,P020,27,60.0,Evening,True
2026-03-12,P021,14,65.0,Evening,True
2026-03-12,P022,25,25.0,Evening,True
2026-03-12,P007,7,25.0,Evening,True
2026-03-12,P018,12,60.0,Evening,True
2026-03-12,P017,13,70.0,Evening,True
2026-03-12,P014,5,50.0,Evening,True
2026-03-13,P001,28,15.0,Morning,True
2026-03-13,P002,29,20.0,Morning,True
2026-03-13,P007,24,25.0,Morning,True
2026-03-13,P008,21,50.0,Morning,True
2026-03-13,P009,28,40.0,Morning,True
2026-03-13,P010,11,60.0,Morning,True
2026-03-13,P011,16,20.0,Morning,True
2026-03-13,P005,35,15.0,Morning,True
2026-03-13,P006,28,20.0,Morning,True
2026-03-13,P004,20,25.0,Morning,True
2026-03-13,P012,28,80.0,Lunch,True
2026-03-13,P013,28,60.0,Lunch,True
2026-03-13,P014,20,50.0,Lunch,True
2026-03-13,P015,18,90.0,Lunch,True
2026-03-13,P016,16,75.0,Lunch,True
2026-03-13,P017,38,70.0,Lunch,True
2026-03-13,P018,20,60.0,Lunch,True
2026-03-13,P001,23,15.0,Lunch,True
2026-03-13,P002,24,20.0,Lunch,True
2026-03-13,P003,14,35.0,Lunch,True
2026-03-13,P004,27,25.0,Lunch,True
2026-03-13,P005,15,15.0,Lunch,True
2026-03-13,P019,16,45.0,Lunch,True
2026-03-13,P021,17,65.0,Lunch,True
2026-03-13,P001,67,15.0,Evening,True
2026-03-13,P002,19,20.0,Evening,True
2026-03-13,P003,14,35.0,Evening,True
2026-03-13,P004,13,25.0,Evening,True
2026-03-13,P005,44,15.0,Evening,True
2026-03-13,P006,48,20.0,Evening,True
2026-03-13,P011,20,20.0,Evening,True
2026-03-13,P019,19,45.0,Evening,True
2026-03-13,P020,12,60.0,Evening,True
2026-03-13,P021,23,65.0,Evening,True
2026-03-13,P007,15,25.0,Evening,True
2026-03-13,P018,10,60.0,Evening,True
2026-03-13,P017,15,70.0,Evening,True
2026-03-13,P014,15,50.0,Evening,True
2026-03-14,P001,15,15.0,Morning,False
2026-03-14,P002,5,20.0,Morning,False
2026-03-14,P007,9,25.0,Morning,False
2026-03-14,P008,8,50.0,Morning,False
2026-03-14,P009,8,40.0,Morning,False
2026-03-14,P010,4,60.0,Morning,False
2026-03-14,P011,6,20.0,Morning,False
2026-03-14,P005,5,15.0,Morning,False
2026-03-14,P006,10,20.0,Morning,False
2026-03-14,P004,4,25.0,Morning,False
2026-03-14,P012,6,80.0,Lunch,False
2026-03-14,P013,8,60.0,Lunch,False
2026-03-14,P014,9,50.0,Lunch,False
2026-03-14,P015,9,90.0,Lunch,False
2026-03-14,P016,6,75.0,Lunch,False
2026-03-14,P017,10,70.0,Lunch,False
2026-03-14,P018,6,60.0,Lunch,False
2026-03-14,P001,11,15.0,Lunch,False
2026-03-14,P002,6,20.0,Lunch,False
2026-03-14,P003,10,35.0,Lunch,False
2026-03-14,P004,6,25.0,Lunch,False
2026-03-14,P005,4,15.0,Lunch,False
2026-03-14,P019,5,45.0,Lunch,False
2026-03-14,P021,7,65.0,Lunch,False
2026-03-14,P001,21,15.0,Evening,False
2026-03-14,P002,5,20.0,Evening,False
2026-03-14,P003,8,35.0,Evening,False
2026-03-14,P004,8,25.0,Evening,False
2026-03-14,P005,15,15.0,Evening,False
2026-03-14,P006,15,20.0,Evening,False
2026-03-14,P011,9,20.0,Evening,False
2026-03-14,P019,10,45.0,Evening,False
2026-03-14,P020,8,60.0,Evening,False
2026-03-14,P021,10,65.0,Evening,False
2026-03-14,P022,11,25.0,Evening,False
2026-03-14,P007,5,25.0,Evening,False
2026-03-14,P018,4,60.0,Evening,False
2026-03-14,P017,3,70.0,Evening,False
2026-03-14,P014,3,50.0,Evening,False
2026-03-15,P002,4,20.0,Morning,False
2026-03-15,P007,4,25.0,Morning,False
2026-03-15,P008,6,50.0,Morning,False
2026-03-15,P009,5,40.0,Morning,False
2026-03-15,P010,3,60.0,Morning,False
2026-03-15,P005,5,15.0,Morning,False
2026-03-15,P006,3,20.0,Morning,False
2026-03-15,P004,4,25.0,Morning,False
2026-03-15,P012,6,80.0,Lunch,False
2026-03-15,P013,9,60.0,Lunch,False
2026-03-15,P014,7,50.0,Lunch,False
2026-03-15,P015,3,90.0,Lunch,False
2026-03-15,P016,4,75.0,Lunch,False
2026-03-15,P017,6,70.0,Lunch,False
2026-03-15,P018,6,60.0,Lunch,False
2026-03-15,P001,11,15.0,Lunch,False
2026-03-15,P002,3,20.0,Lunch,False
2026-03-15,P003,6,35.0,Lunch,False
2026-03-15,P004,7,25.0,Lunch,False
2026-03-15,P005,5,15.0,Lunch,False
2026-03-15,P019,5,45.0,Lunch,False
2026-03-15,P021,3,65.0,Lunch,False
2026-03-15,P001,11,15.0,Evening,False
2026-03-15,P002,8,20.0,Evening,False
2026-03-15,P003,2,35.0,Evening,False
2026-03-15,P004,5,25.0,Evening,False
2026-03-15,P005,11,15.0,Evening,False
2026-03-15,P006,7,20.0,Evening,False
2026-03-15,P011,3,20.0,Evening,False
2026-03-15,P019,6,45.0,Evening,False
2026-03-15,P020,4,60.0,Evening,False
2026-03-15,P021,6,65.0,Evening,False
2026-03-15,P022,3,25.0,Evening,False
2026-03-15,P007,4,25.0,Evening,False
2026-03-15,P018,4,60.0,Evening,False
2026-03-15,P017,4,70.0,Evening,False
2026-03-15,P014,4,50.0,Evening,False
2026-03-16,P001,46,15.0,Morning,True
2026-03-16,P002,25,20.0,Morning,True
2026-03-16,P007,27,25.0,Morning,True
2026-03-16,P008,19,50.0,Morning,True
2026-03-16,P009,30,40.0,Morning,True
2026-03-16,P010,26,60.0,Morning,True
2026-03-16,P011,17,20.0,Morning,True
2026-03-16,P005,31,15.0,Morning,True
2026-03-16,P006,29,20.0,Morning,True
2026-03-16,P004,13,25.0,Morning,True
2026-03-16,P012,28,80.0,Lunch,True
2026-03-16,P013,50,60.0,Lunch,True
2026-03-16,P014,20,50.0,Lunch,True
2026-03-16,P015,14,90.0,Lunch,True
2026-03-16,P016,31,75.0,Lunch,True
2026-03-16,P017,26,70.0,Lunch,True
2026-03-16,P018,37,60.0,Lunch,True
2026-03-16,P001,49,15.0,Lunch,True
2026-03-16,P002,25,20.0,Lunch,True
2026-03-16,P003,16,35.0,Lunch,True
2026-03-16,P004,37,25.0,Lunch,True
2026-03-16,P005,11,15.0,Lunch,True
2026-03-16,P019,15,45.0,Lunch,True
2026-03-16,P021,19,65.0,Lunch,True
2026-03-16,P001,45,15.0,Evening,True
2026-03-16,P002,33,20.0,Evening,True
2026-03-16,P003,25,35.0,Evening,True
2026-03-16,P004,21,25.0,Evening,True
2026-03-16,P005,44,15.0,Evening,True
2026-03-16,P006,54,20.0,Evening,True
2026-03-16,P011,33,20.0,Evening,True
2026-03-16,P019,26,45.0,Evening,True
2026-03-16,P020,22,60.0,Evening,True
2026-03-16,P021,21,65.0,Evening,True
2026-03-16,P022,32,25.0,Evening,True
2026-03-16,P007,16,25.0,Evening,True
2026-03-16,P018,15,60.0,Evening,True
2026-03-16,P014,6,50.0,Evening,True
2026-03-17,P001,50,15.0,Morning,True
2026-03-17,P002,35,20.0,Morning,True
2026-03-17,P007,31,25.0,Morning,True
2026-03-17,P008,25,50.0,Morning,True
2026-03-17,P009,22,40.0,Morning,True
2026-03-17,P010,12,60.0,Morning,True
2026-03-17,P011,13,20.0,Morning,True
2026-03-17,P005,27,15.0,Morning,True
2026-03-17,P006,13,20.0,Morning,True
2026-03-17,P004,18,25.0,Morning,True
2026-03-17,P012,32,80.0,Lunch,True
2026-03-17,P013,36,60.0,Lunch,True
2026-03-17,P014,27,50.0,Lunch,True
2026-03-17,P015,18,90.0,Lunch,True
2026-03-17,P016,20,75.0,Lunch,True
2026-03-17,P017,26,70.0,Lunch,True
2026-03-17,P018,23,60.0,Lunch,True
2026-03-17,P001,28,15.0,Lunch,True
2026-03-17,P002,9,20.0,Lunch,True
2026-03-17,P003,14,35.0,Lunch,True
2026-03-17,P004,27,25.0,Lunch,True
2026-03-17,P005,13,15.0,Lunch,True
2026-03-17,P019,18,45.0,Lunch,True
2026-03-17,P021,19,65.0,Lunch,True
2026-03-17,P001,33,15.0,Evening,True
2026-03-17,P002,33,20.0,Evening,True
2026-03-17,P003,13,35.0,Evening,True
2026-03-17,P004,23,25.0,Evening,True
2026-03-17,P005,38,15.0,Evening,True
2026-03-17,P006,35,20.0,Evening,True
2026-03-17,P011,28,20.0,Evening,True
2026-03-17,P019,23,45.0,Evening,True
2026-03-17,P020,24,60.0,Evening,True
2026-03-17,P021,26,65.0,Evening,True
2026-03-17,P022,21,25.0,Evening,True
2026-03-17,P007,10,25.0,Evening,True
2026-03-17,P018,19,60.0,Evening,True
2026-03-17,P017,18,70.0,Evening,True
2026-03-17,P014,12,50.0,Evening,True
2026-03-18,P001,43,15.0,Morning,True
2026-03-18,P002,27,20.0,Morning,True
2026-03-18,P007,25,25.0,Morning,True
2026-03-18,P008,14,50.0,Morning,True
2026-03-18,P009,32,40.0,Morning,True
2026-03-18,P010,15,60.0,Morning,True
2026-03-18,P011,12,20.0,Morning,True
2026-03-18,P005,17,15.0,Morning,True
2026-03-18,P006,11,20.0,Morning,True
2026-03-18,P004,17,25.0,Morning,True
2026-03-18,P012,35,80.0,Lunch,True
2026-03-18,P013,35,60.0,Lunch,True
2026-03-18,P014,19,50.0,Lunch,True
2026-03-18,P015,21,90.0,Lunch,True
2026-03-18,P016,22,75.0,Lunch,True
2026-03-18,P017,27,70.0,Lunch,True
2026-03-18,P018,24,60.0,Lunch,True
2026-03-18,P001,36,15.0,Lunch,True
2026-03-18,P003,23,35.0,Lunch,True
2026-03-18,P004,22,25.0,Lunch,True
2026-03-18,P005,23,15.0,Lunch,True
2026-03-18,P019,9,45.0,Lunch,True
2026-03-18,P001,49,15.0,Evening,True
2026-03-18,P002,22,20.0,Evening,True
2026-03-18,P003,12,35.0,Evening,True
2026-03-18,P004,23,25.0,Evening,True
2026-03-18,P005,47,15.0,Evening,True
2026-03-18,P006,31,20.0,Evening,True
2026-03-18,P011,34,20.0,Evening,True
2026-03-18,P019,17,45.0,Evening,True
2026-03-18,P020,23,60.0,Evening,True
2026-03-18,P021,24,65.0,Evening,True
2026-03-18,P022,15,25.0,Evening,True
2026-03-18,P007,17,25.0,Evening,True
2026-03-18,P018,9,60.0,Evening,True
2026-03-18,P017,7,70.0,Evening,True
2026-03-18,P014,12,50.0,Evening,True
2026-03-19,P001,34,15.0,Morning,True
2026-03-19,P002,35,20.0,Morning,True
2026-03-19,P007,29,25.0,Morning,True
2026-03-19,P008,31,50.0,Morning,True
2026-03-19,P009,34,40.0,Morning,True
2026-03-19,P010,26,60.0,Morning,True
2026-03-19,P011,26,20.0,Morning,True
2026-03-19,P005,22,15.0,Morning,True
2026-03-19,P006,31,20.0,Morning,True
2026-03-19,P012,36,80.0,Lunch,True
2026-03-19,P013,27,60.0,Lunch,True
2026-03-19,P014,32,50.0,Lunch,True
2026-03-19,P015,13,90.0,Lunch,True
2026-03-19,P016,32,75.0,Lunch,True
2026-03-19,P017,28,70.0,Lunch,True
2026-03-19,P018,30,60.0,Lunch,True
2026-03-19,P001,23,15.0,Lunch,True
2026-03-19,P002,26,20.0,Lunch,True
2026-03-19,P003,20,35.0,Lunch,True
2026-03-19,P004,17,25.0,Lunch,True
2026-03-19,P005,12,15.0,Lunch,True
2026-03-19,P019,20,45.0,Lunch,True
2026-03-19,P021,14,65.0,Lunch,True
2026-03-19,P001,65,15.0,Evening,True
2026-03-19,P002,24,20.0,Evening,True
2026-03-19,P003,20,35.0,Evening,True
2026-03-19,P004,12,25.0,Evening,True
2026-03-19,P005,58,15.0,Evening,True
2026-03-19,P006,42,20.0,Evening,True
2026-03-19,P011,40,20.0,Evening,True
2026-03-19,P019,20,45.0,Evening,True
2026-03-19,P020,31,60.0,Evening,True
2026-03-19,P021,38,65.0,Evening,True
2026-03-19,P022,20,25.0,Evening,True
2026-03-19,P007,15,25.0,Evening,True
2026-03-19,P018,11,60.0,Evening,True
2026-03-19,P017,12,70.0,Evening,True
2026-03-19,P014,15,50.0,Evening,True
2026-03-20,P001,30,15.0,Morning,True
2026-03-20,P002,21,20.0,Morning,True
2026-03-20,P007,21,25.0,Morning,True
2026-03-20,P008,18,50.0,Morning,True
2026-03-20,P010,11,60.0,Morning,True
2026-03-20,P011,14,20.0,Morning,True
2026-03-20,P005,24,15.0,Morning,True
2026-03-20,P006,18,20.0,Morning,True
2026-03-20,P004,10,25.0,Morning,True
2026-03-20,P012,43,80.0,Lunch,True
2026-03-20,P013,17,60.0,Lunch,True
2026-03-20,P014,15,50.0,Lunch,True
2026-03-20,P015,14,90.0,Lunch,True
2026-03-20,P016,25,75.0,Lunch,True
2026-03-20,P017,21,70.0,Lunch,True
2026-03-20,P018,18,60.0,Lunch,True
2026-03-20,P001,29,15.0,Lunch,True
2026-03-20,P002,13,20.0,Lunch,True
2026-03-20,P003,13,35.0,Lunch,True
2026-03-20,P004,27,25.0,Lunch,True
2026-03-20,P005,13,15.0,Lunch,True
2026-03-20,P019,17,45.0,Lunch,True
2026-03-20,P021,22,65.0,Lunch,True
2026-03-20,P001,36,15.0,Evening,True
2026-03-20,P002,26,20.0,Evening,True
2026-03-20,P004,24,25.0,Evening,True
2026-03-20,P005,42,15.0,Evening,True
2026-03-20,P006,39,20.0,Evening,True
2026-03-20,P011,16,20.0,Evening,True
2026-03-20,P019,24,45.0,Evening,True
2026-03-20,P020,23,60.0,Evening,True
2026-03-20,P021,33,65.0,Evening,True
2026-03-20,P022,20,25.0,Evening,True
2026-03-20,P007,8,25.0,Evening,True
2026-03-20,P018,18,60.0,Evening,True
2026-03-20,P017,17,70.0,Evening,True
2026-03-20,P014,16,50.0,Evening,True
2026-03-21,P001,16,15.0,Morning,False
2026-03-21,P002,7,20.0,Morning,False
2026-03-21,P007,5,25.0,Morning,False
2026-03-21,P008,10,50.0,Morning,False
2026-03-21,P009,11,40.0,Morning,False
2026-03-21,P010,3,60.0,Morning,False
2026-03-21,P011,6,20.0,Morning,False
2026-03-21,P005,9,15.0,Morning,False
2026-03-21,P006,4,20.0,Morning,False
2026-03-21,P012,16,80.0,Lunch,False
2026-03-21,P013,9,60.0,Lunch,False
2026-03-21,P014,6,50.0,Lunch,False
2026-03-21,P015,4,90.0,Lunch,False
2026-03-21,P016,6,75.0,Lunch,False
2026-03-21,P017,7,70.0,Lunch,False
2026-03-21,P018,7,60.0,Lunch,False
2026-03-21,P001,14,15.0,Lunch,False
2026-03-21,P002,3,20.0,Lunch,False
2026-03-21,P003,6,35.0,Lunch,False
2026-03-21,P004,10,25.0,Lunch,False
2026-03-21,P005,3,15.0,Lunch,False
2026-03-21,P019,3,45.0,Lunch,False
2026-03-21,P021,6,65.0,Lunch,False
2026-03-21,P001,14,15.0,Evening,False
2026-03-21,P002,9,20.0,Evening,False
2026-03-21,P003,3,35.0,Evening,False
2026-03-21,P004,5,25.0,Evening,False
2026-03-21,P005,10,15.0,Evening,False
2026-03-21,P006,8,20.0,Evening,False
2026-03-21,P011,11,20.0,Evening,False
2026-03-21,P019,6,45.0,Evening,False
2026-03-21,P020,9,60.0,Evening,False
2026-03-21,P021,5,65.0,Evening,False
2026-03-21,P022,8,25.0,Evening,False
2026-03-21,P007,2,25.0,Evening,False
2026-03-21,P018,4,60.0,Evening,False
2026-03-21,P017,2,70.0,Evening,False
2026-03-21,P014,5,50.0,Evening,False
2026-03-22,P001,13,15.0,Morning,False
2026-03-22,P002,11,20.0,Morning,False
2026-03-22,P007,7,25.0,Morning,False
2026-03-22,P008,3,50.0,Morning,False
2026-03-22,P009,4,40.0,Morning,False
2026-03-22,P010,7,60.0,Morning,False
2026-03-22,P011,6,20.0,Morning,False
2026-03-22,P005,8,15.0,Morning,False
2026-03-22,P006,5,20.0,Morning,False
2026-03-22,P004,4,25.0,Morning,False
2026-03-22,P012,6,80.0,Lunch,False
2026-03-22,P013,10,60.0,Lunch,False
2026-03-22,P014,7,50.0,Lunch,False
2026-03-22,P015,5,90.0,Lunch,False
2026-03-22,P016,5,75.0,Lunch,False
2026-03-22,P017,10,70.0,Lunch,False
2026-03-22,P018,6,60.0,Lunch,False
2026-03-22,P001,6,15.0,Lunch,False
2026-03-22,P002,4,20.0,Lunch,False
2026-03-22,P003,8,35.0,Lunch,False
2026-03-22,P004,5,25.0,Lunch,False
2026-03-22,P005,3,15.0,Lunch,False
2026-03-22,P021,4,65.0,Lunch,False
2026-03-22,P001,9,15.0,Evening,False
2026-03-22,P002,8,20.0,Evening,False
2026-03-22,P003,5,35.0,Evening,False
2026-03-22,P004,3,25.0,Evening,False
2026-03-22,P005,7,15.0,Evening,False
2026-03-22,P006,5,20.0,Evening,False
2026-03-22,P011,7,20.0,Evening,False
2026-03-22,P019,9,45.0,Evening,False
2026-03-22,P020,8,60.0,Evening,False
2026-03-22,P021,6,65.0,Evening,False
2026-03-22,P022,4,25.0,Evening,False
2026-03-22,P007,2,25.0,Evening,False
2026-03-22,P018,5,60.0,Evening,False
2026-03-22,P017,5,70.0,Evening,False
2026-03-22,P014,5,50.0,Evening,False
2026-03-23,P001,30,15.0,Morning,True
2026-03-23,P007,22,25.0,Morning,True
2026-03-23,P008,13,50.0,Morning,True
2026-03-23,P009,18,40.0,Morning,True
2026-03-23,P010,10,60.0,Morning,True
2026-03-23,P011,13,20.0,Morning,True
2026-03-23,P005,20,15.0,Morning,True
2026-03-23,P006,16,20.0,Morning,True
2026-03-23,P004,18,25.0,Morning,True
2026-03-23,P012,28,80.0,Lunch,True
2026-03-23,P013,37,60.0,Lunch,True
2026-03-23,P014,17,50.0,Lunch,True
2026-03-23,P015,16,90.0,Lunch,True
2026-03-23,P016,17,75.0,Lunch,True
2026-03-23,P017,17,70.0,Lunch,True
2026-03-23,P018,26,60.0,Lunch,True
2026-03-23,P001,29,15.0,Lunch,True
2026-03-23,P002,16,20.0,Lunch,True
2026-03-23,P003,11,35.0,Lunch,True
2026-03-23,P004,25,25.0,Lunch,True
2026-03-23,P005,9,15.0,Lunch,True
2026-03-23,P019,10,45.0,Lunch,True
2026-03-23,P001,32,15.0,Evening,True
2026-03-23,P002,31,20.0,Evening,True
2026-03-23,P003,15,35.0,Evening,True
2026-03-23,P004,25,25.0,Evening,True
2026-03-23,P005,35,15.0,Evening,True
2026-03-23,P006,26,20.0,Evening,True
2026-03-23,P011,26,20.0,Evening,True
2026-03-23,P019,18,45.0,Evening,True
2026-03-23,P020,11,60.0,Evening,True
2026-03-23,P021,28,65.0,Evening,True
2026-03-23,P022,12,25.0,Evening,True
2026-03-23,P007,11,25.0,Evening,True
2026-03-23,P018,9,60.0,Evening,True
2026-03-23,P017,10,70.0,Evening,True
2026-03-23,P014,13,50.0,Evening,True
2026-03-24,P001,62,15.0,Morning,True
2026-03-24,P002,31,20.0,Morning,True
2026-03-24,P007,38,25.0,Morning,True
2026-03-24,P008,14,50.0,Morning,True
2026-03-24,P009,21,40.0,Morning,True
2026-03-24,P010,26,60.0,Morning,True
2026-03-24,P011,18,20.0,Morning,True
2026-03-24,P005,18,15.0,Morning,True
2026-03-24,P006,24,20.0,Morning,True
2026-03-24,P004,15,25.0,Morning,True
2026-03-24,P012,51,80.0,Lunch,True
2026-03-24,P013,23,60.0,Lunch,True
2026-03-24,P014,22,50.0,Lunch,True
2026-03-24,P015,13,90.0,Lunch,True
2026-03-24,P016,19,75.0,Lunch,True
2026-03-24,P017,25,70.0,Lunch,True
2026-03-24,P018,35,60.0,Lunch,True
2026-03-24,P001,35,15.0,Lunch,True
2026-03-24,P002,21,20.0,Lunch,True
2026-03-24,P003,16,35.0,Lunch,True
2026-03-24,P004,20,25.0,Lunch,True
2026-03-24,P005,24,15.0,Lunch,True
2026-03-24,P019,17,45.0,Lunch,True
2026-03-24,P021,15,65.0,Lunch,True
2026-03-24,P001,65,15.0,Evening,True
2026-03-24,P002,30,20.0,Evening,True
2026-03-24,P003,25,35.0,Evening,True
2026-03-24,P004,24,25.0,Evening,True
2026-03-24,P005,40,15.0,Evening,True
2026-03-24,P006,39,20.0,Evening,True
2026-03-24,P011,21,20.0,Evening,True
2026-03-24,P019,35,45.0,Evening,True
2026-03-24,P020,17,60.0,Evening,True
2026-03-24,P021,31,65.0,Evening,True
2026-03-24,P022,18,25.0,Evening,True
2026-03-24,P007,12,25.0,Evening,True
2026-03-24,P018,16,60.0,Evening,True
2026-03-24,P017,19,70.0,Evening,True
2026-03-24,P014,20,50.0,Evening,True
2026-03-25,P001,37,15.0,Morning,True
2026-03-25,P002,30,20.0,Morning,True
2026-03-25,P007,20,25.0,Morning,True
2026-03-25,P008,25,50.0,Morning,True
2026-03-25,P009,27,40.0,Morning,True
2026-03-25,P010,12,60.0,Morning,True
2026-03-25,P011,24,20.0,Morning,True
2026-03-25,P005,32,15.0,Morning,True
2026-03-25,P006,11,20.0,Morning,True
2026-03-25,P004,7,25.0,Morning,True
2026-03-25,P012,33,80.0,Lunch,True
2026-03-25,P013,32,60.0,Lunch,True
2026-03-25,P014,30,50.0,Lunch,True
2026-03-25,P015,14,90.0,Lunch,True
2026-03-25,P016,20,75.0,Lunch,True
2026-03-25,P017,15,70.0,Lunch,True
2026-03-25,P018,27,60.0,Lunch,True
2026-03-25,P001,22,15.0,Lunch,True
2026-03-25,P002,12,20.0,Lunch,True
2026-03-25,P003,13,35.0,Lunch,True
2026-03-25,P005,11,15.0,Lunch,True
2026-03-25,P019,18,45.0,Lunch,True
2026-03-25,P021,11,65.0,Lunch,True
2026-03-25,P001,57,15.0,Evening,True
2026-03-25,P002,36,20.0,Evening,True
2026-03-25,P003,21,35.0,Evening,True
2026-03-25,P004,25,25.0,Evening,True
2026-03-25,P005,23,15.0,Evening,True
2026-03-25,P006,20,20.0,Evening,True
2026-03-25,P011,36,20.0,Evening,True
2026-03-25,P019,15,45.0,Evening,True
2026-03-25,P020,19,60.0,Evening,True
2026-03-25,P021,33,65.0,Evening,True
2026-03-25,P022,17,25.0,Evening,True
2026-03-25,P007,8,25.0,Evening,True
2026-03-25,P018,14,60.0,Evening,True
2026-03-25,P017,7,70.0,Evening,True
2026-03-25,P014,15,50.0,Evening,True
2026-03-26,P001,48,15.0,Morning,True
2026-03-26,P002,33,20.0,Morning,True
2026-03-26,P007,25,25.0,Morning,True
2026-03-26,P008,28,50.0,Morning,True
2026-03-26,P009,31,40.0,Morning,True
2026-03-26,P010,15,60.0,Morning,True
2026-03-26,P011,21,20.0,Morning,True
2026-03-26,P005,17,15.0,Morning,True
2026-03-26,P006,29,20.0,Morning,True
2026-03-26,P004,18,25.0,Morning,True
2026-03-26,P012,42,80.0,Lunch,True
2026-03-26,P013,27,60.0,Lunch,True
2026-03-26,P014,22,50.0,Lunch,True
2026-03-26,P015,24,90.0,Lunch,True
2026-03-26,P016,15,75.0,Lunch,True
2026-03-26,P017,29,70.0,Lunch,True
2026-03-26,P018,30,60.0,Lunch,True
2026-03-26,P001,34,15.0,Lunch,True
2026-03-26,P002,18,20.0,Lunch,True
2026-03-26,P003,22,35.0,Lunch,True
2026-03-26,P004,16,25.0,Lunch,True
2026-03-26,P005,23,15.0,Lunch,True
2026-03-26,P019,15,45.0,Lunch,True
2026-03-26,P021,20,65.0,Lunch,True
2026-03-26,P001,33,15.0,Evening,True
2026-03-26,P002,22,20.0,Evening,True
2026-03-26,P003,13,35.0,Evening,True
2026-03-26,P004,17,25.0,Evening,True
2026-03-26,P005,25,15.0,Evening,True
2026-03-26,P006,40,20.0,Evening,True
2026-03-26,P011,18,20.0,Evening,True
2026-03-26,P019,27,45.0,Evening,True
2026-03-26,P020,11,60.0,Evening,True
2026-03-26,P021,16,65.0,Evening,True
2026-03-26,P007,15,25.0,Evening,True
2026-03-26,P018,15,60.0,Evening,True
2026-03-26,P017,17,70.0,Evening,True
2026-03-26,P014,10,50.0,Evening,True
2026-03-27,P001,58,15.0,Morning,True
2026-03-27,P002,29,20.0,Morning,True
2026-03-27,P007,33,25.0,Morning,True
2026-03-27,P008,21,50.0,Morning,True
2026-03-27,P009,23,40.0,Morning,True
2026-03-27,P010,21,60.0,Morning,True
2026-03-27,P011,13,20.0,Morning,True
2026-03-27,P005,24,15.0,Morning,True
2026-03-27,P006,17,20.0,Morning,True
2026-03-27,P004,10,25.0,Morning,True
2026-03-27,P012,38,80.0,Lunch,True
2026-03-27,P013,23,60.0,Lunch,True
2026-03-27,P014,19,50.0,Lunch,True
2026-03-27,P015,15,90.0,Lunch,True
2026-03-27,P016,24,75.0,Lunch,True
2026-03-27,P017,30,70.0,Lunch,True
2026-03-27,P018,20,60.0,Lunch,True
2026-03-27,P001,42,15.0,Lunch,True
2026-03-27,P002,20,20.0,Lunch,True
2026-03-27,P003,16,35.0,Lunch,True
2026-03-27,P004,32,25.0,Lunch,True
2026-03-27,P005,19,15.0,Lunch,True
2026-03-27,P019,10,45.0,Lunch,True
2026-03-27,P021,27,65.0,Lunch,True
2026-03-27,P001,59,15.0,Evening,True
2026-03-27,P002,19,20.0,Evening,True
2026-03-27,P004,28,25.0,Evening,True
2026-03-27,P005,43,15.0,Evening,True
2026-03-27,P006,38,20.0,Evening,True
2026-03-27,P011,39,20.0,Evening,True
2026-03-27,P019,33,45.0,Evening,True
2026-03-27,P020,30,60.0,Evening,True
2026-03-27,P021,29,65.0,Evening,True
2026-03-27,P022,15,25.0,Evening,True
2026-03-27,P007,8,25.0,Evening,True
2026-03-27,P018,18,60.0,Evening,True
2026-03-27,P017,8,70.0,Evening,True
2026-03-27,P014,9,50.0,Evening,True
2026-03-28,P001,7,15.0,Morning,False
2026-03-28,P002,7,20.0,Morning,False
2026-03-28,P007,7,25.0,Morning,False
2026-03-28,P008,9,50.0,Morning,False
2026-03-28,P009,4,40.0,Morning,False
2026-03-28,P010,6,60.0,Morning,False
2026-03-28,P011,3,20.0,Morning,False
2026-03-28,P005,10,15.0,Morning,False
2026-03-28,P006,5,20.0,Morning,False
2026-03-28,P004,6,25.0,Morning,False
2026-03-28,P012,11,80.0,Lunch,False
2026-03-28,P013,11,60.0,Lunch,False
2026-03-28,P014,9,50.0,Lunch,False
2026-03-28,P016,6,75.0,Lunch,False
2026-03-28,P017,6,70.0,Lunch,False
2026-03-28,P018,11,60.0,Lunch,False
2026-03-28,P001,12,15.0,Lunch,False
2026-03-28,P002,5,20.0,Lunch,False
2026-03-28,P003,8,35.0,Lunch,False
2026-03-28,P004,10,25.0,Lunch,False
2026-03-28,P005,6,15.0,Lunch,False
2026-03-28,P019,3,45.0,Lunch,False
2026-03-28,P021,5,65.0,Lunch,False
2026-03-28,P001,22,15.0,Evening,False
2026-03-28,P002,9,20.0,Evening,False
2026-03-28,P003,7,35.0,Evening,False
2026-03-28,P004,3,25.0,Evening,False
2026-03-28,P006,10,20.0,Evening,False
2026-03-28,P011,12,20.0,Evening,False
2026-03-28,P019,6,45.0,Evening,False
2026-03-28,P020,9,60.0,Evening,False
2026-03-28,P021,12,65.0,Evening,False
2026-03-28,P022,7,25.0,Evening,False
2026-03-28,P007,4,25.0,Evening,False
2026-03-28,P018,6,60.0,Evening,False
2026-03-28,P017,2,70.0,Evening,False
2026-03-28,P014,3,50.0,Evening,False
2026-03-29,P001,16,15.0,Morning,False
2026-03-29,P002,15,20.0,Morning,False
2026-03-29,P007,11,25.0,Morning,False
2026-03-29,P008,7,50.0,Morning,False
2026-03-29,P010,6,60.0,Morning,False
2026-03-29,P011,5,20.0,Morning,False
2026-03-29,P005,10,15.0,Morning,False
2026-03-29,P006,10,20.0,Morning,False
2026-03-29,P004,6,25.0,Morning,False
2026-03-29,P012,8,80.0,Lunch,False
2026-03-29,P013,16,60.0,Lunch,False
2026-03-29,P015,4,90.0,Lunch,False
2026-03-29,P016,12,75.0,Lunch,False
2026-03-29,P017,8,70.0,Lunch,False
2026-03-29,P018,5,60.0,Lunch,False
2026-03-29,P001,13,15.0,Lunch,False
2026-03-29,P002,5,20.0,Lunch,False
2026-03-29,P003,8,35.0,Lunch,False
2026-03-29,P004,6,25.0,Lunch,False
2026-03-29,P005,9,15.0,Lunch,False
2026-03-29,P019,3,45.0,Lunch,False
2026-03-29,P021,6,65.0,Lunch,False
2026-03-29,P001,21,15.0,Evening,False
2026-03-29,P002,15,20.0,Evening,False
2026-03-29,P003,5,35.0,Evening,False
2026-03-29,P004,9,25.0,Evening,False
2026-03-29,P005,18,15.0,Evening,False
2026-03-29,P006,9,20.0,Evening,False
2026-03-29,P019,10,45.0,Evening,False
2026-03-29,P020,10,60.0,Evening,False
2026-03-29,P021,7,65.0,Evening,False
2026-03-29,P022,6,25.0,Evening,False
2026-03-29,P007,4,25.0,Evening,False
2026-03-29,P018,7,60.0,Evening,False
2026-03-29,P017,7,70.0,Evening,False
2026-03-29,P014,7,50.0,Evening,False
2026-03-30,P001,32,15.0,Morning,True
2026-03-30,P002,17,20.0,Morning,True
2026-03-30,P007,19,25.0,Morning,True
2026-03-30,P008,27,50.0,Morning,True
2026-03-30,P009,26,40.0,Morning,True
2026-03-30,P010,24,60.0,Morning,True
2026-03-30,P011,31,20.0,Morning,True
2026-03-30,P005,25,15.0,Morning,True
2026-03-30,P006,21,20.0,Morning,True
2026-03-30,P012,34,80.0,Lunch,True
2026-03-30,P013,40,60.0,Lunch,True
2026-03-30,P014,22,50.0,Lunch,True
2026-03-30,P015,18,90.0,Lunch,True
2026-03-30,P016,16,75.0,Lunch,True
2026-03-30,P017,19,70.0,Lunch,True
2026-03-30,P018,30,60.0,Lunch,True
2026-03-30,P001,21,15.0,Lunch,True
2026-03-30,P002,11,20.0,Lunch,True
2026-03-30,P003,28,35.0,Lunch,True
2026-03-30,P004,30,25.0,Lunch,True
2026-03-30,P005,18,15.0,Lunch,True
2026-03-30,P019,14,45.0,Lunch,True
2026-03-30,P021,15,65.0,Lunch,True
2026-03-30,P001,69,15.0,Evening,True
2026-03-30,P002,21,20.0,Evening,True
2026-03-30,P003,21,35.0,Evening,True
2026-03-30,P005,42,15.0,Evening,True
2026-03-30,P006,42,20.0,Evening,True
2026-03-30,P011,31,20.0,Evening,True
2026-03-30,P019,34,45.0,Evening,True
2026-03-30,P020,30,60.0,Evening,True
2026-03-30,P021,33,65.0,Evening,True
2026-03-30,P022,28,25.0,Evening,True
2026-03-30,P007,11,25.0,Evening,True
2026-03-30,P018,12,60.0,Evening,True
2026-03-30,P017,16,70.0,Evening,True
2026-03-31,P001,59,15.0,Morning,True
2026-03-31,P002,31,20.0,Morning,True
2026-03-31,P007,34,25.0,Morning,True
2026-03-31,P008,15,50.0,Morning,True
2026-03-31,P009,27,40.0,Morning,True
2026-03-31,P010,23,60.0,Morning,True
2026-03-31,P011,19,20.0,Morning,True
2026-03-31,P005,26,15.0,Morning,True
2026-03-31,P006,15,20.0,Morning,True
2026-03-31,P004,15,25.0,Morning,True
2026-03-31,P012,39,80.0,Lunch,True
2026-03-31,P013,20,60.0,Lunch,True
2026-03-31,P014,31,50.0,Lunch,True
2026-03-31,P015,21,90.0,Lunch,True
2026-03-31,P016,24,75.0,Lunch,True
2026-03-31,P017,31,70.0,Lunch,True
2026-03-31,P018,29,60.0,Lunch,True
2026-03-31,P001,48,15.0,Lunch,True
2026-03-31,P002,12,20.0,Lunch,True
2026-03-31,P003,27,35.0,Lunch,True
2026-03-31,P004,27,25.0,Lunch,True
2026-03-31,P005,25,15.0,Lunch,True
2026-03-31,P019,16,45.0,Lunch,True
2026-03-31,P021,14,65.0,Lunch,True
2026-03-31,P001,57,15.0,Evening,True
2026-03-31,P002,34,20.0,Evening,True
2026-03-31,P003,15,35.0,Evening,True
2026-03-31,P004,18,25.0,Evening,True
2026-03-31,P005,52,15.0,Evening,True
2026-03-31,P006,48,20.0,Evening,True
2026-03-31,P011,24,20.0,Evening,True
2026-03-31,P019,34,45.0,Evening,True
2026-03-31,P020,32,60.0,Evening,True
2026-03-31,P021,27,65.0,Evening,True
2026-03-31,P022,31,25.0,Evening,True
2026-03-31,P007,15,25.0,Evening,True
2026-03-31,P018,14,60.0,Evening,True
2026-03-31,P017,9,70.0,Evening,True
2026-03-31,P014,13,50.0,Evening,True
2026-04-01,P001,33,15.0,Morning,True
2026-04-01,P007,17,25.0,Morning,True
2026-04-01,P008,12,50.0,Morning,True
2026-04-01,P009,27,40.0,Morning,True
2026-04-01,P010,20,60.0,Morning,True
2026-04-01,P011,15,20.0,Morning,True
2026-04-01,P005,31,15.0,Morning,True
2026-04-01,P006,26,20.0,Morning,True
2026-04-01,P004,18,25.0,Morning,True
2026-04-01,P012,36,80.0,Lunch,True
2026-04-01,P013,43,60.0,Lunch,True
2026-04-01,P014,32,50.0,Lunch,True
2026-04-01,P016,27,75.0,Lunch,True
2026-04-01,P017,19,70.0,Lunch,True
2026-04-01,P018,25,60.0,Lunch,True
2026-04-01,P001,34,15.0,Lunch,True
2026-04-01,P002,11,20.0,Lunch,True
2026-04-01,P003,21,35.0,Lunch,True
2026-04-01,P004,20,25.0,Lunch,True
2026-04-01,P005,14,15.0,Lunch,True
2026-04-01,P019,16,45.0,Lunch,True
2026-04-01,P021,15,65.0,Lunch,True
2026-04-01,P001,61,15.0,Evening,True
2026-04-01,P002,36,20.0,Evening,True
2026-04-01,P003,25,35.0,Evening,True
2026-04-01,P004,17,25.0,Evening,True
2026-04-01,P005,50,15.0,Evening,True
2026-04-01,P006,44,20.0,Evening,True
2026-04-01,P011,26,20.0,Evening,True
2026-04-01,P019,24,45.0,Evening,True
2026-04-01,P020,12,60.0,Evening,True
2026-04-01,P021,19,65.0,Evening,True
2026-04-01,P022,23,25.0,Evening,True
2026-04-01,P007,17,25.0,Evening,True
2026-04-01,P017,13,70.0,Evening,True
2026-04-01,P014,12,50.0,Evening,True
2026-04-02,P001,46,15.0,Morning,True
2026-04-02,P002,21,20.0,Morning,True
2026-04-02,P007,34,25.0,Morning,True
2026-04-02,P008,13,50.0,Morning,True
2026-04-02,P009,16,40.0,Morning,True
2026-04-02,P010,12,60.0,Morning,True
2026-04-02,P011,11,20.0,Morning,True
2026-04-02,P005,15,15.0,Morning,True
2026-04-02,P006,24,20.0,Morning,True
2026-04-02,P004,13,25.0,Morning,True
2026-04-02,P012,41,80.0,Lunch,True
2026-04-02,P013,17,60.0,Lunch,True
2026-04-02,P014,26,50.0,Lunch,True
2026-04-02,P015,21,90.0,Lunch,True
2026-04-02,P016,28,75.0,Lunch,True
2026-04-02,P017,36,70.0,Lunch,True
2026-04-02,P018,29,60.0,Lunch,True
2026-04-02,P001,43,15.0,Lunch,True
2026-04-02,P002,14,20.0,Lunch,True
2026-04-02,P003,22,35.0,Lunch,True
2026-04-02,P004,20,25.0,Lunch,True
2026-04-02,P005,11,15.0,Lunch,True
2026-04-02,P019,17,45.0,Lunch,True
2026-04-02,P021,19,65.0,Lunch,True
2026-04-02,P001,65,15.0,Evening,True
2026-04-02,P002,21,20.0,Evening,True
2026-04-02,P003,11,35.0,Evening,True
2026-04-02,P004,29,25.0,Evening,True
2026-04-02,P005,45,15.0,Evening,True
2026-04-02,P006,37,20.0,Evening,True
2026-04-02,P011,29,20.0,Evening,True
2026-04-02,P019,25,45.0,Evening,True
2026-04-02,P020,20,60.0,Evening,True
2026-04-02,P021,23,65.0,Evening,True
2026-04-02,P022,28,25.0,Evening,True
2026-04-02,P007,13,25.0,Evening,True
2026-04-02,P018,18,60.0,Evening,True
2026-04-02,P017,17,70.0,Evening,True
2026-04-02,P014,7,50.0,Evening,True
2026-04-03,P001,61,15.0,Morning,True
2026-04-03,P002,34,20.0,Morning,True
2026-04-03,P007,37,25.0,Morning,True
2026-04-03,P008,27,50.0,Morning,True
2026-04-03,P009,36,40.0,Morning,True
2026-04-03,P010,24,60.0,Morning,True
2026-04-03,P011,33,20.0,Morning,True
2026-04-03,P005,22,15.0,Morning,True
2026-04-03,P006,17,20.0,Morning,True
2026-04-03,P004,19,25.0,Morning,True
2026-04-03,P012,41,80.0,Lunch,True
2026-04-03,P013,33,60.0,Lunch,True
2026-04-03,P014,18,50.0,Lunch,True
2026-04-03,P015,26,90.0,Lunch,True
2026-04-03,P016,24,75.0,Lunch,True
2026-04-03,P017,25,70.0,Lunch,True
2026-04-03,P018,23,60.0,Lunch,True
2026-04-03,P001,25,15.0,Lunch,True
2026-04-03,P002,11,20.0,Lunch,True
2026-04-03,P003,22,35.0,Lunch,True
2026-04-03,P004,33,25.0,Lunch,True
2026-04-03,P005,24,15.0,Lunch,True
2026-04-03,P019,11,45.0,Lunch,True
2026-04-03,P021,21,65.0,Lunch,True
2026-04-03,P001,49,15.0,Evening,True
2026-04-03,P002,24,20.0,Evening,True
2026-04-03,P003,16,35.0,Evening,True
2026-04-03,P004,14,25.0,Evening,True
2026-04-03,P005,59,15.0,Evening,True
2026-04-03,P006,25,20.0,Evening,True
2026-04-03,P011,18,20.0,Evening,True
2026-04-03,P019,25,45.0,Evening,True
2026-04-03,P020,26,60.0,Evening,True
2026-04-03,P021,37,65.0,Evening,True
2026-04-03,P022,15,25.0,Evening,True
2026-04-03,P007,21,25.0,Evening,True
2026-04-03,P018,15,60.0,Evening,True
2026-04-03,P017,17,70.0,Evening,True
2026-04-03,P014,20,50.0,Evening,True
2026-04-04,P001,15,15.0,Morning,False
2026-04-04,P002,8,20.0,Morning,False
2026-04-04,P007,4,25.0,Morning,False
2026-04-04,P008,3,50.0,Morning,False
2026-04-04,P009,6,40.0,Morning,False
2026-04-04,P010,6,60.0,Morning,False
2026-04-04,P011,8,20.0,Morning,False
2026-04-04,P005,7,15.0,Morning,False
2026-04-04,P006,3,20.0,Morning,False
2026-04-04,P004,4,25.0,Morning,False
2026-04-04,P012,9,80.0,Lunch,False
2026-04-04,P013,4,60.0,Lunch,False
2026-04-04,P014,6,50.0,Lunch,False
2026-04-04,P015,3,90.0,Lunch,False
2026-04-04,P016,6,75.0,Lunch,False
2026-04-04,P017,5,70.0,Lunch,False
2026-04-04,P018,5,60.0,Lunch,False
2026-04-04,P001,10,15.0,Lunch,False
2026-04-04,P002,2,20.0,Lunch,False
2026-04-04,P003,7,35.0,Lunch,False
2026-04-04,P004,9,25.0,Lunch,False
2026-04-04,P005,2,15.0,Lunch,False
2026-04-04,P019,3,45.0,Lunch,False
2026-04-04,P021,6,65.0,Lunch,False
2026-04-04,P001,13,15.0,Evening,False
2026-04-04,P002,9,20.0,Evening,False
2026-04-04,P003,3,35.0,Evening,False
2026-04-04,P004,6,25.0,Evening,False
2026-04-04,P006,9,20.0,Evening,False
2026-04-04,P011,10,20.0,Evening,False
2026-04-04,P019,6,45.0,Evening,False
2026-04-04,P020,4,60.0,Evening,False
2026-04-04,P021,9,65.0,Evening,False
2026-04-04,P022,8,25.0,Evening,False
2026-04-04,P007,2,25.0,Evening,False
2026-04-04,P018,2,60.0,Evening,False
2026-04-04,P017,5,70.0,Evening,False
2026-04-04,P014,4,50.0,Evening,False
2026-04-05,P001,15,15.0,Morning,False
2026-04-05,P002,6,20.0,Morning,False
2026-04-05,P007,9,25.0,Morning,False
2026-04-05,P008,9,50.0,Morning,False
2026-04-05,P009,13,40.0,Morning,False
2026-04-05,P010,6,60.0,Morning,False
2026-04-05,P011,4,20.0,Morning,False
2026-04-05,P005,7,15.0,Morning,False
2026-04-05,P006,6,20.0,Morning,False
2026-04-05,P012,11,80.0,Lunch,False
2026-04-05,P013,8,60.0,Lunch,False
2026-04-05,P014,8,50.0,Lunch,False
2026-04-05,P015,6,90.0,Lunch,False
2026-04-05,P016,11,75.0,Lunch,False
2026-04-05,P017,11,70.0,Lunch,False
2026-04-05,P018,7,60.0,Lunch,False
2026-04-05,P001,17,15.0,Lunch,False
2026-04-05,P002,5,20.0,Lunch,False
2026-04-05,P003,7,35.0,Lunch,False
2026-04-05,P004,10,25.0,Lunch,False
2026-04-05,P005,6,15.0,Lunch,False
2026-04-05,P019,7,45.0,Lunch,False
2026-04-05,P021,4,65.0,Lunch,False
2026-04-05,P001,18,15.0,Evening,False
2026-04-05,P002,12,20.0,Evening,False
2026-04-05,P003,8,35.0,Evening,False
2026-04-05,P004,4,25.0,Evening,False
2026-04-05,P005,15,15.0,Evening,False
2026-04-05,P006,9,20.0,Evening,False
2026-04-05,P011,10,20.0,Evening,False
2026-04-05,P019,6,45.0,Evening,False
2026-04-05,P021,12,65.0,Evening,False
2026-04-05,P022,11,25.0,Evening,False
2026-04-05,P007,4,25.0,Evening,False
2026-04-05,P018,9,60.0,Evening,False
2026-04-05,P017,5,70.0,Evening,False
2026-04-05,P014,5,50.0,Evening,False
2026-04-06,P001,37,15.0,Morning,True
2026-04-06,P002,23,20.0,Morning,True
2026-04-06,P007,20,25.0,Morning,True
2026-04-06,P008,24,50.0,Morning,True
2026-04-06,P009,14,40.0,Morning,True
2026-04-06,P010,17,60.0,Morning,True
2026-04-06,P011,25,20.0,Morning,True
2026-04-06,P005,25,15.0,Morning,True
2026-04-06,P006,25,20.0,Morning,True
2026-04-06,P004,14,25.0,Morning,True
2026-04-06,P012,29,80.0,Lunch,True
2026-04-06,P013,29,60.0,Lunch,True
2026-04-06,P014,26,50.0,Lunch,True
2026-04-06,P015,19,90.0,Lunch,True
2026-04-06,P016,30,75.0,Lunch,True
2026-04-06,P017,25,70.0,Lunch,True
2026-04-06,P018,29,60.0,Lunch,True
2026-04-06,P001,38,15.0,Lunch,True
2026-04-06,P002,10,20.0,Lunch,True
2026-04-06,P004,26,25.0,Lunch,True
2026-04-06,P005,21,15.0,Lunch,True
2026-04-06,P019,11,45.0,Lunch,True
2026-04-06,P021,12,65.0,Lunch,True
2026-04-06,P001,45,15.0,Evening,True
2026-04-06,P002,29,20.0,Evening,True
2026-04-06,P003,23,35.0,Evening,True
2026-04-06,P004,21,25.0,Evening,True
2026-04-06,P005,51,15.0,Evening,True
2026-04-06,P006,22,20.0,Evening,True
2026-04-06,P011,18,20.0,Evening,True
2026-04-06,P019,22,45.0,Evening,True
2026-04-06,P020,24,60.0,Evening,True
2026-04-06,P021,22,65.0,Evening,True
2026-04-06,P022,19,25.0,Evening,True
2026-04-06,P007,13,25.0,Evening,True
2026-04-06,P018,14,60.0,Evening,True
2026-04-06,P017,14,70.0,Evening,True
2026-04-06,P014,7,50.0,Evening,True
2026-04-07,P001,53,15.0,Morning,True
2026-04-07,P002,19,20.0,Morning,True
2026-04-07,P007,20,25.0,Morning,True
2026-04-07,P008,20,50.0,Morning,True
2026-04-07,P009,29,40.0,Morning,True
2026-04-07,P010,25,60.0,Morning,True
2026-04-07,P011,23,20.0,Morning,True
2026-04-07,P005,32,15.0,Morning,True
2026-04-07,P006,27,20.0,Morning,True
2026-04-07,P004,19,25.0,Morning,True
2026-04-07,P012,27,80.0,Lunch,True
2026-04-07,P013,24,60.0,Lunch,True
2026-04-07,P014,20,50.0,Lunch,True
2026-04-07,P015,28,90.0,Lunch,True
2026-04-07,P016,32,75.0,Lunch,True
2026-04-07,P017,34,70.0,Lunch,True
2026-04-07,P018,15,60.0,Lunch,True
2026-04-07,P001,38,15.0,Lunch,True
2026-04-07,P002,12,20.0,Lunch,True
2026-04-07,P003,27,35.0,Lunch,True
2026-04-07,P004,25,25.0,Lunch,True
2026-04-07,P019,20,45.0,Lunch,True
2026-04-07,P021,23,65.0,Lunch,True
2026-04-07,P001,37,15.0,Evening,True
2026-04-07,P002,19,20.0,Evening,True
2026-04-07,P004,27,25.0,Evening,True
2026-04-07,P005,42,15.0,Evening,True
2026-04-07,P006,20,20.0,Evening,True
2026-04-07,P011,16,20.0,Evening,True
2026-04-07,P019,29,45.0,Evening,True
2026-04-07,P020,30,60.0,Evening,True
2026-04-07,P021,16,65.0,Evening,True
2026-04-07,P022,21,25.0,Evening,True
2026-04-07,P007,8,25.0,Evening,True
2026-04-07,P018,18,60.0,Evening,True
2026-04-07,P017,14,70.0,Evening,True
2026-04-07,P014,10,50.0,Evening,True
2026-04-08,P001,48,15.0,Morning,True
2026-04-08,P002,20,20.0,Morning,True
2026-04-08,P007,26,25.0,Morning,True
2026-04-08,P008,15,50.0,Morning,True
2026-04-08,P009,29,40.0,Morning,True
2026-04-08,P010,20,60.0,Morning,True
2026-04-08,P011,20,20.0,Morning,True
2026-04-08,P005,33,15.0,Morning,True
2026-04-08,P006,14,20.0,Morning,True
2026-04-08,P004,15,25.0,Morning,True
2026-04-08,P012,32,80.0,Lunch,True
2026-04-08,P013,32,60.0,Lunch,True
2026-04-08,P014,33,50.0,Lunch,True
2026-04-08,P015,24,90.0,Lunch,True
2026-04-08,P016,18,75.0,Lunch,True
2026-04-08,P017,28,70.0,Lunch,True
2026-04-08,P018,30,60.0,Lunch,True
2026-04-08,P001,32,15.0,Lunch,True
2026-04-08,P002,19,20.0,Lunch,True
2026-04-08,P003,15,35.0,Lunch,True
2026-04-08,P004,30,25.0,Lunch,True
2026-04-08,P005,17,15.0,Lunch,True
2026-04-08,P019,16,45.0,Lunch,True
2026-04-08,P021,26,65.0,Lunch,True
2026-04-08,P001,36,15.0,Evening,True
2026-04-08,P002,23,20.0,Evening,True
2026-04-08,P003,17,35.0,Evening,True
2026-04-08,P004,12,25.0,Evening,True
2026-04-08,P005,25,15.0,Evening,True
2026-04-08,P006,34,20.0,Evening,True
2026-04-08,P011,17,20.0,Evening,True
2026-04-08,P019,32,45.0,Evening,True
2026-04-08,P020,22,60.0,Evening,True
2026-04-08,P021,16,65.0,Evening,True
2026-04-08,P022,11,25.0,Evening,True
2026-04-08,P007,17,25.0,Evening,True
2026-04-08,P018,21,60.0,Evening,True
2026-04-08,P017,13,70.0,Evening,True
2026-04-08,P014,11,50.0,Evening,True
2026-04-09,P001,64,15.0,Morning,True
2026-04-09,P002,40,20.0,Morning,True
2026-04-09,P007,35,25.0,Morning,True
2026-04-09,P008,23,50.0,Morning,True
2026-04-09,P009,21,40.0,Morning,True
2026-04-09,P010,13,60.0,Morning,True
2026-04-09,P011,32,20.0,Morning,True
2026-04-09,P005,37,15.0,Morning,True
2026-04-09,P006,30,20.0,Morning,True
2026-04-09,P012,22,80.0,Lunch,True
2026-04-09,P013,35,60.0,Lunch,True
2026-04-09,P014,28,50.0,Lunch,True
2026-04-09,P015,32,90.0,Lunch,True
2026-04-09,P016,24,75.0,Lunch,True
2026-04-09,P017,36,70.0,Lunch,True
2026-04-09,P018,37,60.0,Lunch,True
2026-04-09,P001,43,15.0,Lunch,True
2026-04-09,P002,20,20.0,Lunch,True
2026-04-09,P003,17,35.0,Lunch,True
2026-04-09,P005,11,15.0,Lunch,True
2026-04-09,P019,14,45.0,Lunch,True
2026-04-09,P021,19,65.0,Lunch,True
2026-04-09,P001,42,15.0,Evening,True
2026-04-09,P002,29,20.0,Evening,True
2026-04-09,P003,17,35.0,Evening,True
2026-04-09,P004,27,25.0,Evening,True
2026-04-09,P005,54,15.0,Evening,True
2026-04-09,P011,20,20.0,Evening,True
2026-04-09,P019,30,45.0,Evening,True
2026-04-09,P020,28,60.0,Evening,True
2026-04-09,P022,20,25.0,Evening,True
2026-04-09,P007,17,25.0,Evening,True
2026-04-09,P018,23,60.0,Evening,True
2026-04-09,P017,8,70.0,Evening,True
2026-04-09,P014,19,50.0,Evening,True
2026-04-10,P001,57,15.0,Morning,True
2026-04-10,P002,35,20.0,Morning,True
2026-04-10,P007,25,25.0,Morning,True
2026-04-10,P008,24,50.0,Morning,True
2026-04-10,P009,34,40.0,Morning,True
2026-04-10,P010,25,60.0,Morning,True
2026-04-10,P011,13,20.0,Morning,True
2026-04-10,P005,29,15.0,Morning,True
2026-04-10,P006,29,20.0,Morning,True
2026-04-10,P004,18,25.0,Morning,True
2026-04-10,P012,51,80.0,Lunch,True
2026-04-10,P013,38,60.0,Lunch,True
2026-04-10,P014,27,50.0,Lunch,True
2026-04-10,P015,25,90.0,Lunch,True
2026-04-10,P017,23,70.0,Lunch,True
2026-04-10,P018,30,60.0,Lunch,True
2026-04-10,P001,28,15.0,Lunch,True
2026-04-10,P002,20,20.0,Lunch,True
2026-04-10,P003,26,35.0,Lunch,True
2026-04-10,P004,25,25.0,Lunch,True
2026-04-10,P005,22,15.0,Lunch,True
2026-04-10,P019,23,45.0,Lunch,True
2026-04-10,P021,23,65.0,Lunch,True
2026-04-10,P001,42,15.0,Evening,True
2026-04-10,P002,25,20.0,Evening,True
2026-04-10,P003,12,35.0,Evening,True
2026-04-10,P004,16,25.0,Evening,True
2026-04-10,P005,36,15.0,Evening,True
2026-04-10,P006,27,20.0,Evening,True
2026-04-10,P011,31,20.0,Evening,True
2026-04-10,P019,22,45.0,Evening,True
2026-04-10,P020,12,60.0,Evening,True
2026-04-10,P021,24,65.0,Evening,True
2026-04-10,P022,17,25.0,Evening,True
2026-04-10,P007,21,25.0,Evening,True
2026-04-10,P018,11,60.0,Evening,True
2026-04-10,P017,13,70.0,Evening,True
2026-04-10,P014,15,50.0,Evening,True
2026-04-11,P001,14,15.0,Morning,False
2026-04-11,P002,9,20.0,Morning,False
2026-04-11,P007,4,25.0,Morning,False
2026-04-11,P008,7,50.0,Morning,False
2026-04-11,P009,5,40.0,Morning,False
2026-04-11,P010,6,60.0,Morning,False
2026-04-11,P011,3,20.0,Morning,False
2026-04-11,P005,7,15.0,Morning,False
2026-04-11,P006,3,20.0,Morning,False
2026-04-11,P004,2,25.0,Morning,False
2026-04-11,P012,5,80.0,Lunch,False
2026-04-11,P013,7,60.0,Lunch,False
2026-04-11,P014,5,50.0,Lunch,False
2026-04-11,P015,4,90.0,Lunch,False
2026-04-11,P016,8,75.0,Lunch,False
2026-04-11,P017,8,70.0,Lunch,False
2026-04-11,P018,4,60.0,Lunch,False
2026-04-11,P001,10,15.0,Lunch,False
2026-04-11,P002,3,20.0,Lunch,False
2026-04-11,P003,4,35.0,Lunch,False
2026-04-11,P004,7,25.0,Lunch,False
2026-04-11,P005,2,15.0,Lunch,False
2026-04-11,P019,5,45.0,Lunch,False
2026-04-11,P021,7,65.0,Lunch,False
2026-04-11,P001,12,15.0,Evening,False
2026-04-11,P002,10,20.0,Evening,False
2026-04-11,P003,7,35.0,Evening,False
2026-04-11,P004,7,25.0,Evening,False
2026-04-11,P005,10,15.0,Evening,False
2026-04-11,P006,11,20.0,Evening,False
2026-04-11,P011,10,20.0,Evening,False
2026-04-11,P019,8,45.0,Evening,False
2026-04-11,P020,5,60.0,Evening,False
2026-04-11,P021,7,65.0,Evening,False
2026-04-11,P022,3,25.0,Evening,False
2026-04-11,P007,2,25.0,Evening,False
2026-04-11,P018,4,60.0,Evening,False
2026-04-11,P017,3,70.0,Evening,False
2026-04-11,P014,4,50.0,Evening,False
2026-04-12,P001,19,15.0,Morning,False
2026-04-12,P002,14,20.0,Morning,False
2026-04-12,P007,9,25.0,Morning,False
2026-04-12,P008,9,50.0,Morning,False
2026-04-12,P009,9,40.0,Morning,False
2026-04-12,P010,5,60.0,Morning,False
2026-04-12,P011,4,20.0,Morning,False
2026-04-12,P005,7,15.0,Morning,False
2026-04-12,P006,7,20.0,Morning,False
2026-04-12,P004,6,25.0,Morning,False
2026-04-12,P012,16,80.0,Lunch,False
2026-04-12,P013,11,60.0,Lunch,False
2026-04-12,P014,11,50.0,Lunch,False
2026-04-12,P015,6,90.0,Lunch,False
2026-04-12,P016,9,75.0,Lunch,False
2026-04-12,P017,7,70.0,Lunch,False
2026-04-12,P018,9,60.0,Lunch,False
2026-04-12,P001,15,15.0,Lunch,False
2026-04-12,P002,7,20.0,Lunch,False
2026-04-12,P003,9,35.0,Lunch,False
2026-04-12,P004,5,25.0,Lunch,False
2026-04-12,P005,7,15.0,Lunch,False
2026-04-12,P019,4,45.0,Lunch,False
2026-04-12,P021,6,65.0,Lunch,False
2026-04-12,P001,13,15.0,Evening,False
2026-04-12,P002,10,20.0,Evening,False
2026-04-12,P003,7,35.0,Evening,False
2026-04-12,P004,4,25.0,Evening,False
2026-04-12,P005,10,15.0,Evening,False
2026-04-12,P006,16,20.0,Evening,False
2026-04-12,P011,12,20.0,Evening,False
2026-04-12,P019,8,45.0,Evening,False
2026-04-12,P020,8,60.0,Evening,False
2026-04-12,P021,13,65.0,Evening,False
2026-04-12,P022,7,25.0,Evening,False
2026-04-12,P007,4,25.0,Evening,False
2026-04-12,P018,8,60.0,Evening,False
2026-04-12,P017,3,70.0,Evening,False
2026-04-12,P014,6,50.0,Evening,False
2026-04-13,P001,60,15.0,Morning,True
2026-04-13,P002,42,20.0,Morning,True
2026-04-13,P007,30,25.0,Morning,True
2026-04-13,P008,26,50.0,Morning,True
2026-04-13,P009,18,40.0,Morning,True
2026-04-13,P010,23,60.0,Morning,True
2026-04-13,P011,28,20.0,Morning,True
2026-04-13,P005,18,15.0,Morning,True
2026-04-13,P006,29,20.0,Morning,True
2026-04-13,P004,16,25.0,Morning,True
2026-04-13,P012,46,80.0,Lunch,True
2026-04-13,P013,37,60.0,Lunch,True
2026-04-13,P014,29,50.0,Lunch,True
2026-04-13,P015,28,90.0,Lunch,True
2026-04-13,P016,28,75.0,Lunch,True
2026-04-13,P017,21,70.0,Lunch,True
2026-04-13,P018,31,60.0,Lunch,True
2026-04-13,P001,25,15.0,Lunch,True
2026-04-13,P002,26,20.0,Lunch,True
2026-04-13,P003,16,35.0,Lunch,True
2026-04-13,P004,30,25.0,Lunch,True
2026-04-13,P005,15,15.0,Lunch,True
2026-04-13,P019,15,45.0,Lunch,True
2026-04-13,P021,16,65.0,Lunch,True
2026-04-13,P001,58,15.0,Evening,True
2026-04-13,P002,27,20.0,Evening,True
2026-04-13,P003,11,35.0,Evening,True
2026-04-13,P004,16,25.0,Evening,True
2026-04-13,P005,50,15.0,Evening,True
2026-04-13,P006,52,20.0,Evening,True
2026-04-13,P019,34,45.0,Evening,True
2026-04-13,P020,22,60.0,Evening,True
2026-04-13,P021,22,65.0,Evening,True
2026-04-13,P022,28,25.0,Evening,True
2026-04-13,P018,12,60.0,Evening,True
2026-04-13,P017,14,70.0,Evening,True
2026-04-13,P014,10,50.0,Evening,True
2026-04-14,P001,50,15.0,Morning,True
2026-04-14,P002,38,20.0,Morning,True
2026-04-14,P007,19,25.0,Morning,True
2026-04-14,P008,28,50.0,Morning,True
2026-04-14,P009,29,40.0,Morning,True
2026-04-14,P010,14,60.0,Morning,True
2026-04-14,P011,22,20.0,Morning,True
2026-04-14,P005,34,15.0,Morning,True
2026-04-14,P006,25,20.0,Morning,True
2026-04-14,P004,14,25.0,Morning,True
2026-04-14,P012,22,80.0,Lunch,True
2026-04-14,P013,46,60.0,Lunch,True
2026-04-14,P014,23,50.0,Lunch,True
2026-04-14,P015,17,90.0,Lunch,True
2026-04-14,P016,32,75.0,Lunch,True
2026-04-14,P017,38,70.0,Lunch,True
2026-04-14,P018,35,60.0,Lunch,True
2026-04-14,P001,37,15.0,Lunch,True
2026-04-14,P002,11,20.0,Lunch,True
2026-04-14,P003,28,35.0,Lunch,True
2026-04-14,P004,30,25.0,Lunch,True
2026-04-14,P005,10,15.0,Lunch,True
2026-04-14,P019,18,45.0,Lunch,True
2026-04-14,P021,12,65.0,Lunch,True
2026-04-14,P001,44,15.0,Evening,True
2026-04-14,P002,37,20.0,Evening,True
2026-04-14,P003,24,35.0,Evening,True
2026-04-14,P004,29,25.0,Evening,True
2026-04-14,P005,51,15.0,Evening,True
2026-04-14,P006,51,20.0,Evening,True
2026-04-14,P011,15,20.0,Evening,True
2026-04-14,P019,20,45.0,Evening,True
2026-04-14,P020,28,60.0,Evening,True
2026-04-14,P021,23,65.0,Evening,True
2026-04-14,P022,15,25.0,Evening,True
2026-04-14,P007,12,25.0,Evening,True
2026-04-14,P018,14,60.0,Evening,True
2026-04-14,P017,10,70.0,Evening,True
2026-04-14,P014,12,50.0,Evening,True
2026-04-15,P001,46,15.0,Morning,True
2026-04-15,P002,38,20.0,Morning,True
2026-04-15,P007,28,25.0,Morning,True
2026-04-15,P008,16,50.0,Morning,True
2026-04-15,P009,26,40.0,Morning,True
2026-04-15,P010,13,60.0,Morning,True
2026-04-15,P011,19,20.0,Morning,True
2026-04-15,P005,34,15.0,Morning,True
2026-04-15,P006,28,20.0,Morning,True
2026-04-15,P004,14,25.0,Morning,True
2026-04-15,P012,38,80.0,Lunch,True
2026-04-15,P013,33,60.0,Lunch,True
2026-04-15,P014,18,50.0,Lunch,True
2026-04-15,P015,25,90.0,Lunch,True
2026-04-15,P016,14,75.0,Lunch,True
2026-04-15,P017,35,70.0,Lunch,True
2026-04-15,P018,23,60.0,Lunch,True
2026-04-15,P001,41,15.0,Lunch,True
2026-04-15,P002,19,20.0,Lunch,True
2026-04-15,P003,26,35.0,Lunch,True
2026-04-15,P004,36,25.0,Lunch,True
2026-04-15,P005,14,15.0,Lunch,True
2026-04-15,P019,12,45.0,Lunch,True
2026-04-15,P021,29,65.0,Lunch,True
2026-04-15,P001,67,15.0,Evening,True
2026-04-15,P002,16,20.0,Evening,True
2026-04-15,P003,19,35.0,Evening,True
2026-04-15,P004,17,25.0,Evening,True
2026-04-15,P006,51,20.0,Evening,True
2026-04-15,P011,24,20.0,Evening,True
2026-04-15,P019,28,45.0,Evening,True
2026-04-15,P020,32,60.0,Evening,True
2026-04-15,P021,32,65.0,Evening,True
2026-04-15,P022,17,25.0,Evening,True
2026-04-15,P007,17,25.0,Evening,True
2026-04-15,P018,12,60.0,Evening,True
2026-04-15,P017,9,70.0,Evening,True
2026-04-15,P014,17,50.0,Evening,True
2026-04-16,P001,52,15.0,Morning,True
2026-04-16,P002,31,20.0,Morning,True
2026-04-16,P007,25,25.0,Morning,True
2026-04-16,P008,22,50.0,Morning,True
2026-04-16,P009,29,40.0,Morning,True
2026-04-16,P010,20,60.0,Morning,True
2026-04-16,P011,26,20.0,Morning,True
2026-04-16,P005,25,15.0,Morning,True
2026-04-16,P004,18,25.0,Morning,True
2026-04-16,P012,50,80.0,Lunch,True
2026-04-16,P015,29,90.0,Lunch,True
2026-04-16,P016,29,75.0,Lunch,True
2026-04-16,P017,33,70.0,Lunch,True
2026-04-16,P018,35,60.0,Lunch,True
2026-04-16,P001,37,15.0,Lunch,True
2026-04-16,P002,24,20.0,Lunch,True
2026-04-16,P003,23,35.0,Lunch,True
2026-04-16,P004,27,25.0,Lunch,True
2026-04-16,P005,21,15.0,Lunch,True
2026-04-16,P019,22,45.0,Lunch,True
2026-04-16,P021,12,65.0,Lunch,True
2026-04-16,P001,54,15.0,Evening,True
2026-04-16,P002,29,20.0,Evening,True
2026-04-16,P004,20,25.0,Evening,True
2026-04-16,P005,47,15.0,Evening,True
2026-04-16,P006,39,20.0,Evening,True
2026-04-16,P011,22,20.0,Evening,True
2026-04-16,P019,30,45.0,Evening,True
2026-04-16,P020,13,60.0,Evening,True
2026-04-16,P021,37,65.0,Evening,True
2026-04-16,P022,18,25.0,Evening,True
2026-04-16,P018,20,60.0,Evening,True
2026-04-16,P017,12,70.0,Evening,True
2026-04-16,P014,13,50.0,Evening,True
2026-04-17,P001,34,15.0,Morning,True
2026-04-17,P002,18,20.0,Morning,True
2026-04-17,P007,18,25.0,Morning,True
2026-04-17,P008,18,50.0,Morning,True
2026-04-17,P009,22,40.0,Morning,True
2026-04-17,P010,19,60.0,Morning,True
2026-04-17,P005,31,15.0,Morning,True
2026-04-17,P006,28,20.0,Morning,True
2026-04-17,P004,7,25.0,Morning,True
2026-04-17,P012,38,80.0,Lunch,True
2026-04-17,P013,36,60.0,Lunch,True
2026-04-17,P014,24,50.0,Lunch,True
2026-04-17,P015,24,90.0,Lunch,True
2026-04-17,P016,29,75.0,Lunch,True
2026-04-17,P017,26,70.0,Lunch,True
2026-04-17,P018,15,60.0,Lunch,True
2026-04-17,P001,25,15.0,Lunch,True
2026-04-17,P002,23,20.0,Lunch,True
2026-04-17,P003,25,35.0,Lunch,True
2026-04-17,P004,26,25.0,Lunch,True
2026-04-17,P005,10,15.0,Lunch,True
2026-04-17,P019,9,45.0,Lunch,True
2026-04-17,P021,18,65.0,Lunch,True
2026-04-17,P001,55,15.0,Evening,True
2026-04-17,P002,21,20.0,Evening,True
2026-04-17,P003,14,35.0,Evening,True
2026-04-17,P004,14,25.0,Evening,True
2026-04-17,P006,18,20.0,Evening,True
2026-04-17,P011,34,20.0,Evening,True
2026-04-17,P019,22,45.0,Evening,True
2026-04-17,P020,26,60.0,Evening,True
2026-04-17,P021,24,65.0,Evening,True
2026-04-17,P022,21,25.0,Evening,True
2026-04-17,P007,10,25.0,Evening,True
2026-04-17,P018,21,60.0,Evening,True
2026-04-17,P017,14,70.0,Evening,True
2026-04-17,P014,15,50.0,Evening,True
2026-04-18,P001,7,15.0,Morning,False
2026-04-18,P002,10,20.0,Morning,False
2026-04-18,P007,5,25.0,Morning,False
2026-04-18,P008,3,50.0,Morning,False
2026-04-18,P009,11,40.0,Morning,False
2026-04-18,P010,7,60.0,Morning,False
2026-04-18,P011,3,20.0,Morning,False
2026-04-18,P005,4,15.0,Morning,False
2026-04-18,P006,5,20.0,Morning,False
2026-04-18,P004,5,25.0,Morning,False
2026-04-18,P012,12,80.0,Lunch,False
2026-04-18,P013,14,60.0,Lunch,False
2026-04-18,P014,4,50.0,Lunch,False
2026-04-18,P015,6,90.0,Lunch,False
2026-04-18,P016,8,75.0,Lunch,False
2026-04-18,P017,10,70.0,Lunch,False
2026-04-18,P018,4,60.0,Lunch,False
2026-04-18,P001,11,15.0,Lunch,False
2026-04-18,P002,3,20.0,Lunch,False
2026-04-18,P003,7,35.0,Lunch,False
2026-04-18,P004,7,25.0,Lunch,False
2026-04-18,P005,4,15.0,Lunch,False
2026-04-18,P019,5,45.0,Lunch,False
2026-04-18,P021,6,65.0,Lunch,False
2026-04-18,P001,16,15.0,Evening,False
2026-04-18,P002,6,20.0,Evening,False
2026-04-18,P003,3,35.0,Evening,False
2026-04-18,P004,7,25.0,Evening,False
2026-04-18,P005,17,15.0,Evening,False
2026-04-18,P006,10,20.0,Evening,False
2026-04-18,P011,12,20.0,Evening,False
2026-04-18,P019,6,45.0,Evening,False
2026-04-18,P020,7,60.0,Evening,False
2026-04-18,P021,9,65.0,Evening,False
2026-04-18,P022,5,25.0,Evening,False
2026-04-18,P007,6,25.0,Evening,False
2026-04-18,P018,7,60.0,Evening,False
2026-04-18,P017,5,70.0,Evening,False
2026-04-18,P014,2,50.0,Evening,False
2026-04-19,P001,9,15.0,Morning,False
2026-04-19,P002,12,20.0,Morning,False
2026-04-19,P007,12,25.0,Morning,False
2026-04-19,P008,6,50.0,Morning,False
2026-04-19,P009,10,40.0,Morning,False
2026-04-19,P010,6,60.0,Morning,False
2026-04-19,P011,4,20.0,Morning,False
2026-04-19,P005,5,15.0,Morning,False
2026-04-19,P006,4,20.0,Morning,False
2026-04-19,P004,3,25.0,Morning,False
2026-04-19,P012,9,80.0,Lunch,False
2026-04-19,P013,11,60.0,Lunch,False
2026-04-19,P014,11,50.0,Lunch,False
2026-04-19,P015,5,90.0,Lunch,False
2026-04-19,P016,4,75.0,Lunch,False
2026-04-19,P017,6,70.0,Lunch,False
2026-04-19,P018,6,60.0,Lunch,False
2026-04-19,P001,13,15.0,Lunch,False
2026-04-19,P002,7,20.0,Lunch,False
2026-04-19,P003,6,35.0,Lunch,False
2026-04-19,P004,5,25.0,Lunch,False
2026-04-19,P005,5,15.0,Lunch,False
2026-04-19,P019,5,45.0,Lunch,False
2026-04-19,P021,6,65.0,Lunch,False
2026-04-19,P001,13,15.0,Evening,False
2026-04-19,P002,5,20.0,Evening,False
2026-04-19,P003,5,35.0,Evening,False
2026-04-19,P004,4,25.0,Evening,False
2026-04-19,P005,10,15.0,Evening,False
2026-04-19,P006,7,20.0,Evening,False
2026-04-19,P011,8,20.0,Evening,False
2026-04-19,P019,8,45.0,Evening,False
2026-04-19,P020,6,60.0,Evening,False
2026-04-19,P021,13,65.0,Evening,False
2026-04-19,P022,10,25.0,Evening,False
2026-04-19,P007,2,25.0,Evening,False
2026-04-19,P018,4,60.0,Evening,False
2026-04-19,P017,3,70.0,Evening,False
2026-04-19,P014,4,50.0,Evening,False
2026-04-20,P001,39,15.0,Morning,True
2026-04-20,P002,38,20.0,Morning,True
2026-04-20,P007,20,25.0,Morning,True
2026-04-20,P008,20,50.0,Morning,True
2026-04-20,P009,24,40.0,Morning,True
2026-04-20,P010,17,60.0,Morning,True
2026-04-20,P011,27,20.0,Morning,True
2026-04-20,P005,29,15.0,Morning,True
2026-04-20,P006,13,20.0,Morning,True
2026-04-20,P004,19,25.0,Morning,True
2026-04-20,P012,21,80.0,Lunch,True
2026-04-20,P013,29,60.0,Lunch,True
2026-04-20,P014,34,50.0,Lunch,True
2026-04-20,P015,22,90.0,Lunch,True
2026-04-20,P016,27,75.0,Lunch,True
2026-04-20,P017,37,70.0,Lunch,True
2026-04-20,P018,29,60.0,Lunch,True
2026-04-20,P001,34,15.0,Lunch,True
2026-04-20,P002,21,20.0,Lunch,True
2026-04-20,P003,29,35.0,Lunch,True
2026-04-20,P004,20,25.0,Lunch,True
2026-04-20,P005,15,15.0,Lunch,True
2026-04-20,P019,12,45.0,Lunch,True
2026-04-20,P021,20,65.0,Lunch,True
2026-04-20,P001,53,15.0,Evening,True
2026-04-20,P002,25,20.0,Evening,True
2026-04-20,P003,11,35.0,Evening,True
2026-04-20,P004,13,25.0,Evening,True
2026-04-20,P005,57,15.0,Evening,True
2026-04-20,P006,37,20.0,Evening,True
2026-04-20,P011,30,20.0,Evening,True
2026-04-20,P019,27,45.0,Evening,True
2026-04-20,P020,24,60.0,Evening,True
2026-04-20,P021,29,65.0,Evening,True
2026-04-20,P022,23,25.0,Evening,True
2026-04-20,P018,13,60.0,Evening,True
2026-04-20,P017,12,70.0,Evening,True
2026-04-20,P014,9,50.0,Evening,True
2026-04-21,P001,32,15.0,Morning,True
2026-04-21,P002,23,20.0,Morning,True
2026-04-21,P007,18,25.0,Morning,True
2026-04-21,P008,30,50.0,Morning,True
2026-04-21,P009,22,40.0,Morning,True
2026-04-21,P010,19,60.0,Morning,True
2026-04-21,P011,21,20.0,Morning,True
2026-04-21,P005,35,15.0,Morning,True
2026-04-21,P006,30,20.0,Morning,True
2026-04-21,P004,8,25.0,Morning,True
2026-04-21,P012,40,80.0,Lunch,True
2026-04-21,P013,44,60.0,Lunch,True
2026-04-21,P014,28,50.0,Lunch,True
2026-04-21,P015,33,90.0,Lunch,True
2026-04-21,P017,41,70.0,Lunch,True
2026-04-21,P018,28,60.0,Lunch,True
2026-04-21,P001,45,15.0,Lunch,True
2026-04-21,P002,26,20.0,Lunch,True
2026-04-21,P003,31,35.0,Lunch,True
2026-04-21,P004,30,25.0,Lunch,True
2026-04-21,P005,25,15.0,Lunch,True
2026-04-21,P019,12,45.0,Lunch,True
2026-04-21,P021,19,65.0,Lunch,True
2026-04-21,P001,77,15.0,Evening,True
2026-04-21,P002,30,20.0,Evening,True
2026-04-21,P003,11,35.0,Evening,True
2026-04-21,P004,31,25.0,Evening,True
2026-04-21,P005,46,15.0,Evening,True
2026-04-21,P006,22,20.0,Evening,True
2026-04-21,P011,37,20.0,Evening,True
2026-04-21,P019,26,45.0,Evening,True
2026-04-21,P020,26,60.0,Evening,True
2026-04-21,P021,28,65.0,Evening,True
2026-04-21,P022,35,25.0,Evening,True
2026-04-21,P007,13,25.0,Evening,True
2026-04-21,P018,12,60.0,Evening,True
2026-04-21,P017,10,70.0,Evening,True
2026-04-21,P014,11,50.0,Evening,True
2026-04-22,P001,62,15.0,Morning,True
2026-04-22,P002,27,20.0,Morning,True
2026-04-22,P007,27,25.0,Morning,True
2026-04-22,P008,24,50.0,Morning,True
2026-04-22,P009,18,40.0,Morning,True
2026-04-22,P010,24,60.0,Morning,True
2026-04-22,P011,21,20.0,Morning,True
2026-04-22,P005,18,15.0,Morning,True
2026-04-22,P006,17,20.0,Morning,True
2026-04-22,P004,19,25.0,Morning,True
2026-04-22,P012,21,80.0,Lunch,True
2026-04-22,P013,20,60.0,Lunch,True
2026-04-22,P014,27,50.0,Lunch,True
2026-04-22,P015,19,90.0,Lunch,True
2026-04-22,P016,30,75.0,Lunch,True
2026-04-22,P017,17,70.0,Lunch,True
2026-04-22,P018,15,60.0,Lunch,True
2026-04-22,P001,33,15.0,Lunch,True
2026-04-22,P002,13,20.0,Lunch,True
2026-04-22,P003,25,35.0,Lunch,True
2026-04-22,P004,17,25.0,Lunch,True
2026-04-22,P005,16,15.0,Lunch,True
2026-04-22,P019,13,45.0,Lunch,True
2026-04-22,P021,27,65.0,Lunch,True
2026-04-22,P001,67,15.0,Evening,True
2026-04-22,P002,33,20.0,Evening,True
2026-04-22,P003,24,35.0,Evening,True
2026-04-22,P004,12,25.0,Evening,True
2026-04-22,P005,54,15.0,Evening,True
2026-04-22,P006,45,20.0,Evening,True
2026-04-22,P011,22,20.0,Evening,True
2026-04-22,P019,33,45.0,Evening,True
2026-04-22,P020,26,60.0,Evening,True
2026-04-22,P021,16,65.0,Evening,True
2026-04-22,P022,21,25.0,Evening,True
2026-04-22,P007,15,25.0,Evening,True
2026-04-22,P018,19,60.0,Evening,True
2026-04-22,P017,20,70.0,Evening,True
2026-04-22,P014,12,50.0,Evening,True
2026-04-23,P001,51,15.0,Morning,True
2026-04-23,P002,35,20.0,Morning,True
2026-04-23,P007,32,25.0,Morning,True
2026-04-23,P008,12,50.0,Morning,True
2026-04-23,P009,19,40.0,Morning,True
2026-04-23,P010,18,60.0,Morning,True
2026-04-23,P011,13,20.0,Morning,True
2026-04-23,P005,20,15.0,Morning,True
2026-04-23,P006,24,20.0,Morning,True
2026-04-23,P004,15,25.0,Morning,True
2026-04-23,P012,30,80.0,Lunch,True
2026-04-23,P013,20,60.0,Lunch,True
2026-04-23,P014,24,50.0,Lunch,True
2026-04-23,P015,16,90.0,Lunch,True
2026-04-23,P016,29,75.0,Lunch,True
2026-04-23,P017,15,70.0,Lunch,True
2026-04-23,P018,28,60.0,Lunch,True
2026-04-23,P001,42,15.0,Lunch,True
2026-04-23,P002,15,20.0,Lunch,True
2026-04-23,P003,11,35.0,Lunch,True
2026-04-23,P004,18,25.0,Lunch,True
2026-04-23,P005,23,15.0,Lunch,True
2026-04-23,P019,10,45.0,Lunch,True
2026-04-23,P021,18,65.0,Lunch,True
2026-04-23,P001,56,15.0,Evening,True
2026-04-23,P002,22,20.0,Evening,True
2026-04-23,P003,14,35.0,Evening,True
2026-04-23,P004,14,25.0,Evening,True
2026-04-23,P005,31,15.0,Evening,True
2026-04-23,P006,31,20.0,Evening,True
2026-04-23,P011,35,20.0,Evening,True
2026-04-23,P019,22,45.0,Evening,True
2026-04-23,P020,22,60.0,Evening,True
2026-04-23,P021,36,65.0,Evening,True
2026-04-23,P022,28,25.0,Evening,True
2026-04-23,P007,18,25.0,Evening,True
2026-04-23,P018,19,60.0,Evening,True
2026-04-23,P017,17,70.0,Evening,True
2026-04-23,P014,15,50.0,Evening,True
2026-04-24,P001,47,15.0,Morning,True
2026-04-24,P002,35,20.0,Morning,True
2026-04-24,P008,19,50.0,Morning,True
2026-04-24,P009,27,40.0,Morning,True
2026-04-24,P010,17,60.0,Morning,True
2026-04-24,P011,26,20.0,Morning,True
2026-04-24,P004,18,25.0,Morning,True
2026-04-24,P012,36,80.0,Lunch,True
2026-04-24,P013,23,60.0,Lunch,True
2026-04-24,P014,37,50.0,Lunch,True
2026-04-24,P015,18,90.0,Lunch,True
2026-04-24,P016,31,75.0,Lunch,True
2026-04-24,P017,27,70.0,Lunch,True
2026-04-24,P018,36,60.0,Lunch,True
2026-04-24,P001,28,15.0,Lunch,True
2026-04-24,P002,23,20.0,Lunch,True
2026-04-24,P003,16,35.0,Lunch,True
2026-04-24,P004,19,25.0,Lunch,True
2026-04-24,P005,16,15.0,Lunch,True
2026-04-24,P021,13,65.0,Lunch,True
2026-04-24,P001,62,15.0,Evening,True
2026-04-24,P002,37,20.0,Evening,True
2026-04-24,P003,22,35.0,Evening,True
2026-04-24,P004,19,25.0,Evening,True
2026-04-24,P005,66,15.0,Evening,True
2026-04-24,P006,28,20.0,Evening,True
2026-04-24,P011,41,20.0,Evening,True
2026-04-24,P019,34,45.0,Evening,True
2026-04-24,P020,16,60.0,Evening,True
2026-04-24,P021,36,65.0,Evening,True
2026-04-24,P022,34,25.0,Evening,True
2026-04-24,P007,20,25.0,Evening,True
2026-04-24,P018,21,60.0,Evening,True
2026-04-24,P017,20,70.0,Evening,True
2026-04-24,P014,11,50.0,Evening,True
2026-04-25,P001,10,15.0,Morning,False
2026-04-25,P002,14,20.0,Morning,False
2026-04-25,P007,12,25.0,Morning,False
2026-04-25,P008,7,50.0,Morning,False
2026-04-25,P009,5,40.0,Morning,False
2026-04-25,P010,7,60.0,Morning,False
2026-04-25,P011,5,20.0,Morning,False
2026-04-25,P005,11,15.0,Morning,False
2026-04-25,P006,5,20.0,Morning,False
2026-04-25,P004,5,25.0,Morning,False
2026-04-25,P012,10,80.0,Lunch,False
2026-04-25,P013,10,60.0,Lunch,False
2026-04-25,P014,8,50.0,Lunch,False
2026-04-25,P015,11,90.0,Lunch,False
2026-04-25,P016,10,75.0,Lunch,False
2026-04-25,P017,11,70.0,Lunch,False
2026-04-25,P018,5,60.0,Lunch,False
2026-04-25,P001,13,15.0,Lunch,False
2026-04-25,P002,5,20.0,Lunch,False
2026-04-25,P003,7,35.0,Lunch,False
2026-04-25,P004,10,25.0,Lunch,False
2026-04-25,P005,4,15.0,Lunch,False
2026-04-25,P019,8,45.0,Lunch,False
2026-04-25,P021,7,65.0,Lunch,False
2026-04-25,P001,23,15.0,Evening,False
2026-04-25,P002,7,20.0,Evening,False
2026-04-25,P003,3,35.0,Evening,False
2026-04-25,P004,11,25.0,Evening,False
2026-04-25,P005,12,15.0,Evening,False
2026-04-25,P006,9,20.0,Evening,False
2026-04-25,P011,7,20.0,Evening,False
2026-04-25,P019,13,45.0,Evening,False
2026-04-25,P020,7,60.0,Evening,False
2026-04-25,P021,6,65.0,Evening,False
2026-04-25,P022,11,25.0,Evening,False
2026-04-25,P007,4,25.0,Evening,False
2026-04-25,P018,4,60.0,Evening,False
2026-04-25,P017,5,70.0,Evening,False
2026-04-25,P014,5,50.0,Evening,False
2026-04-26,P001,22,15.0,Morning,False
2026-04-26,P002,6,20.0,Morning,False
2026-04-26,P007,10,25.0,Morning,False
2026-04-26,P008,6,50.0,Morning,False
2026-04-26,P009,11,40.0,Morning,False
2026-04-26,P010,8,60.0,Morning,False
2026-04-26,P011,6,20.0,Morning,False
2026-04-26,P005,12,15.0,Morning,False
2026-04-26,P004,3,25.0,Morning,False
2026-04-26,P012,11,80.0,Lunch,False
2026-04-26,P013,9,60.0,Lunch,False
2026-04-26,P014,7,50.0,Lunch,False
2026-04-26,P015,11,90.0,Lunch,False
2026-04-26,P016,9,75.0,Lunch,False
2026-04-26,P017,15,70.0,Lunch,False
2026-04-26,P018,10,60.0,Lunch,False
2026-04-26,P001,14,15.0,Lunch,False
2026-04-26,P002,4,20.0,Lunch,False
2026-04-26,P004,10,25.0,Lunch,False
2026-04-26,P005,6,15.0,Lunch,False
2026-04-26,P019,8,45.0,Lunch,False
2026-04-26,P021,11,65.0,Lunch,False
2026-04-26,P001,13,15.0,Evening,False
2026-04-26,P002,5,20.0,Evening,False
2026-04-26,P003,3,35.0,Evening,False
2026-04-26,P004,6,25.0,Evening,False
2026-04-26,P005,15,15.0,Evening,False
2026-04-26,P006,19,20.0,Evening,False
2026-04-26,P011,10,20.0,Evening,False
2026-04-26,P019,12,45.0,Evening,False
2026-04-26,P020,9,60.0,Evening,False
2026-04-26,P021,15,65.0,Evening,False
2026-04-26,P022,10,25.0,Evening,False
2026-04-26,P007,4,25.0,Evening,False
2026-04-26,P018,9,60.0,Evening,False
2026-04-26,P017,3,70.0,Evening,False
2026-04-26,P014,7,50.0,Evening,False
2026-04-27,P001,32,15.0,Morning,True
2026-04-27,P002,33,20.0,Morning,True
2026-04-27,P007,19,25.0,Morning,True
2026-04-27,P009,26,40.0,Morning,True
2026-04-27,P010,18,60.0,Morning,True
2026-04-27,P011,13,20.0,Morning,True
2026-04-27,P005,20,15.0,Morning,True
2026-04-27,P006,16,20.0,Morning,True
2026-04-27,P004,11,25.0,Morning,True
2026-04-27,P012,34,80.0,Lunch,True
2026-04-27,P013,37,60.0,Lunch,True
2026-04-27,P014,32,50.0,Lunch,True
2026-04-27,P015,24,90.0,Lunch,True
2026-04-27,P016,15,75.0,Lunch,True
2026-04-27,P017,32,70.0,Lunch,True
2026-04-27,P018,25,60.0,Lunch,True
2026-04-27,P001,26,15.0,Lunch,True
2026-04-27,P002,23,20.0,Lunch,True
2026-04-27,P003,20,35.0,Lunch,True
2026-04-27,P005,16,15.0,Lunch,True
2026-04-27,P021,24,65.0,Lunch,True
2026-04-27,P001,46,15.0,Evening,True
2026-04-27,P002,19,20.0,Evening,True
2026-04-27,P003,11,35.0,Evening,True
2026-04-27,P004,17,25.0,Evening,True
2026-04-27,P005,55,15.0,Evening,True
2026-04-27,P006,32,20.0,Evening,True
2026-04-27,P011,20,20.0,Evening,True
2026-04-27,P019,15,45.0,Evening,True
2026-04-27,P020,17,60.0,Evening,True
2026-04-27,P021,27,65.0,Evening,True
2026-04-27,P022,14,25.0,Evening,True
2026-04-27,P007,9,25.0,Evening,True
2026-04-27,P018,10,60.0,Evening,True
2026-04-27,P017,11,70.0,Evening,True
2026-04-27,P014,5,50.0,Evening,True
2026-04-28,P001,32,15.0,Morning,True
2026-04-28,P007,15,25.0,Morning,True
2026-04-28,P008,13,50.0,Morning,True
2026-04-28,P009,31,40.0,Morning,True
2026-04-28,P010,22,60.0,Morning,True
2026-04-28,P011,20,20.0,Morning,True
2026-04-28,P005,30,15.0,Morning,True
2026-04-28,P006,31,20.0,Morning,True
2026-04-28,P004,13,25.0,Morning,True
2026-04-28,P012,41,80.0,Lunch,True
2026-04-28,P013,44,60.0,Lunch,True
2026-04-28,P014,26,50.0,Lunch,True
2026-04-28,P015,24,90.0,Lunch,True
2026-04-28,P016,25,75.0,Lunch,True
2026-04-28,P017,19,70.0,Lunch,True
2026-04-28,P001,32,15.0,Lunch,True
2026-04-28,P002,14,20.0,Lunch,True
2026-04-28,P004,31,25.0,Lunch,True
2026-04-28,P005,17,15.0,Lunch,True
2026-04-28,P019,19,45.0,Lunch,True
2026-04-28,P021,27,65.0,Lunch,True
2026-04-28,P001,73,15.0,Evening,True
2026-04-28,P002,35,20.0,Evening,True
2026-04-28,P003,20,35.0,Evening,True
2026-04-28,P005,28,15.0,Evening,True
2026-04-28,P006,40,20.0,Evening,True
2026-04-28,P011,22,20.0,Evening,True
2026-04-28,P019,27,45.0,Evening,True
2026-04-28,P020,14,60.0,Evening,True
2026-04-28,P021,30,65.0,Evening,True
2026-04-28,P022,15,25.0,Evening,True
2026-04-28,P007,12,25.0,Evening,True
2026-04-28,P018,14,60.0,Evening,True
2026-04-28,P017,17,70.0,Evening,True
2026-04-28,P014,17,50.0,Evening,True
2026-04-29,P001,30,15.0,Morning,True
2026-04-29,P002,36,20.0,Morning,True
2026-04-29,P007,29,25.0,Morning,True
2026-04-29,P008,26,50.0,Morning,True
2026-04-29,P009,30,40.0,Morning,True
2026-04-29,P010,17,60.0,Morning,True
2026-04-29,P011,17,20.0,Morning,True
2026-04-29,P005,17,15.0,Morning,True
2026-04-29,P006,12,20.0,Morning,True
2026-04-29,P004,13,25.0,Morning,True
2026-04-29,P012,37,80.0,Lunch,True
2026-04-29,P013,26,60.0,Lunch,True
2026-04-29,P014,18,50.0,Lunch,True
2026-04-29,P015,29,90.0,Lunch,True
2026-04-29,P016,29,75.0,Lunch,True
2026-04-29,P017,38,70.0,Lunch,True
2026-04-29,P018,22,60.0,Lunch,True
2026-04-29,P001,44,15.0,Lunch,True
2026-04-29,P002,12,20.0,Lunch,True
2026-04-29,P003,24,35.0,Lunch,True
2026-04-29,P004,27,25.0,Lunch,True
2026-04-29,P005,23,15.0,Lunch,True
2026-04-29,P019,13,45.0,Lunch,True
2026-04-29,P021,21,65.0,Lunch,True
2026-04-29,P001,35,15.0,Evening,True
2026-04-29,P002,33,20.0,Evening,True
2026-04-29,P003,13,35.0,Evening,True
2026-04-29,P004,16,25.0,Evening,True
2026-04-29,P005,49,15.0,Evening,True
2026-04-29,P006,20,20.0,Evening,True
2026-04-29,P011,33,20.0,Evening,True
2026-04-29,P019,27,45.0,Evening,True
2026-04-29,P020,22,60.0,Evening,True
2026-04-29,P021,36,65.0,Evening,True
2026-04-29,P022,16,25.0,Evening,True
2026-04-29,P007,17,25.0,Evening,True
2026-04-29,P018,11,60.0,Evening,True
2026-04-29,P017,16,70.0,Evening,True
2026-04-29,P014,11,50.0,Evening,True
2026-04-30,P001,37,15.0,Morning,True
2026-04-30,P002,28,20.0,Morning,True
2026-04-30,P007,23,25.0,Morning,True
2026-04-30,P008,12,50.0,Morning,True
2026-04-30,P009,23,40.0,Morning,True
2026-04-30,P010,20,60.0,Morning,True
2026-04-30,P011,26,20.0,Morning,True
2026-04-30,P005,20,15.0,Morning,True
2026-04-30,P006,23,20.0,Morning,True
2026-04-30,P004,12,25.0,Morning,True
2026-04-30,P012,40,80.0,Lunch,True
2026-04-30,P013,39,60.0,Lunch,True
2026-04-30,P014,21,50.0,Lunch,True
2026-04-30,P015,12,90.0,Lunch,True
2026-04-30,P016,18,75.0,Lunch,True
2026-04-30,P017,26,70.0,Lunch,True
2026-04-30,P018,19,60.0,Lunch,True
2026-04-30,P001,35,15.0,Lunch,True
2026-04-30,P002,15,20.0,Lunch,True
2026-04-30,P003,22,35.0,Lunch,True
2026-04-30,P004,26,25.0,Lunch,True
2026-04-30,P005,20,15.0,Lunch,True
2026-04-30,P019,20,45.0,Lunch,True
2026-04-30,P021,23,65.0,Lunch,True
2026-04-30,P001,48,15.0,Evening,True
2026-04-30,P002,32,20.0,Evening,True
2026-04-30,P003,9,35.0,Evening,True
2026-04-30,P004,20,25.0,Evening,True
2026-04-30,P005,33,15.0,Evening,True
2026-04-30,P006,32,20.0,Evening,True
2026-04-30,P011,23,20.0,Evening,True
2026-04-30,P019,20,45.0,Evening,True
2026-04-30,P020,17,60.0,Evening,True
2026-04-30,P021,14,65.0,Evening,True
2026-04-30,P022,29,25.0,Evening,True
2026-04-30,P007,9,25.0,Evening,True
2026-04-30,P018,15,60.0,Evening,True
2026-04-30,P017,9,70.0,Evening,True
2026-04-30,P014,6,50.0,Evening,True
2026-05-01,P001,27,15.0,Morning,True
2026-05-01,P002,30,20.0,Morning,True
2026-05-01,P007,32,25.0,Morning,True
2026-05-01,P008,15,50.0,Morning,True
2026-05-01,P009,26,40.0,Morning,True
2026-05-01,P010,12,60.0,Morning,True
2026-05-01,P011,26,20.0,Morning,True
2026-05-01,P005,33,15.0,Morning,True
2026-05-01,P006,23,20.0,Morning,True
2026-05-01,P004,19,25.0,Morning,True
2026-05-01,P012,21,80.0,Lunch,True
2026-05-01,P013,44,60.0,Lunch,True
2026-05-01,P014,26,50.0,Lunch,True
2026-05-01,P015,25,90.0,Lunch,True
2026-05-01,P016,16,75.0,Lunch,True
2026-05-01,P017,18,70.0,Lunch,True
2026-05-01,P018,30,60.0,Lunch,True
2026-05-01,P001,37,15.0,Lunch,True
2026-05-01,P002,24,20.0,Lunch,True
2026-05-01,P003,14,35.0,Lunch,True
2026-05-01,P004,19,25.0,Lunch,True
2026-05-01,P005,22,15.0,Lunch,True
2026-05-01,P019,11,45.0,Lunch,True
2026-05-01,P021,13,65.0,Lunch,True
2026-05-01,P001,63,15.0,Evening,True
2026-05-01,P002,36,20.0,Evening,True
2026-05-01,P004,28,25.0,Evening,True
2026-05-01,P005,57,15.0,Evening,True
2026-05-01,P006,35,20.0,Evening,True
2026-05-01,P011,31,20.0,Evening,True
2026-05-01,P019,34,45.0,Evening,True
2026-05-01,P020,17,60.0,Evening,True
2026-05-01,P021,17,65.0,Evening,True
2026-05-01,P022,30,25.0,Evening,True
2026-05-01,P007,7,25.0,Evening,True
2026-05-01,P018,21,60.0,Evening,True
2026-05-01,P017,7,70.0,Evening,True
2026-05-01,P014,8,50.0,Evening,True
2026-05-02,P001,12,15.0,Morning,False
2026-05-02,P002,5,20.0,Morning,False
2026-05-02,P007,6,25.0,Morning,False
2026-05-02,P008,6,50.0,Morning,False
2026-05-02,P009,7,40.0,Morning,False
2026-05-02,P010,8,60.0,Morning,False
2026-05-02,P005,9,15.0,Morning,False
2026-05-02,P006,7,20.0,Morning,False
2026-05-02,P004,5,25.0,Morning,False
2026-05-02,P012,14,80.0,Lunch,False
2026-05-02,P013,11,60.0,Lunch,False
2026-05-02,P014,8,50.0,Lunch,False
2026-05-02,P015,9,90.0,Lunch,False
2026-05-02,P016,7,75.0,Lunch,False
2026-05-02,P017,7,70.0,Lunch,False
2026-05-02,P018,8,60.0,Lunch,False
2026-05-02,P001,15,15.0,Lunch,False
2026-05-02,P002,7,20.0,Lunch,False
2026-05-02,P003,5,35.0,Lunch,False
2026-05-02,P004,11,25.0,Lunch,False
2026-05-02,P005,5,15.0,Lunch,False
2026-05-02,P019,4,45.0,Lunch,False
2026-05-02,P021,4,65.0,Lunch,False
2026-05-02,P001,20,15.0,Evening,False
2026-05-02,P002,7,20.0,Evening,False
2026-05-02,P003,3,35.0,Evening,False
2026-05-02,P004,6,25.0,Evening,False
2026-05-02,P005,19,15.0,Evening,False
2026-05-02,P006,17,20.0,Evening,False
2026-05-02,P011,13,20.0,Evening,False
2026-05-02,P019,11,45.0,Evening,False
2026-05-02,P020,6,60.0,Evening,False
2026-05-02,P021,11,65.0,Evening,False
2026-05-02,P022,7,25.0,Evening,False
2026-05-02,P007,2,25.0,Evening,False
2026-05-02,P018,8,60.0,Evening,False
2026-05-02,P017,2,70.0,Evening,False
2026-05-02,P014,2,50.0,Evening,False
2026-05-03,P001,11,15.0,Morning,False
2026-05-03,P002,7,20.0,Morning,False
2026-05-03,P007,4,25.0,Morning,False
2026-05-03,P008,4,50.0,Morning,False
2026-05-03,P009,4,40.0,Morning,False
2026-05-03,P010,3,60.0,Morning,False
2026-05-03,P011,8,20.0,Morning,False
2026-05-03,P005,8,15.0,Morning,False
2026-05-03,P006,6,20.0,Morning,False
2026-05-03,P004,4,25.0,Morning,False
2026-05-03,P012,10,80.0,Lunch,False
2026-05-03,P013,6,60.0,Lunch,False
2026-05-03,P014,5,50.0,Lunch,False
2026-05-03,P015,9,90.0,Lunch,False
2026-05-03,P016,6,75.0,Lunch,False
2026-05-03,P017,10,70.0,Lunch,False
2026-05-03,P018,5,60.0,Lunch,False
2026-05-03,P001,8,15.0,Lunch,False
2026-05-03,P002,4,20.0,Lunch,False
2026-05-03,P003,8,35.0,Lunch,False
2026-05-03,P004,9,25.0,Lunch,False
2026-05-03,P005,5,15.0,Lunch,False
2026-05-03,P019,4,45.0,Lunch,False
2026-05-03,P021,6,65.0,Lunch,False
2026-05-03,P001,11,15.0,Evening,False
2026-05-03,P002,9,20.0,Evening,False
2026-05-03,P003,7,35.0,Evening,False
2026-05-03,P004,6,25.0,Evening,False
2026-05-03,P005,18,15.0,Evening,False
2026-05-03,P006,9,20.0,Evening,False
2026-05-03,P011,5,20.0,Evening,False
2026-05-03,P019,7,45.0,Evening,False
2026-05-03,P020,9,60.0,Evening,False
2026-05-03,P021,5,65.0,Evening,False
2026-05-03,P022,4,25.0,Evening,False
2026-05-03,P007,3,25.0,Evening,False
2026-05-03,P018,3,60.0,Evening,False
2026-05-03,P017,6,70.0,Evening,False
2026-05-03,P014,1,50.0,Evening,False
2026-05-04,P001,60,15.0,Morning,True
2026-05-04,P002,21,20.0,Morning,True
2026-05-04,P007,33,25.0,Morning,True
2026-05-04,P008,34,50.0,Morning,True
2026-05-04,P009,39,40.0,Morning,True
2026-05-04,P010,11,60.0,Morning,True
2026-05-04,P011,13,20.0,Morning,True
2026-05-04,P005,39,15.0,Morning,True
2026-05-04,P006,24,20.0,Morning,True
2026-05-04,P004,20,25.0,Morning,True
2026-05-04,P012,55,80.0,Lunch,True
2026-05-04,P013,22,60.0,Lunch,True
2026-05-04,P014,22,50.0,Lunch,True
2026-05-04,P015,29,90.0,Lunch,True
2026-05-04,P016,20,75.0,Lunch,True
2026-05-04,P017,22,70.0,Lunch,True
2026-05-04,P018,18,60.0,Lunch,True
2026-05-04,P001,34,15.0,Lunch,True
2026-05-04,P002,14,20.0,Lunch,True
2026-05-04,P003,34,35.0,Lunch,True
2026-05-04,P004,34,25.0,Lunch,True
2026-05-04,P005,14,15.0,Lunch,True
2026-05-04,P019,18,45.0,Lunch,True
2026-05-04,P021,19,65.0,Lunch,True
2026-05-04,P002,29,20.0,Evening,True
2026-05-04,P003,20,35.0,Evening,True
2026-05-04,P004,33,25.0,Evening,True
2026-05-04,P005,30,15.0,Evening,True
2026-05-04,P006,53,20.0,Evening,True
2026-05-04,P011,17,20.0,Evening,True
2026-05-04,P019,27,45.0,Evening,True
2026-05-04,P020,16,60.0,Evening,True
2026-05-04,P022,18,25.0,Evening,True
2026-05-04,P007,9,25.0,Evening,True
2026-05-04,P018,26,60.0,Evening,True
2026-05-04,P017,17,70.0,Evening,True
2026-05-04,P014,8,50.0,Evening,True
2026-05-05,P001,25,15.0,Morning,True
2026-05-05,P002,36,20.0,Morning,True
2026-05-05,P007,30,25.0,Morning,True
2026-05-05,P008,21,50.0,Morning,True
2026-05-05,P009,20,40.0,Morning,True
2026-05-05,P010,18,60.0,Morning,True
2026-05-05,P011,26,20.0,Morning,True
2026-05-05,P005,29,15.0,Morning,True
2026-05-05,P006,23,20.0,Morning,True
2026-05-05,P004,8,25.0,Morning,True
2026-05-05,P012,47,80.0,Lunch,True
2026-05-05,P013,21,60.0,Lunch,True
2026-05-05,P014,16,50.0,Lunch,True
2026-05-05,P015,25,90.0,Lunch,True
2026-05-05,P016,15,75.0,Lunch,True
2026-05-05,P017,22,70.0,Lunch,True
2026-05-05,P018,23,60.0,Lunch,True
2026-05-05,P001,35,15.0,Lunch,True
2026-05-05,P002,14,20.0,Lunch,True
2026-05-05,P003,24,35.0,Lunch,True
2026-05-05,P004,27,25.0,Lunch,True
2026-05-05,P005,13,15.0,Lunch,True
2026-05-05,P019,12,45.0,Lunch,True
2026-05-05,P021,28,65.0,Lunch,True
2026-05-05,P002,16,20.0,Evening,True
2026-05-05,P003,20,35.0,Evening,True
2026-05-05,P004,12,25.0,Evening,True
2026-05-05,P005,43,15.0,Evening,True
2026-05-05,P006,22,20.0,Evening,True
2026-05-05,P011,22,20.0,Evening,True
2026-05-05,P019,31,45.0,Evening,True
2026-05-05,P020,20,60.0,Evening,True
2026-05-05,P021,23,65.0,Evening,True
2026-05-05,P022,19,25.0,Evening,True
2026-05-05,P007,14,25.0,Evening,True
2026-05-05,P018,21,60.0,Evening,True
2026-05-05,P017,9,70.0,Evening,True
2026-05-05,P014,14,50.0,Evening,True
2026-05-06,P001,63,15.0,Morning,True
2026-05-06,P002,19,20.0,Morning,True
2026-05-06,P007,19,25.0,Morning,True
2026-05-06,P008,20,50.0,Morning,True
2026-05-06,P009,19,40.0,Morning,True
2026-05-06,P010,16,60.0,Morning,True
2026-05-06,P011,13,20.0,Morning,True
2026-05-06,P005,31,15.0,Morning,True
2026-05-06,P006,19,20.0,Morning,True
2026-05-06,P004,14,25.0,Morning,True
2026-05-06,P012,48,80.0,Lunch,True
2026-05-06,P013,27,60.0,Lunch,True
2026-05-06,P014,26,50.0,Lunch,True
2026-05-06,P015,23,90.0,Lunch,True
2026-05-06,P016,21,75.0,Lunch,True
2026-05-06,P017,17,70.0,Lunch,True
2026-05-06,P018,15,60.0,Lunch,True
2026-05-06,P001,44,15.0,Lunch,True
2026-05-06,P002,19,20.0,Lunch,True
2026-05-06,P003,31,35.0,Lunch,True
2026-05-06,P004,20,25.0,Lunch,True
2026-05-06,P005,25,15.0,Lunch,True
2026-05-06,P019,14,45.0,Lunch,True
2026-05-06,P021,12,65.0,Lunch,True
2026-05-06,P001,39,15.0,Evening,True
2026-05-06,P002,38,20.0,Evening,True
2026-05-06,P003,26,35.0,Evening,True
2026-05-06,P004,19,25.0,Evening,True
2026-05-06,P005,39,15.0,Evening,True
2026-05-06,P006,26,20.0,Evening,True
2026-05-06,P011,19,20.0,Evening,True
2026-05-06,P019,34,45.0,Evening,True
2026-05-06,P020,30,60.0,Evening,True
2026-05-06,P021,35,65.0,Evening,True
2026-05-06,P022,18,25.0,Evening,True
2026-05-06,P007,9,25.0,Evening,True
2026-05-06,P018,20,60.0,Evening,True
2026-05-06,P017,15,70.0,Evening,True
2026-05-06,P014,9,50.0,Evening,True
2026-05-07,P001,33,15.0,Morning,True
2026-05-07,P002,32,20.0,Morning,True
2026-05-07,P007,32,25.0,Morning,True
2026-05-07,P008,23,50.0,Morning,True
2026-05-07,P009,18,40.0,Morning,True
2026-05-07,P010,12,60.0,Morning,True
2026-05-07,P011,28,20.0,Morning,True
2026-05-07,P005,31,15.0,Morning,True
2026-05-07,P006,17,20.0,Morning,True
2026-05-07,P004,19,25.0,Morning,True
2026-05-07,P012,38,80.0,Lunch,True
2026-05-07,P013,36,60.0,Lunch,True
2026-05-07,P014,21,50.0,Lunch,True
2026-05-07,P015,24,90.0,Lunch,True
2026-05-07,P016,31,75.0,Lunch,True
2026-05-07,P017,18,70.0,Lunch,True
2026-05-07,P018,31,60.0,Lunch,True
2026-05-07,P001,44,15.0,Lunch,True
2026-05-07,P002,18,20.0,Lunch,True
2026-05-07,P003,12,35.0,Lunch,True
2026-05-07,P004,21,25.0,Lunch,True
2026-05-07,P005,10,15.0,Lunch,True
2026-05-07,P019,22,45.0,Lunch,True
2026-05-07,P021,28,65.0,Lunch,True
2026-05-07,P001,64,15.0,Evening,True
2026-05-07,P002,22,20.0,Evening,True
2026-05-07,P003,18,35.0,Evening,True
2026-05-07,P004,17,25.0,Evening,True
2026-05-07,P005,59,15.0,Evening,True
2026-05-07,P006,22,20.0,Evening,True
2026-05-07,P011,23,20.0,Evening,True
2026-05-07,P019,23,45.0,Evening,True
2026-05-07,P020,13,60.0,Evening,True
2026-05-07,P021,22,65.0,Evening,True
2026-05-07,P022,18,25.0,Evening,True
2026-05-07,P007,8,25.0,Evening,True
2026-05-07,P018,20,60.0,Evening,True
2026-05-07,P017,13,70.0,Evening,True
2026-05-07,P014,17,50.0,Evening,True
2026-05-08,P001,36,15.0,Morning,True
2026-05-08,P002,35,20.0,Morning,True
2026-05-08,P007,17,25.0,Morning,True
2026-05-08,P008,13,50.0,Morning,True
2026-05-08,P009,23,40.0,Morning,True
2026-05-08,P010,19,60.0,Morning,True
2026-05-08,P011,13,20.0,Morning,True
2026-05-08,P005,34,15.0,Morning,True
2026-05-08,P006,25,20.0,Morning,True
2026-05-08,P004,12,25.0,Morning,True
2026-05-08,P012,35,80.0,Lunch,True
2026-05-08,P013,27,60.0,Lunch,True
2026-05-08,P014,22,50.0,Lunch,True
2026-05-08,P015,25,90.0,Lunch,True
2026-05-08,P016,22,75.0,Lunch,True
2026-05-08,P017,30,70.0,Lunch,True
2026-05-08,P018,31,60.0,Lunch,True
2026-05-08,P001,27,15.0,Lunch,True
2026-05-08,P002,16,20.0,Lunch,True
2026-05-08,P003,28,35.0,Lunch,True
2026-05-08,P004,21,25.0,Lunch,True
2026-05-08,P005,11,15.0,Lunch,True
2026-05-08,P019,13,45.0,Lunch,True
2026-05-08,P021,19,65.0,Lunch,True
2026-05-08,P001,37,15.0,Evening,True
2026-05-08,P002,30,20.0,Evening,True
2026-05-08,P003,23,35.0,Evening,True
2026-05-08,P004,29,25.0,Evening,True
2026-05-08,P005,28,15.0,Evening,True
2026-05-08,P006,46,20.0,Evening,True
2026-05-08,P011,19,20.0,Evening,True
2026-05-08,P019,36,45.0,Evening,True
2026-05-08,P020,17,60.0,Evening,True
2026-05-08,P021,18,65.0,Evening,True
2026-05-08,P022,33,25.0,Evening,True
2026-05-08,P007,20,25.0,Evening,True
2026-05-08,P018,14,60.0,Evening,True
2026-05-08,P017,21,70.0,Evening,True
2026-05-08,P014,17,50.0,Evening,True
2026-05-09,P001,15,15.0,Morning,False
2026-05-09,P002,5,20.0,Morning,False
2026-05-09,P007,6,25.0,Morning,False
2026-05-09,P008,3,50.0,Morning,False
2026-05-09,P009,5,40.0,Morning,False
2026-05-09,P010,2,60.0,Morning,False
2026-05-09,P005,7,15.0,Morning,False
2026-05-09,P006,7,20.0,Morning,False
2026-05-09,P004,5,25.0,Morning,False
2026-05-09,P012,8,80.0,Lunch,False
2026-05-09,P014,4,50.0,Lunch,False
2026-05-09,P015,5,90.0,Lunch,False
2026-05-09,P016,8,75.0,Lunch,False
2026-05-09,P017,9,70.0,Lunch,False
2026-05-09,P018,3,60.0,Lunch,False
2026-05-09,P001,5,15.0,Lunch,False
2026-05-09,P002,4,20.0,Lunch,False
2026-05-09,P003,7,35.0,Lunch,False
2026-05-09,P004,5,25.0,Lunch,False
2026-05-09,P005,2,15.0,Lunch,False
2026-05-09,P019,3,45.0,Lunch,False
2026-05-09,P021,7,65.0,Lunch,False
2026-05-09,P001,9,15.0,Evening,False
2026-05-09,P002,5,20.0,Evening,False
2026-05-09,P003,4,35.0,Evening,False
2026-05-09,P004,5,25.0,Evening,False
2026-05-09,P005,7,15.0,Evening,False
2026-05-09,P006,12,20.0,Evening,False
2026-05-09,P011,7,20.0,Evening,False
2026-05-09,P019,8,45.0,Evening,False
2026-05-09,P020,3,60.0,Evening,False
2026-05-09,P021,4,65.0,Evening,False
2026-05-09,P022,4,25.0,Evening,False
2026-05-09,P007,5,25.0,Evening,False
2026-05-09,P018,5,60.0,Evening,False
2026-05-09,P017,2,70.0,Evening,False
2026-05-09,P014,3,50.0,Evening,False
2026-05-10,P001,8,15.0,Morning,False
2026-05-10,P002,7,20.0,Morning,False
2026-05-10,P007,7,25.0,Morning,False
2026-05-10,P008,8,50.0,Morning,False
2026-05-10,P009,8,40.0,Morning,False
2026-05-10,P010,4,60.0,Morning,False
2026-05-10,P011,8,20.0,Morning,False
2026-05-10,P005,7,15.0,Morning,False
2026-05-10,P006,6,20.0,Morning,False
2026-05-10,P004,5,25.0,Morning,False
2026-05-10,P012,8,80.0,Lunch,False
2026-05-10,P013,10,60.0,Lunch,False
2026-05-10,P014,9,50.0,Lunch,False
2026-05-10,P015,4,90.0,Lunch,False
2026-05-10,P016,4,75.0,Lunch,False
2026-05-10,P017,5,70.0,Lunch,False
2026-05-10,P018,4,60.0,Lunch,False
2026-05-10,P001,12,15.0,Lunch,False
2026-05-10,P002,2,20.0,Lunch,False
2026-05-10,P003,5,35.0,Lunch,False
2026-05-10,P004,5,25.0,Lunch,False
2026-05-10,P005,3,15.0,Lunch,False
2026-05-10,P019,5,45.0,Lunch,False
2026-05-10,P021,4,65.0,Lunch,False
2026-05-10,P001,10,15.0,Evening,False
2026-05-10,P002,9,20.0,Evening,False
2026-05-10,P003,5,35.0,Evening,False
2026-05-10,P004,8,25.0,Evening,False
2026-05-10,P005,11,15.0,Evening,False
2026-05-10,P006,6,20.0,Evening,False
2026-05-10,P011,4,20.0,Evening,False
2026-05-10,P019,8,45.0,Evening,False
2026-05-10,P020,3,60.0,Evening,False
2026-05-10,P021,5,65.0,Evening,False
2026-05-10,P022,3,25.0,Evening,False
2026-05-10,P018,5,60.0,Evening,False
2026-05-10,P017,3,70.0,Evening,False
2026-05-10,P014,2,50.0,Evening,False
2026-05-11,P001,46,15.0,Morning,True
2026-05-11,P002,39,20.0,Morning,True
2026-05-11,P007,36,25.0,Morning,True
2026-05-11,P008,22,50.0,Morning,True
2026-05-11,P009,17,40.0,Morning,True
2026-05-11,P010,11,60.0,Morning,True
2026-05-11,P011,18,20.0,Morning,True
2026-05-11,P005,16,15.0,Morning,True
2026-05-11,P006,26,20.0,Morning,True
2026-05-11,P004,15,25.0,Morning,True
2026-05-11,P012,37,80.0,Lunch,True
2026-05-11,P013,35,60.0,Lunch,True
2026-05-11,P014,23,50.0,Lunch,True
2026-05-11,P015,18,90.0,Lunch,True
2026-05-11,P016,17,75.0,Lunch,True
2026-05-11,P017,21,70.0,Lunch,True
2026-05-11,P018,28,60.0,Lunch,True
2026-05-11,P001,28,15.0,Lunch,True
2026-05-11,P002,27,20.0,Lunch,True
2026-05-11,P003,15,35.0,Lunch,True
2026-05-11,P004,30,25.0,Lunch,True
2026-05-11,P005,22,15.0,Lunch,True
2026-05-11,P019,12,45.0,Lunch,True
2026-05-11,P021,24,65.0,Lunch,True
2026-05-11,P001,44,15.0,Evening,True
2026-05-11,P002,19,20.0,Evening,True
2026-05-11,P003,20,35.0,Evening,True
2026-05-11,P005,61,15.0,Evening,True
2026-05-11,P006,34,20.0,Evening,True
2026-05-11,P011,40,20.0,Evening,True
2026-05-11,P019,22,45.0,Evening,True
2026-05-11,P020,14,60.0,Evening,True
2026-05-11,P021,18,65.0,Evening,True
2026-05-11,P022,31,25.0,Evening,True
2026-05-11,P007,20,25.0,Evening,True
2026-05-11,P018,11,60.0,Evening,True
2026-05-11,P017,12,70.0,Evening,True
2026-05-12,P001,49,15.0,Morning,True
2026-05-12,P002,24,20.0,Morning,True
2026-05-12,P007,25,25.0,Morning,True
2026-05-12,P008,14,50.0,Morning,True
2026-05-12,P009,30,40.0,Morning,True
2026-05-12,P010,13,60.0,Morning,True
2026-05-12,P005,29,15.0,Morning,True
2026-05-12,P006,12,20.0,Morning,True
2026-05-12,P004,9,25.0,Morning,True
2026-05-12,P012,21,80.0,Lunch,True
2026-05-12,P013,19,60.0,Lunch,True
2026-05-12,P014,21,50.0,Lunch,True
2026-05-12,P015,15,90.0,Lunch,True
2026-05-12,P016,18,75.0,Lunch,True
2026-05-12,P017,31,70.0,Lunch,True
2026-05-12,P018,33,60.0,Lunch,True
2026-05-12,P001,43,15.0,Lunch,True
2026-05-12,P002,13,20.0,Lunch,True
2026-05-12,P003,22,35.0,Lunch,True
2026-05-12,P004,27,25.0,Lunch,True
2026-05-12,P005,21,15.0,Lunch,True
2026-05-12,P019,18,45.0,Lunch,True
2026-05-12,P021,15,65.0,Lunch,True
2026-05-12,P001,60,15.0,Evening,True
2026-05-12,P002,14,20.0,Evening,True
2026-05-12,P003,18,35.0,Evening,True
2026-05-12,P004,13,25.0,Evening,True
2026-05-12,P005,53,15.0,Evening,True
2026-05-12,P006,48,20.0,Evening,True
2026-05-12,P011,16,20.0,Evening,True
2026-05-12,P019,25,45.0,Evening,True
2026-05-12,P020,13,60.0,Evening,True
2026-05-12,P021,28,65.0,Evening,True
2026-05-12,P022,26,25.0,Evening,True
2026-05-12,P007,19,25.0,Evening,True
2026-05-12,P018,19,60.0,Evening,True
2026-05-12,P017,8,70.0,Evening,True
2026-05-12,P014,12,50.0,Evening,True
2026-05-13,P001,47,15.0,Morning,True
2026-05-13,P002,32,20.0,Morning,True
2026-05-13,P007,17,25.0,Morning,True
2026-05-13,P008,26,50.0,Morning,True
2026-05-13,P009,23,40.0,Morning,True
2026-05-13,P010,19,60.0,Morning,True
2026-05-13,P011,24,20.0,Morning,True
2026-05-13,P005,14,15.0,Morning,True
2026-05-13,P006,11,20.0,Morning,True
2026-05-13,P004,10,25.0,Morning,True
2026-05-13,P012,35,80.0,Lunch,True
2026-05-13,P014,22,50.0,Lunch,True
2026-05-13,P015,22,90.0,Lunch,True
2026-05-13,P016,19,75.0,Lunch,True
2026-05-13,P017,28,70.0,Lunch,True
2026-05-13,P018,24,60.0,Lunch,True
2026-05-13,P001,38,15.0,Lunch,True
2026-05-13,P002,22,20.0,Lunch,True
2026-05-13,P003,12,35.0,Lunch,True
2026-05-13,P004,16,25.0,Lunch,True
2026-05-13,P005,15,15.0,Lunch,True
2026-05-13,P019,12,45.0,Lunch,True
2026-05-13,P021,12,65.0,Lunch,True
2026-05-13,P001,58,15.0,Evening,True
2026-05-13,P002,36,20.0,Evening,True
2026-05-13,P003,13,35.0,Evening,True
2026-05-13,P004,27,25.0,Evening,True
2026-05-13,P005,52,15.0,Evening,True
2026-05-13,P006,24,20.0,Evening,True
2026-05-13,P011,14,20.0,Evening,True
2026-05-13,P019,25,45.0,Evening,True
2026-05-13,P020,21,60.0,Evening,True
2026-05-13,P021,28,65.0,Evening,True
2026-05-13,P022,16,25.0,Evening,True
2026-05-13,P007,17,25.0,Evening,True
2026-05-13,P018,13,60.0,Evening,True
2026-05-13,P017,8,70.0,Evening,True
2026-05-13,P014,9,50.0,Evening,True
2026-05-14,P001,53,15.0,Morning,True
2026-05-14,P002,31,20.0,Morning,True
2026-05-14,P007,23,25.0,Morning,True
2026-05-14,P008,13,50.0,Morning,True
2026-05-14,P009,28,40.0,Morning,True
2026-05-14,P010,19,60.0,Morning,True
2026-05-14,P011,23,20.0,Morning,True
2026-05-14,P005,30,15.0,Morning,True
2026-05-14,P006,17,20.0,Morning,True
2026-05-14,P004,14,25.0,Morning,True
2026-05-14,P012,42,80.0,Lunch,True
2026-05-14,P013,44,60.0,Lunch,True
2026-05-14,P015,18,90.0,Lunch,True
2026-05-14,P016,32,75.0,Lunch,True
2026-05-14,P017,26,70.0,Lunch,True
2026-05-14,P018,25,60.0,Lunch,True
2026-05-14,P002,14,20.0,Lunch,True
2026-05-14,P003,22,35.0,Lunch,True
2026-05-14,P004,28,25.0,Lunch,True
2026-05-14,P005,10,15.0,Lunch,True
2026-05-14,P019,12,45.0,Lunch,True
2026-05-14,P021,15,65.0,Lunch,True
2026-05-14,P001,42,15.0,Evening,True
2026-05-14,P002,32,20.0,Evening,True
2026-05-14,P003,22,35.0,Evening,True
2026-05-14,P004,18,25.0,Evening,True
2026-05-14,P005,25,15.0,Evening,True
2026-05-14,P006,31,20.0,Evening,True
2026-05-14,P019,31,45.0,Evening,True
2026-05-14,P020,15,60.0,Evening,True
2026-05-14,P021,35,65.0,Evening,True
2026-05-14,P022,25,25.0,Evening,True
2026-05-14,P007,13,25.0,Evening,True
2026-05-14,P018,16,60.0,Evening,True
2026-05-14,P017,20,70.0,Evening,True
2026-05-14,P014,8,50.0,Evening,True
2026-05-15,P001,60,15.0,Morning,True
2026-05-15,P002,32,20.0,Morning,True
2026-05-15,P007,24,25.0,Morning,True
2026-05-15,P008,25,50.0,Morning,True
2026-05-15,P009,34,40.0,Morning,True
2026-05-15,P010,13,60.0,Morning,True
2026-05-15,P011,15,20.0,Morning,True
2026-05-15,P005,15,15.0,Morning,True
2026-05-15,P006,25,20.0,Morning,True
2026-05-15,P004,19,25.0,Morning,True
2026-05-15,P012,49,80.0,Lunch,True
2026-05-15,P013,38,60.0,Lunch,True
2026-05-15,P014,33,50.0,Lunch,True
2026-05-15,P015,21,90.0,Lunch,True
2026-05-15,P016,20,75.0,Lunch,True
2026-05-15,P017,30,70.0,Lunch,True
2026-05-15,P018,18,60.0,Lunch,True
2026-05-15,P001,35,15.0,Lunch,True
2026-05-15,P002,21,20.0,Lunch,True
2026-05-15,P003,26,35.0,Lunch,True
2026-05-15,P004,35,25.0,Lunch,True
2026-05-15,P005,22,15.0,Lunch,True
2026-05-15,P021,19,65.0,Lunch,True
2026-05-15,P001,47,15.0,Evening,True
2026-05-15,P002,23,20.0,Evening,True
2026-05-15,P003,23,35.0,Evening,True
2026-05-15,P004,12,25.0,Evening,True
2026-05-15,P005,51,15.0,Evening,True
2026-05-15,P006,20,20.0,Evening,True
2026-05-15,P011,26,20.0,Evening,True
2026-05-15,P019,31,45.0,Evening,True
2026-05-15,P020,22,60.0,Evening,True
2026-05-15,P021,33,65.0,Evening,True
2026-05-15,P022,19,25.0,Evening,True
2026-05-15,P007,14,25.0,Evening,True
2026-05-15,P018,20,60.0,Evening,True
2026-05-15,P017,8,70.0,Evening,True
2026-05-15,P014,15,50.0,Evening,True
2026-05-16,P001,13,15.0,Morning,False
2026-05-16,P002,6,20.0,Morning,False
2026-05-16,P007,9,25.0,Morning,False
2026-05-16,P008,6,50.0,Morning,False
2026-05-16,P009,6,40.0,Morning,False
2026-05-16,P010,7,60.0,Morning,False
2026-05-16,P011,9,20.0,Morning,False
2026-05-16,P005,8,15.0,Morning,False
2026-05-16,P006,4,20.0,Morning,False
2026-05-16,P004,3,25.0,Morning,False
2026-05-16,P012,6,80.0,Lunch,False
2026-05-16,P013,14,60.0,Lunch,False
2026-05-16,P014,5,50.0,Lunch,False
2026-05-16,P015,3,90.0,Lunch,False
2026-05-16,P016,5,75.0,Lunch,False
2026-05-16,P017,10,70.0,Lunch,False
2026-05-16,P018,9,60.0,Lunch,False
2026-05-16,P001,9,15.0,Lunch,False
2026-05-16,P002,7,20.0,Lunch,False
2026-05-16,P003,8,35.0,Lunch,False
2026-05-16,P004,10,25.0,Lunch,False
2026-05-16,P005,3,15.0,Lunch,False
2026-05-16,P019,4,45.0,Lunch,False
2026-05-16,P021,8,65.0,Lunch,False
2026-05-16,P001,22,15.0,Evening,False
2026-05-16,P002,11,20.0,Evening,False
2026-05-16,P003,3,35.0,Evening,False
2026-05-16,P004,5,25.0,Evening,False
2026-05-16,P005,9,15.0,Evening,False
2026-05-16,P006,13,20.0,Evening,False
2026-05-16,P011,7,20.0,Evening,False
2026-05-16,P019,11,45.0,Evening,False
2026-05-16,P020,6,60.0,Evening,False
2026-05-16,P021,5,65.0,Evening,False
2026-05-16,P022,9,25.0,Evening,False
2026-05-16,P007,4,25.0,Evening,False
2026-05-16,P018,6,60.0,Evening,False
2026-05-16,P017,3,70.0,Evening,False
2026-05-16,P014,2,50.0,Evening,False
2026-05-17,P001,8,15.0,Morning,False
2026-05-17,P002,10,20.0,Morning,False
2026-05-17,P007,12,25.0,Morning,False
2026-05-17,P008,8,50.0,Morning,False
2026-05-17,P009,7,40.0,Morning,False
2026-05-17,P010,5,60.0,Morning,False
2026-05-17,P011,5,20.0,Morning,False
2026-05-17,P005,5,15.0,Morning,False
2026-05-17,P006,10,20.0,Morning,False
2026-05-17,P004,4,25.0,Morning,False
2026-05-17,P012,9,80.0,Lunch,False
2026-05-17,P014,6,50.0,Lunch,False
2026-05-17,P015,5,90.0,Lunch,False
2026-05-17,P016,11,75.0,Lunch,False
2026-05-17,P017,6,70.0,Lunch,False
2026-05-17,P018,9,60.0,Lunch,False
2026-05-17,P001,13,15.0,Lunch,False
2026-05-17,P002,6,20.0,Lunch,False
2026-05-17,P003,6,35.0,Lunch,False
2026-05-17,P004,9,25.0,Lunch,False
2026-05-17,P005,3,15.0,Lunch,False
2026-05-17,P019,7,45.0,Lunch,False
2026-05-17,P021,5,65.0,Lunch,False
2026-05-17,P001,17,15.0,Evening,False
2026-05-17,P002,12,20.0,Evening,False
2026-05-17,P003,8,35.0,Evening,False
2026-05-17,P004,6,25.0,Evening,False
2026-05-17,P005,17,15.0,Evening,False
2026-05-17,P006,9,20.0,Evening,False
2026-05-17,P011,10,20.0,Evening,False
2026-05-17,P019,6,45.0,Evening,False
2026-05-17,P020,4,60.0,Evening,False
2026-05-17,P021,9,65.0,Evening,False
2026-05-17,P022,8,25.0,Evening,False
2026-05-17,P007,6,25.0,Evening,False
2026-05-17,P018,3,60.0,Evening,False
2026-05-17,P017,4,70.0,Evening,False
2026-05-17,P014,3,50.0,Evening,False
2026-05-18,P001,47,15.0,Morning,True
2026-05-18,P002,38,20.0,Morning,True
2026-05-18,P007,14,25.0,Morning,True
2026-05-18,P008,11,50.0,Morning,True
2026-05-18,P009,20,40.0,Morning,True
2026-05-18,P010,19,60.0,Morning,True
2026-05-18,P011,28,20.0,Morning,True
2026-05-18,P005,23,15.0,Morning,True
2026-05-18,P006,27,20.0,Morning,True
2026-05-18,P004,15,25.0,Morning,True
2026-05-18,P012,38,80.0,Lunch,True
2026-05-18,P013,42,60.0,Lunch,True
2026-05-18,P014,16,50.0,Lunch,True
2026-05-18,P015,24,90.0,Lunch,True
2026-05-18,P016,26,75.0,Lunch,True
2026-05-18,P017,25,70.0,Lunch,True
2026-05-18,P018,15,60.0,Lunch,True
2026-05-18,P001,34,15.0,Lunch,True
2026-05-18,P002,17,20.0,Lunch,True
2026-05-18,P003,14,35.0,Lunch,True
2026-05-18,P004,33,25.0,Lunch,True
2026-05-18,P005,21,15.0,Lunch,True
2026-05-18,P019,9,45.0,Lunch,True
2026-05-18,P021,11,65.0,Lunch,True
2026-05-18,P001,47,15.0,Evening,True
2026-05-18,P002,26,20.0,Evening,True
2026-05-18,P003,10,35.0,Evening,True
2026-05-18,P004,11,25.0,Evening,True
2026-05-18,P005,30,15.0,Evening,True
2026-05-18,P006,32,20.0,Evening,True
2026-05-18,P011,22,20.0,Evening,True
2026-05-18,P019,25,45.0,Evening,True
2026-05-18,P020,28,60.0,Evening,True
2026-05-18,P021,29,65.0,Evening,True
2026-05-18,P022,23,25.0,Evening,True
2026-05-18,P007,14,25.0,Evening,True
2026-05-18,P018,19,60.0,Evening,True
2026-05-18,P017,8,70.0,Evening,True
2026-05-18,P014,14,50.0,Evening,True
2026-05-19,P001,23,15.0,Morning,True
2026-05-19,P002,23,20.0,Morning,True
2026-05-19,P007,26,25.0,Morning,True
2026-05-19,P008,13,50.0,Morning,True
2026-05-19,P009,24,40.0,Morning,True
2026-05-19,P010,17,60.0,Morning,True
2026-05-19,P011,12,20.0,Morning,True
2026-05-19,P005,14,15.0,Morning,True
2026-05-19,P006,20,20.0,Morning,True
2026-05-19,P004,12,25.0,Morning,True
2026-05-19,P012,43,80.0,Lunch,True
2026-05-19,P013,24,60.0,Lunch,True
2026-05-19,P014,17,50.0,Lunch,True
2026-05-19,P015,14,90.0,Lunch,True
2026-05-19,P016,16,75.0,Lunch,True
2026-05-19,P017,27,70.0,Lunch,True
2026-05-19,P018,16,60.0,Lunch,True
2026-05-19,P001,25,15.0,Lunch,True
2026-05-19,P002,19,20.0,Lunch,True
2026-05-19,P003,19,35.0,Lunch,True
2026-05-19,P004,28,25.0,Lunch,True
2026-05-19,P005,13,15.0,Lunch,True
2026-05-19,P019,20,45.0,Lunch,True
2026-05-19,P021,19,65.0,Lunch,True
2026-05-19,P001,42,15.0,Evening,True
2026-05-19,P002,36,20.0,Evening,True
2026-05-19,P003,20,35.0,Evening,True
2026-05-19,P004,26,25.0,Evening,True
2026-05-19,P005,23,15.0,Evening,True
2026-05-19,P006,32,20.0,Evening,True
2026-05-19,P011,19,20.0,Evening,True
2026-05-19,P019,23,45.0,Evening,True
2026-05-19,P020,27,60.0,Evening,True
2026-05-19,P021,23,65.0,Evening,True
2026-05-19,P022,20,25.0,Evening,True
2026-05-19,P007,17,25.0,Evening,True
2026-05-19,P018,17,60.0,Evening,True
2026-05-19,P017,9,70.0,Evening,True
2026-05-19,P014,10,50.0,Evening,True
2026-05-20,P001,56,15.0,Morning,True
2026-05-20,P002,26,20.0,Morning,True
2026-05-20,P007,22,25.0,Morning,True
2026-05-20,P008,20,50.0,Morning,True
2026-05-20,P009,32,40.0,Morning,True
2026-05-20,P010,13,60.0,Morning,True
2026-05-20,P011,14,20.0,Morning,True
2026-05-20,P005,21,15.0,Morning,True
2026-05-20,P004,11,25.0,Morning,True
2026-05-20,P013,31,60.0,Lunch,True
2026-05-20,P014,17,50.0,Lunch,True
2026-05-20,P015,13,90.0,Lunch,True
2026-05-20,P016,19,75.0,Lunch,True
2026-05-20,P017,31,70.0,Lunch,True
2026-05-20,P018,24,60.0,Lunch,True
2026-05-20,P001,27,15.0,Lunch,True
2026-05-20,P002,10,20.0,Lunch,True
2026-05-20,P003,24,35.0,Lunch,True
2026-05-20,P004,20,25.0,Lunch,True
2026-05-20,P005,17,15.0,Lunch,True
2026-05-20,P019,16,45.0,Lunch,True
2026-05-20,P021,14,65.0,Lunch,True
2026-05-20,P001,44,15.0,Evening,True
2026-05-20,P002,21,20.0,Evening,True
2026-05-20,P003,10,35.0,Evening,True
2026-05-20,P004,18,25.0,Evening,True
2026-05-20,P005,30,15.0,Evening,True
2026-05-20,P006,47,20.0,Evening,True
2026-05-20,P011,36,20.0,Evening,True
2026-05-20,P019,26,45.0,Evening,True
2026-05-20,P020,19,60.0,Evening,True
2026-05-20,P021,19,65.0,Evening,True
2026-05-20,P022,22,25.0,Evening,True
2026-05-20,P007,18,25.0,Evening,True
2026-05-20,P018,20,60.0,Evening,True
2026-05-20,P014,16,50.0,Evening,True
2026-05-21,P001,41,15.0,Morning,True
2026-05-21,P002,36,20.0,Morning,True
2026-05-21,P007,20,25.0,Morning,True
2026-05-21,P008,26,50.0,Morning,True
2026-05-21,P009,15,40.0,Morning,True
2026-05-21,P010,23,60.0,Morning,True
2026-05-21,P011,17,20.0,Morning,True
2026-05-21,P005,17,15.0,Morning,True
2026-05-21,P006,12,20.0,Morning,True
2026-05-21,P004,15,25.0,Morning,True
2026-05-21,P012,52,80.0,Lunch,True
2026-05-21,P013,33,60.0,Lunch,True
2026-05-21,P014,15,50.0,Lunch,True
2026-05-21,P015,21,90.0,Lunch,True
2026-05-21,P016,30,75.0,Lunch,True
2026-05-21,P017,40,70.0,Lunch,True
2026-05-21,P018,18,60.0,Lunch,True
2026-05-21,P001,46,15.0,Lunch,True
2026-05-21,P002,24,20.0,Lunch,True
2026-05-21,P003,23,35.0,Lunch,True
2026-05-21,P004,23,25.0,Lunch,True
2026-05-21,P005,18,15.0,Lunch,True
2026-05-21,P019,10,45.0,Lunch,True
2026-05-21,P021,21,65.0,Lunch,True
2026-05-21,P001,64,15.0,Evening,True
2026-05-21,P002,42,20.0,Evening,True
2026-05-21,P003,25,35.0,Evening,True
2026-05-21,P004,28,25.0,Evening,True
2026-05-21,P005,27,15.0,Evening,True
2026-05-21,P006,47,20.0,Evening,True
2026-05-21,P011,36,20.0,Evening,True
2026-05-21,P019,26,45.0,Evening,True
2026-05-21,P020,19,60.0,Evening,True
2026-05-21,P021,37,65.0,Evening,True
2026-05-21,P022,23,25.0,Evening,True
2026-05-21,P007,9,25.0,Evening,True
2026-05-21,P018,22,60.0,Evening,True
2026-05-21,P017,12,70.0,Evening,True
2026-05-21,P014,16,50.0,Evening,True
2026-05-22,P001,58,15.0,Morning,True
2026-05-22,P002,36,20.0,Morning,True
2026-05-22,P007,25,25.0,Morning,True
2026-05-22,P008,25,50.0,Morning,True
2026-05-22,P009,23,40.0,Morning,True
2026-05-22,P010,11,60.0,Morning,True
2026-05-22,P011,22,20.0,Morning,True
2026-05-22,P005,18,15.0,Morning,True
2026-05-22,P006,26,20.0,Morning,True
2026-05-22,P004,20,25.0,Morning,True
2026-05-22,P012,38,80.0,Lunch,True
2026-05-22,P013,18,60.0,Lunch,True
2026-05-22,P014,36,50.0,Lunch,True
2026-05-22,P015,16,90.0,Lunch,True
2026-05-22,P016,23,75.0,Lunch,True
2026-05-22,P017,37,70.0,Lunch,True
2026-05-22,P018,30,60.0,Lunch,True
2026-05-22,P001,45,15.0,Lunch,True
2026-05-22,P002,24,20.0,Lunch,True
2026-05-22,P003,21,35.0,Lunch,True
2026-05-22,P004,18,25.0,Lunch,True
2026-05-22,P005,19,15.0,Lunch,True
2026-05-22,P021,12,65.0,Lunch,True
2026-05-22,P001,39,15.0,Evening,True
2026-05-22,P002,24,20.0,Evening,True
2026-05-22,P003,14,35.0,Evening,True
2026-05-22,P004,20,25.0,Evening,True
2026-05-22,P005,37,15.0,Evening,True
2026-05-22,P006,25,20.0,Evening,True
2026-05-22,P011,16,20.0,Evening,True
2026-05-22,P019,26,45.0,Evening,True
2026-05-22,P020,24,60.0,Evening,True
2026-05-22,P021,18,65.0,Evening,True
2026-05-22,P022,21,25.0,Evening,True
2026-05-22,P007,10,25.0,Evening,True
2026-05-22,P018,20,60.0,Evening,True
2026-05-22,P017,20,70.0,Evening,True
2026-05-22,P014,16,50.0,Evening,True
2026-05-23,P001,15,15.0,Morning,False
2026-05-23,P002,9,20.0,Morning,False
2026-05-23,P007,9,25.0,Morning,False
2026-05-23,P008,9,50.0,Morning,False
2026-05-23,P009,7,40.0,Morning,False
2026-05-23,P010,9,60.0,Morning,False
2026-05-23,P011,5,20.0,Morning,False
2026-05-23,P005,10,15.0,Morning,False
2026-05-23,P006,9,20.0,Morning,False
2026-05-23,P004,5,25.0,Morning,False
2026-05-23,P012,14,80.0,Lunch,False
2026-05-23,P013,12,60.0,Lunch,False
2026-05-23,P014,5,50.0,Lunch,False
2026-05-23,P015,7,90.0,Lunch,False
2026-05-23,P016,6,75.0,Lunch,False
2026-05-23,P017,9,70.0,Lunch,False
2026-05-23,P018,10,60.0,Lunch,False
2026-05-23,P001,15,15.0,Lunch,False
2026-05-23,P002,5,20.0,Lunch,False
2026-05-23,P003,10,35.0,Lunch,False
2026-05-23,P004,11,25.0,Lunch,False
2026-05-23,P005,6,15.0,Lunch,False
2026-05-23,P019,7,45.0,Lunch,False
2026-05-23,P021,4,65.0,Lunch,False
2026-05-23,P001,18,15.0,Evening,False
2026-05-23,P002,6,20.0,Evening,False
2026-05-23,P003,3,35.0,Evening,False
2026-05-23,P004,8,25.0,Evening,False
2026-05-23,P005,14,15.0,Evening,False
2026-05-23,P006,8,20.0,Evening,False
2026-05-23,P011,13,20.0,Evening,False
2026-05-23,P019,5,45.0,Evening,False
2026-05-23,P020,8,60.0,Evening,False
2026-05-23,P021,12,65.0,Evening,False
2026-05-23,P022,6,25.0,Evening,False
2026-05-23,P007,4,25.0,Evening,False
2026-05-23,P018,3,60.0,Evening,False
2026-05-23,P017,6,70.0,Evening,False
2026-05-23,P014,2,50.0,Evening,False
2026-05-24,P001,7,15.0,Morning,False
2026-05-24,P002,6,20.0,Morning,False
2026-05-24,P007,6,25.0,Morning,False
2026-05-24,P009,6,40.0,Morning,False
2026-05-24,P010,2,60.0,Morning,False
2026-05-24,P011,6,20.0,Morning,False
2026-05-24,P005,9,15.0,Morning,False
2026-05-24,P006,7,20.0,Morning,False
2026-05-24,P004,5,25.0,Morning,False
2026-05-24,P012,6,80.0,Lunch,False
2026-05-24,P013,4,60.0,Lunch,False
2026-05-24,P014,9,50.0,Lunch,False
2026-05-24,P015,4,90.0,Lunch,False
2026-05-24,P016,8,75.0,Lunch,False
2026-05-24,P017,5,70.0,Lunch,False
2026-05-24,P018,5,60.0,Lunch,False
2026-05-24,P001,5,15.0,Lunch,False
2026-05-24,P002,5,20.0,Lunch,False
2026-05-24,P003,5,35.0,Lunch,False
2026-05-24,P004,8,25.0,Lunch,False
2026-05-24,P005,5,15.0,Lunch,False
2026-05-24,P019,5,45.0,Lunch,False
2026-05-24,P021,5,65.0,Lunch,False
2026-05-24,P001,16,15.0,Evening,False
2026-05-24,P002,7,20.0,Evening,False
2026-05-24,P003,6,35.0,Evening,False
2026-05-24,P004,5,25.0,Evening,False
2026-05-24,P005,13,15.0,Evening,False
2026-05-24,P006,12,20.0,Evening,False
2026-05-24,P011,5,20.0,Evening,False
2026-05-24,P019,9,45.0,Evening,False
2026-05-24,P020,4,60.0,Evening,False
2026-05-24,P021,8,65.0,Evening,False
2026-05-24,P022,7,25.0,Evening,False
2026-05-24,P007,3,25.0,Evening,False
2026-05-24,P018,6,60.0,Evening,False
2026-05-24,P017,3,70.0,Evening,False
2026-05-24,P014,3,50.0,Evening,False
2026-05-25,P001,58,15.0,Morning,True
2026-05-25,P002,31,20.0,Morning,True
2026-05-25,P007,21,25.0,Morning,True
2026-05-25,P008,29,50.0,Morning,True
2026-05-25,P009,32,40.0,Morning,True
2026-05-25,P010,21,60.0,Morning,True
2026-05-25,P011,31,20.0,Morning,True
2026-05-25,P005,35,15.0,Morning,True
2026-05-25,P006,15,20.0,Morning,True
2026-05-25,P004,22,25.0,Morning,True
2026-05-25,P012,36,80.0,Lunch,True
2026-05-25,P013,23,60.0,Lunch,True
2026-05-25,P014,37,50.0,Lunch,True
2026-05-25,P015,20,90.0,Lunch,True
2026-05-25,P016,22,75.0,Lunch,True
2026-05-25,P017,23,70.0,Lunch,True
2026-05-25,P018,28,60.0,Lunch,True
2026-05-25,P001,35,15.0,Lunch,True
2026-05-25,P002,12,20.0,Lunch,True
2026-05-25,P003,16,35.0,Lunch,True
2026-05-25,P004,39,25.0,Lunch,True
2026-05-25,P005,22,15.0,Lunch,True
2026-05-25,P019,24,45.0,Lunch,True
2026-05-25,P001,39,15.0,Evening,True
2026-05-25,P002,28,20.0,Evening,True
2026-05-25,P003,28,35.0,Evening,True
2026-05-25,P004,21,25.0,Evening,True
2026-05-25,P005,46,15.0,Evening,True
2026-05-25,P006,32,20.0,Evening,True
2026-05-25,P011,32,20.0,Evening,True
2026-05-25,P019,22,45.0,Evening,True
2026-05-25,P020,13,60.0,Evening,True
2026-05-25,P021,37,65.0,Evening,True
2026-05-25,P022,14,25.0,Evening,True
2026-05-25,P007,9,25.0,Evening,True
2026-05-25,P018,24,60.0,Evening,True
2026-05-25,P017,22,70.0,Evening,True
2026-05-25,P014,8,50.0,Evening,True
2026-05-26,P001,59,15.0,Morning,True
2026-05-26,P002,42,20.0,Morning,True
2026-05-26,P007,31,25.0,Morning,True
2026-05-26,P008,23,50.0,Morning,True
2026-05-26,P009,33,40.0,Morning,True
2026-05-26,P010,12,60.0,Morning,True
2026-05-26,P011,32,20.0,Morning,True
2026-05-26,P005,18,15.0,Morning,True
2026-05-26,P006,16,20.0,Morning,True
2026-05-26,P004,12,25.0,Morning,True
2026-05-26,P012,52,80.0,Lunch,True
2026-05-26,P013,38,60.0,Lunch,True
2026-05-26,P014,16,50.0,Lunch,True
2026-05-26,P015,21,90.0,Lunch,True
2026-05-26,P016,22,75.0,Lunch,True
2026-05-26,P017,28,70.0,Lunch,True
2026-05-26,P018,21,60.0,Lunch,True
2026-05-26,P001,23,15.0,Lunch,True
2026-05-26,P002,17,20.0,Lunch,True
2026-05-26,P003,31,35.0,Lunch,True
2026-05-26,P004,28,25.0,Lunch,True
2026-05-26,P005,13,15.0,Lunch,True
2026-05-26,P019,14,45.0,Lunch,True
2026-05-26,P021,13,65.0,Lunch,True
2026-05-26,P001,48,15.0,Evening,True
2026-05-26,P002,40,20.0,Evening,True
2026-05-26,P003,16,35.0,Evening,True
2026-05-26,P004,22,25.0,Evening,True
2026-05-26,P005,29,15.0,Evening,True
2026-05-26,P006,25,20.0,Evening,True
2026-05-26,P011,34,20.0,Evening,True
2026-05-26,P019,17,45.0,Evening,True
2026-05-26,P020,14,60.0,Evening,True
2026-05-26,P021,35,65.0,Evening,True
2026-05-26,P022,14,25.0,Evening,True
2026-05-26,P007,15,25.0,Evening,True
2026-05-26,P018,18,60.0,Evening,True
2026-05-26,P017,9,70.0,Evening,True
2026-05-26,P014,14,50.0,Evening,True
2026-05-27,P001,53,15.0,Morning,True
2026-05-27,P002,21,20.0,Morning,True
2026-05-27,P008,17,50.0,Morning,True
2026-05-27,P009,26,40.0,Morning,True
2026-05-27,P010,20,60.0,Morning,True
2026-05-27,P005,26,15.0,Morning,True
2026-05-27,P006,15,20.0,Morning,True
2026-05-27,P004,13,25.0,Morning,True
2026-05-27,P012,22,80.0,Lunch,True
2026-05-27,P013,36,60.0,Lunch,True
2026-05-27,P014,25,50.0,Lunch,True
2026-05-27,P015,21,90.0,Lunch,True
2026-05-27,P016,14,75.0,Lunch,True
2026-05-27,P017,17,70.0,Lunch,True
2026-05-27,P018,21,60.0,Lunch,True
2026-05-27,P001,43,15.0,Lunch,True
2026-05-27,P002,21,20.0,Lunch,True
2026-05-27,P003,12,35.0,Lunch,True
2026-05-27,P004,14,25.0,Lunch,True
2026-05-27,P005,12,15.0,Lunch,True
2026-05-27,P019,10,45.0,Lunch,True
2026-05-27,P021,25,65.0,Lunch,True
2026-05-27,P001,30,15.0,Evening,True
2026-05-27,P002,33,20.0,Evening,True
2026-05-27,P003,12,35.0,Evening,True
2026-05-27,P004,15,25.0,Evening,True
2026-05-27,P005,53,15.0,Evening,True
2026-05-27,P006,40,20.0,Evening,True
2026-05-27,P011,22,20.0,Evening,True
2026-05-27,P019,20,45.0,Evening,True
2026-05-27,P020,22,60.0,Evening,True
2026-05-27,P021,21,65.0,Evening,True
2026-05-27,P022,20,25.0,Evening,True
2026-05-27,P007,19,25.0,Evening,True
2026-05-27,P018,22,60.0,Evening,True
2026-05-27,P017,15,70.0,Evening,True
2026-05-27,P014,10,50.0,Evening,True
2026-05-28,P001,29,15.0,Morning,True
2026-05-28,P002,29,20.0,Morning,True
2026-05-28,P007,35,25.0,Morning,True
2026-05-28,P008,14,50.0,Morning,True
2026-05-28,P009,20,40.0,Morning,True
2026-05-28,P010,26,60.0,Morning,True
2026-05-28,P011,29,20.0,Morning,True
2026-05-28,P005,27,15.0,Morning,True
2026-05-28,P006,16,20.0,Morning,True
2026-05-28,P004,11,25.0,Morning,True
2026-05-28,P012,50,80.0,Lunch,True
2026-05-28,P013,19,60.0,Lunch,True
2026-05-28,P014,17,50.0,Lunch,True
2026-05-28,P015,30,90.0,Lunch,True
2026-05-28,P016,17,75.0,Lunch,True
2026-05-28,P017,36,70.0,Lunch,True
2026-05-28,P018,16,60.0,Lunch,True
2026-05-28,P001,33,15.0,Lunch,True
2026-05-28,P002,17,20.0,Lunch,True
2026-05-28,P003,17,35.0,Lunch,True
2026-05-28,P004,33,25.0,Lunch,True
2026-05-28,P005,19,15.0,Lunch,True
2026-05-28,P019,22,45.0,Lunch,True
2026-05-28,P021,12,65.0,Lunch,True
2026-05-28,P001,53,15.0,Evening,True
2026-05-28,P002,24,20.0,Evening,True
2026-05-28,P003,16,35.0,Evening,True
2026-05-28,P004,22,25.0,Evening,True
2026-05-28,P005,53,15.0,Evening,True
2026-05-28,P006,24,20.0,Evening,True
2026-05-28,P011,33,20.0,Evening,True
2026-05-28,P019,37,45.0,Evening,True
2026-05-28,P020,29,60.0,Evening,True
2026-05-28,P021,34,65.0,Evening,True
2026-05-28,P022,28,25.0,Evening,True
2026-05-28,P007,14,25.0,Evening,True
2026-05-28,P018,17,60.0,Evening,True
2026-05-28,P017,8,70.0,Evening,True
2026-05-28,P014,16,50.0,Evening,True
2026-05-29,P001,43,15.0,Morning,True
2026-05-29,P002,26,20.0,Morning,True
2026-05-29,P007,29,25.0,Morning,True
2026-05-29,P008,21,50.0,Morning,True
2026-05-29,P009,38,40.0,Morning,True
2026-05-29,P010,11,60.0,Morning,True
2026-05-29,P011,31,20.0,Morning,True
2026-05-29,P005,25,15.0,Morning,True
2026-05-29,P006,27,20.0,Morning,True
2026-05-29,P004,16,25.0,Morning,True
2026-05-29,P013,42,60.0,Lunch,True
2026-05-29,P014,34,50.0,Lunch,True
2026-05-29,P015,14,90.0,Lunch,True
2026-05-29,P016,17,75.0,Lunch,True
2026-05-29,P017,37,70.0,Lunch,True
2026-05-29,P018,19,60.0,Lunch,True
2026-05-29,P001,30,15.0,Lunch,True
2026-05-29,P002,19,20.0,Lunch,True
2026-05-29,P003,28,35.0,Lunch,True
2026-05-29,P004,37,25.0,Lunch,True
2026-05-29,P005,12,15.0,Lunch,True
2026-05-29,P019,21,45.0,Lunch,True
2026-05-29,P021,29,65.0,Lunch,True
2026-05-29,P001,71,15.0,Evening,True
2026-05-29,P002,34,20.0,Evening,True
2026-05-29,P003,12,35.0,Evening,True
2026-05-29,P004,21,25.0,Evening,True
2026-05-29,P005,29,15.0,Evening,True
2026-05-29,P006,44,20.0,Evening,True
2026-05-29,P011,18,20.0,Evening,True
2026-05-29,P019,28,45.0,Evening,True
2026-05-29,P020,29,60.0,Evening,True
2026-05-29,P021,33,65.0,Evening,True
2026-05-29,P022,19,25.0,Evening,True
2026-05-29,P007,14,25.0,Evening,True
2026-05-29,P018,24,60.0,Evening,True
2026-05-29,P017,15,70.0,Evening,True
2026-05-29,P014,8,50.0,Evening,True
2026-05-30,P001,11,15.0,Morning,False
2026-05-30,P002,9,20.0,Morning,False
2026-05-30,P007,5,25.0,Morning,False
2026-05-30,P008,5,50.0,Morning,False
2026-05-30,P009,4,40.0,Morning,False
2026-05-30,P010,4,60.0,Morning,False
2026-05-30,P011,7,20.0,Morning,False
2026-05-30,P006,5,20.0,Morning,False
2026-05-30,P004,4,25.0,Morning,False
2026-05-30,P012,11,80.0,Lunch,False
2026-05-30,P013,4,60.0,Lunch,False
2026-05-30,P014,4,50.0,Lunch,False
2026-05-30,P015,3,90.0,Lunch,False
2026-05-30,P016,4,75.0,Lunch,False
2026-05-30,P017,8,70.0,Lunch,False
2026-05-30,P018,8,60.0,Lunch,False
2026-05-30,P001,10,15.0,Lunch,False
2026-05-30,P002,6,20.0,Lunch,False
2026-05-30,P003,7,35.0,Lunch,False
2026-05-30,P004,7,25.0,Lunch,False
2026-05-30,P005,4,15.0,Lunch,False
2026-05-30,P019,4,45.0,Lunch,False
2026-05-30,P021,5,65.0,Lunch,False
2026-05-30,P001,12,15.0,Evening,False
2026-05-30,P002,8,20.0,Evening,False
2026-05-30,P003,2,35.0,Evening,False
2026-05-30,P004,6,25.0,Evening,False
2026-05-30,P005,12,15.0,Evening,False
2026-05-30,P006,10,20.0,Evening,False
2026-05-30,P011,4,20.0,Evening,False
2026-05-30,P019,8,45.0,Evening,False
2026-05-30,P020,4,60.0,Evening,False
2026-05-30,P021,6,65.0,Evening,False
2026-05-30,P022,4,25.0,Evening,False
2026-05-30,P007,3,25.0,Evening,False
2026-05-30,P018,5,60.0,Evening,False
2026-05-30,P017,3,70.0,Evening,False
2026-05-30,P014,3,50.0,Evening,False
2026-05-31,P001,13,15.0,Morning,False
2026-05-31,P002,6,20.0,Morning,False
2026-05-31,P007,9,25.0,Morning,False
2026-05-31,P008,4,50.0,Morning,False
2026-05-31,P009,7,40.0,Morning,False
2026-05-31,P011,5,20.0,Morning,False
2026-05-31,P005,9,15.0,Morning,False
2026-05-31,P006,8,20.0,Morning,False
2026-05-31,P004,2,25.0,Morning,False
2026-05-31,P012,6,80.0,Lunch,False
2026-05-31,P013,6,60.0,Lunch,False
2026-05-31,P014,10,50.0,Lunch,False
2026-05-31,P015,6,90.0,Lunch,False
2026-05-31,P016,6,75.0,Lunch,False
2026-05-31,P017,7,70.0,Lunch,False
2026-05-31,P018,4,60.0,Lunch,False
2026-05-31,P001,11,15.0,Lunch,False
2026-05-31,P002,7,20.0,Lunch,False
2026-05-31,P003,8,35.0,Lunch,False
2026-05-31,P004,9,25.0,Lunch,False
2026-05-31,P005,6,15.0,Lunch,False
2026-05-31,P019,6,45.0,Lunch,False
2026-05-31,P021,6,65.0,Lunch,False
2026-05-31,P001,16,15.0,Evening,False
2026-05-31,P002,6,20.0,Evening,False
2026-05-31,P003,7,35.0,Evening,False
2026-05-31,P004,7,25.0,Evening,False
2026-05-31,P005,7,15.0,Evening,False
2026-05-31,P006,11,20.0,Evening,False
2026-05-31,P011,11,20.0,Evening,False
2026-05-31,P019,7,45.0,Evening,False
2026-05-31,P020,8,60.0,Evening,False
2026-05-31,P021,5,65.0,Evening,False
2026-05-31,P022,6,25.0,Evening,False
2026-05-31,P007,6,25.0,Evening,False
2026-05-31,P018,7,60.0,Evening,False
2026-05-31,P017,5,70.0,Evening,False
2026-05-31,P014,4,50.0,Evening,False
2026-06-01,P001,33,15.0,Morning,True
2026-06-01,P002,37,20.0,Morning,True
2026-06-01,P007,20,25.0,Morning,True
2026-06-01,P008,19,50.0,Morning,True
2026-06-01,P009,33,40.0,Morning,True
2026-06-01,P010,20,60.0,Morning,True
2026-06-01,P011,14,20.0,Morning,True
2026-06-01,P005,29,15.0,Morning,True
2026-06-01,P006,16,20.0,Morning,True
2026-06-01,P004,11,25.0,Morning,True
2026-06-01,P012,43,80.0,Lunch,True
2026-06-01,P013,24,60.0,Lunch,True
2026-06-01,P014,18,50.0,Lunch,True
2026-06-01,P015,28,90.0,Lunch,True
2026-06-01,P016,18,75.0,Lunch,True
2026-06-01,P018,31,60.0,Lunch,True
2026-06-01,P001,25,15.0,Lunch,True
2026-06-01,P003,11,35.0,Lunch,True
2026-06-01,P004,23,25.0,Lunch,True
2026-06-01,P005,22,15.0,Lunch,True
2026-06-01,P019,17,45.0,Lunch,True
2026-06-01,P021,25,65.0,Lunch,True
2026-06-01,P001,36,15.0,Evening,True
2026-06-01,P002,17,20.0,Evening,True
2026-06-01,P003,22,35.0,Evening,True
2026-06-01,P004,13,25.0,Evening,True
2026-06-01,P005,41,15.0,Evening,True
2026-06-01,P006,22,20.0,Evening,True
2026-06-01,P011,39,20.0,Evening,True
2026-06-01,P019,21,45.0,Evening,True
2026-06-01,P020,21,60.0,Evening,True
2026-06-01,P021,24,65.0,Evening,True
2026-06-01,P022,31,25.0,Evening,True
2026-06-01,P007,17,25.0,Evening,True
2026-06-01,P018,20,60.0,Evening,True
2026-06-01,P017,7,70.0,Evening,True
2026-06-01,P014,16,50.0,Evening,True
2026-06-02,P001,62,15.0,Morning,True
2026-06-02,P002,36,20.0,Morning,True
2026-06-02,P007,36,25.0,Morning,True
2026-06-02,P008,20,50.0,Morning,True
2026-06-02,P009,28,40.0,Morning,True
2026-06-02,P010,17,60.0,Morning,True
2026-06-02,P011,21,20.0,Morning,True
2026-06-02,P005,31,15.0,Morning,True
2026-06-02,P006,28,20.0,Morning,True
2026-06-02,P004,11,25.0,Morning,True
2026-06-02,P012,26,80.0,Lunch,True
2026-06-02,P013,46,60.0,Lunch,True
2026-06-02,P014,22,50.0,Lunch,True
2026-06-02,P016,32,75.0,Lunch,True
2026-06-02,P017,39,70.0,Lunch,True
2026-06-02,P018,29,60.0,Lunch,True
2026-06-02,P001,40,15.0,Lunch,True
2026-06-02,P002,17,20.0,Lunch,True
2026-06-02,P003,28,35.0,Lunch,True
2026-06-02,P004,21,25.0,Lunch,True
2026-06-02,P005,17,15.0,Lunch,True
2026-06-02,P019,20,45.0,Lunch,True
2026-06-02,P021,25,65.0,Lunch,True
2026-06-02,P001,66,15.0,Evening,True
2026-06-02,P002,19,20.0,Evening,True
2026-06-02,P003,19,35.0,Evening,True
2026-06-02,P004,27,25.0,Evening,True
2026-06-02,P005,54,15.0,Evening,True
2026-06-02,P006,50,20.0,Evening,True
2026-06-02,P011,37,20.0,Evening,True
2026-06-02,P019,38,45.0,Evening,True
2026-06-02,P020,17,60.0,Evening,True
2026-06-02,P021,31,65.0,Evening,True
2026-06-02,P022,28,25.0,Evening,True
2026-06-02,P007,18,25.0,Evening,True
2026-06-02,P018,19,60.0,Evening,True
2026-06-02,P017,11,70.0,Evening,True
2026-06-02,P014,18,50.0,Evening,True
2026-06-03,P001,45,15.0,Morning,True
2026-06-03,P002,25,20.0,Morning,True
2026-06-03,P007,29,25.0,Morning,True
2026-06-03,P008,20,50.0,Morning,True
2026-06-03,P009,23,40.0,Morning,True
2026-06-03,P010,17,60.0,Morning,True
2026-06-03,P011,13,20.0,Morning,True
2026-06-03,P005,28,15.0,Morning,True
2026-06-03,P006,17,20.0,Morning,True
2026-06-03,P004,20,25.0,Morning,True
2026-06-03,P012,50,80.0,Lunch,True
2026-06-03,P013,37,60.0,Lunch,True
2026-06-03,P014,34,50.0,Lunch,True
2026-06-03,P015,12,90.0,Lunch,True
2026-06-03,P016,16,75.0,Lunch,True
2026-06-03,P017,26,70.0,Lunch,True
2026-06-03,P018,32,60.0,Lunch,True
2026-06-03,P001,21,15.0,Lunch,True
2026-06-03,P002,21,20.0,Lunch,True
2026-06-03,P003,17,35.0,Lunch,True
2026-06-03,P004,27,25.0,Lunch,True
2026-06-03,P005,17,15.0,Lunch,True
2026-06-03,P019,12,45.0,Lunch,True
2026-06-03,P021,22,65.0,Lunch,True
2026-06-03,P001,65,15.0,Evening,True
2026-06-03,P002,15,20.0,Evening,True
2026-06-03,P003,10,35.0,Evening,True
2026-06-03,P004,28,25.0,Evening,True
2026-06-03,P005,50,15.0,Evening,True
2026-06-03,P006,21,20.0,Evening,True
2026-06-03,P011,24,20.0,Evening,True
2026-06-03,P020,19,60.0,Evening,True
2026-06-03,P021,38,65.0,Evening,True
2026-06-03,P022,24,25.0,Evening,True
2026-06-03,P007,10,25.0,Evening,True
2026-06-03,P018,24,60.0,Evening,True
2026-06-03,P017,9,70.0,Evening,True
2026-06-03,P014,14,50.0,Evening,True
2026-06-04,P001,53,15.0,Morning,True
2026-06-04,P007,33,25.0,Morning,True
2026-06-04,P008,16,50.0,Morning,True
2026-06-04,P009,34,40.0,Morning,True
2026-06-04,P010,16,60.0,Morning,True
2026-06-04,P011,21,20.0,Morning,True
2026-06-04,P005,29,15.0,Morning,True
2026-06-04,P006,12,20.0,Morning,True
2026-06-04,P004,15,25.0,Morning,True
2026-06-04,P012,37,80.0,Lunch,True
2026-06-04,P013,37,60.0,Lunch,True
2026-06-04,P014,25,50.0,Lunch,True
2026-06-04,P015,19,90.0,Lunch,True
2026-06-04,P016,32,75.0,Lunch,True
2026-06-04,P017,26,70.0,Lunch,True
2026-06-04,P018,33,60.0,Lunch,True
2026-06-04,P001,33,15.0,Lunch,True
2026-06-04,P003,24,35.0,Lunch,True
2026-06-04,P004,33,25.0,Lunch,True
2026-06-04,P005,24,15.0,Lunch,True
2026-06-04,P019,10,45.0,Lunch,True
2026-06-04,P021,19,65.0,Lunch,True
2026-06-04,P001,62,15.0,Evening,True
2026-06-04,P002,36,20.0,Evening,True
2026-06-04,P003,14,35.0,Evening,True
2026-06-04,P004,14,25.0,Evening,True
2026-06-04,P005,37,15.0,Evening,True
2026-06-04,P006,52,20.0,Evening,True
2026-06-04,P011,18,20.0,Evening,True
2026-06-04,P019,35,45.0,Evening,True
2026-06-04,P020,28,60.0,Evening,True
2026-06-04,P021,34,65.0,Evening,True
2026-06-04,P022,13,25.0,Evening,True
2026-06-04,P007,12,25.0,Evening,True
2026-06-04,P018,20,60.0,Evening,True
2026-06-04,P017,8,70.0,Evening,True
2026-06-04,P014,15,50.0,Evening,True
2026-06-05,P001,43,15.0,Morning,True
2026-06-05,P002,39,20.0,Morning,True
2026-06-05,P007,30,25.0,Morning,True
2026-06-05,P008,22,50.0,Morning,True
2026-06-05,P009,22,40.0,Morning,True
2026-06-05,P010,25,60.0,Morning,True
2026-06-05,P011,14,20.0,Morning,True
2026-06-05,P005,28,15.0,Morning,True
2026-06-05,P006,24,20.0,Morning,True
2026-06-05,P004,8,25.0,Morning,True
2026-06-05,P012,27,80.0,Lunch,True
2026-06-05,P013,32,60.0,Lunch,True
2026-06-05,P014,18,50.0,Lunch,True
2026-06-05,P015,25,90.0,Lunch,True
2026-06-05,P016,30,75.0,Lunch,True
2026-06-05,P017,39,70.0,Lunch,True
2026-06-05,P018,28,60.0,Lunch,True
2026-06-05,P001,29,15.0,Lunch,True
2026-06-05,P002,19,20.0,Lunch,True
2026-06-05,P003,20,35.0,Lunch,True
2026-06-05,P004,34,25.0,Lunch,True
2026-06-05,P005,15,15.0,Lunch,True
2026-06-05,P019,18,45.0,Lunch,True
2026-06-05,P021,23,65.0,Lunch,True
2026-06-05,P001,47,15.0,Evening,True
2026-06-05,P002,21,20.0,Evening,True
2026-06-05,P003,14,35.0,Evening,True
2026-06-05,P004,27,25.0,Evening,True
2026-06-05,P006,29,20.0,Evening,True
2026-06-05,P011,15,20.0,Evening,True
2026-06-05,P019,21,45.0,Evening,True
2026-06-05,P020,15,60.0,Evening,True
2026-06-05,P021,25,65.0,Evening,True
2026-06-05,P022,31,25.0,Evening,True
2026-06-05,P007,10,25.0,Evening,True
2026-06-05,P018,17,60.0,Evening,True
2026-06-05,P017,8,70.0,Evening,True
2026-06-05,P014,10,50.0,Evening,True
2026-06-06,P001,13,15.0,Morning,False
2026-06-06,P002,8,20.0,Morning,False
2026-06-06,P007,10,25.0,Morning,False
2026-06-06,P008,5,50.0,Morning,False
2026-06-06,P009,9,40.0,Morning,False
2026-06-06,P010,2,60.0,Morning,False
2026-06-06,P011,3,20.0,Morning,False
2026-06-06,P005,6,15.0,Morning,False
2026-06-06,P006,7,20.0,Morning,False
2026-06-06,P004,5,25.0,Morning,False
2026-06-06,P012,14,80.0,Lunch,False
2026-06-06,P013,12,60.0,Lunch,False
2026-06-06,P014,4,50.0,Lunch,False
2026-06-06,P015,4,90.0,Lunch,False
2026-06-06,P016,8,75.0,Lunch,False
2026-06-06,P017,6,70.0,Lunch,False
2026-06-06,P018,4,60.0,Lunch,False
2026-06-06,P001,5,15.0,Lunch,False
2026-06-06,P002,5,20.0,Lunch,False
2026-06-06,P003,6,35.0,Lunch,False
2026-06-06,P004,8,25.0,Lunch,False
2026-06-06,P005,3,15.0,Lunch,False
2026-06-06,P019,5,45.0,Lunch,False
2026-06-06,P021,8,65.0,Lunch,False
2026-06-06,P001,12,15.0,Evening,False
2026-06-06,P002,9,20.0,Evening,False
2026-06-06,P003,6,35.0,Evening,False
2026-06-06,P004,4,25.0,Evening,False
2026-06-06,P005,11,15.0,Evening,False
2026-06-06,P006,11,20.0,Evening,False
2026-06-06,P011,11,20.0,Evening,False
2026-06-06,P019,6,45.0,Evening,False
2026-06-06,P020,7,60.0,Evening,False
2026-06-06,P021,9,65.0,Evening,False
2026-06-06,P022,9,25.0,Evening,False
2026-06-06,P007,5,25.0,Evening,False
2026-06-06,P018,4,60.0,Evening,False
2026-06-06,P017,3,70.0,Evening,False
2026-06-06,P014,2,50.0,Evening,False
2026-06-07,P001,18,15.0,Morning,False
2026-06-07,P002,7,20.0,Morning,False
2026-06-07,P007,8,25.0,Morning,False
2026-06-07,P008,7,50.0,Morning,False
2026-06-07,P009,4,40.0,Morning,False
2026-06-07,P010,5,60.0,Morning,False
2026-06-07,P011,3,20.0,Morning,False
2026-06-07,P005,4,15.0,Morning,False
2026-06-07,P006,8,20.0,Morning,False
2026-06-07,P004,2,25.0,Morning,False
2026-06-07,P012,10,80.0,Lunch,False
2026-06-07,P013,5,60.0,Lunch,False
2026-06-07,P014,10,50.0,Lunch,False
2026-06-07,P015,8,90.0,Lunch,False
2026-06-07,P016,8,75.0,Lunch,False
2026-06-07,P017,11,70.0,Lunch,False
2026-06-07,P018,9,60.0,Lunch,False
2026-06-07,P001,7,15.0,Lunch,False
2026-06-07,P002,3,20.0,Lunch,False
2026-06-07,P003,8,35.0,Lunch,False
2026-06-07,P004,9,25.0,Lunch,False
2026-06-07,P005,4,15.0,Lunch,False
2026-06-07,P019,3,45.0,Lunch,False
2026-06-07,P021,8,65.0,Lunch,False
2026-06-07,P001,14,15.0,Evening,False
2026-06-07,P002,12,20.0,Evening,False
2026-06-07,P003,4,35.0,Evening,False
2026-06-07,P004,8,25.0,Evening,False
2026-06-07,P006,11,20.0,Evening,False
2026-06-07,P011,6,20.0,Evening,False
2026-06-07,P019,8,45.0,Evening,False
2026-06-07,P020,5,60.0,Evening,False
2026-06-07,P021,10,65.0,Evening,False
2026-06-07,P022,8,25.0,Evening,False
2026-06-07,P007,2,25.0,Evening,False
2026-06-07,P018,7,60.0,Evening,False
2026-06-07,P017,4,70.0,Evening,False
2026-06-07,P014,4,50.0,Evening,False
2026-06-08,P001,54,15.0,Morning,True
2026-06-08,P002,33,20.0,Morning,True
2026-06-08,P007,13,25.0,Morning,True
2026-06-08,P008,27,50.0,Morning,True
2026-06-08,P009,23,40.0,Morning,True
2026-06-08,P010,22,60.0,Morning,True
2026-06-08,P011,24,20.0,Morning,True
2026-06-08,P005,15,15.0,Morning,True
2026-06-08,P006,12,20.0,Morning,True
2026-06-08,P004,16,25.0,Morning,True
2026-06-08,P012,18,80.0,Lunch,True
2026-06-08,P013,41,60.0,Lunch,True
2026-06-08,P015,24,90.0,Lunch,True
2026-06-08,P016,19,75.0,Lunch,True
2026-06-08,P017,34,70.0,Lunch,True
2026-06-08,P018,19,60.0,Lunch,True
2026-06-08,P001,41,15.0,Lunch,True
2026-06-08,P002,9,20.0,Lunch,True
2026-06-08,P003,19,35.0,Lunch,True
2026-06-08,P004,17,25.0,Lunch,True
2026-06-08,P005,15,15.0,Lunch,True
2026-06-08,P019,12,45.0,Lunch,True
2026-06-08,P021,16,65.0,Lunch,True
2026-06-08,P001,45,15.0,Evening,True
2026-06-08,P002,27,20.0,Evening,True
2026-06-08,P003,16,35.0,Evening,True
2026-06-08,P004,21,25.0,Evening,True
2026-06-08,P005,50,15.0,Evening,True
2026-06-08,P006,39,20.0,Evening,True
2026-06-08,P011,14,20.0,Evening,True
2026-06-08,P019,31,45.0,Evening,True
2026-06-08,P020,27,60.0,Evening,True
2026-06-08,P021,26,65.0,Evening,True
2026-06-08,P022,19,25.0,Evening,True
2026-06-08,P007,18,25.0,Evening,True
2026-06-08,P018,17,60.0,Evening,True
2026-06-08,P017,11,70.0,Evening,True
2026-06-08,P014,8,50.0,Evening,True
2026-06-09,P001,26,15.0,Morning,True
2026-06-09,P002,30,20.0,Morning,True
2026-06-09,P007,19,25.0,Morning,True
2026-06-09,P008,25,50.0,Morning,True
2026-06-09,P009,25,40.0,Morning,True
2026-06-09,P010,10,60.0,Morning,True
2026-06-09,P011,14,20.0,Morning,True
2026-06-09,P005,14,15.0,Morning,True
2026-06-09,P006,26,20.0,Morning,True
2026-06-09,P004,17,25.0,Morning,True
2026-06-09,P012,24,80.0,Lunch,True
2026-06-09,P013,26,60.0,Lunch,True
2026-06-09,P014,31,50.0,Lunch,True
2026-06-09,P015,11,90.0,Lunch,True
2026-06-09,P016,27,75.0,Lunch,True
2026-06-09,P017,28,70.0,Lunch,True
2026-06-09,P018,29,60.0,Lunch,True
2026-06-09,P001,27,15.0,Lunch,True
2026-06-09,P002,19,20.0,Lunch,True
2026-06-09,P003,23,35.0,Lunch,True
2026-06-09,P004,21,25.0,Lunch,True
2026-06-09,P005,12,15.0,Lunch,True
2026-06-09,P019,21,45.0,Lunch,True
2026-06-09,P021,23,65.0,Lunch,True
2026-06-09,P001,38,15.0,Evening,True
2026-06-09,P002,23,20.0,Evening,True
2026-06-09,P003,15,35.0,Evening,True
2026-06-09,P004,15,25.0,Evening,True
2026-06-09,P005,45,15.0,Evening,True
2026-06-09,P006,20,20.0,Evening,True
2026-06-09,P011,23,20.0,Evening,True
2026-06-09,P019,18,45.0,Evening,True
2026-06-09,P020,25,60.0,Evening,True
2026-06-09,P021,28,65.0,Evening,True
2026-06-09,P007,9,25.0,Evening,True
2026-06-09,P018,10,60.0,Evening,True
2026-06-09,P017,10,70.0,Evening,True
2026-06-09,P014,16,50.0,Evening,True
2026-06-10,P001,47,15.0,Morning,True
2026-06-10,P007,17,25.0,Morning,True
2026-06-10,P008,23,50.0,Morning,True
2026-06-10,P009,29,40.0,Morning,True
2026-06-10,P010,23,60.0,Morning,True
2026-06-10,P011,14,20.0,Morning,True
2026-06-10,P005,24,15.0,Morning,True
2026-06-10,P006,15,20.0,Morning,True
2026-06-10,P004,12,25.0,Morning,True
2026-06-10,P012,45,80.0,Lunch,True
2026-06-10,P013,30,60.0,Lunch,True
2026-06-10,P014,31,50.0,Lunch,True
2026-06-10,P015,26,90.0,Lunch,True
2026-06-10,P016,13,75.0,Lunch,True
2026-06-10,P017,34,70.0,Lunch,True
2026-06-10,P018,21,60.0,Lunch,True
2026-06-10,P001,29,15.0,Lunch,True
2026-06-10,P002,9,20.0,Lunch,True
2026-06-10,P003,23,35.0,Lunch,True
2026-06-10,P004,21,25.0,Lunch,True
2026-06-10,P005,15,15.0,Lunch,True
2026-06-10,P019,13,45.0,Lunch,True
2026-06-10,P021,21,65.0,Lunch,True
2026-06-10,P001,39,15.0,Evening,True
2026-06-10,P002,23,20.0,Evening,True
2026-06-10,P003,24,35.0,Evening,True
2026-06-10,P004,24,25.0,Evening,True
2026-06-10,P005,49,15.0,Evening,True
2026-06-10,P006,45,20.0,Evening,True
2026-06-10,P011,16,20.0,Evening,True
2026-06-10,P019,17,45.0,Evening,True
2026-06-10,P020,23,60.0,Evening,True
2026-06-10,P021,14,65.0,Evening,True
2026-06-10,P022,15,25.0,Evening,True
2026-06-10,P007,13,25.0,Evening,True
2026-06-10,P018,9,60.0,Evening,True
2026-06-10,P017,17,70.0,Evening,True
2026-06-10,P014,17,50.0,Evening,True
2026-06-11,P001,29,15.0,Morning,True
2026-06-11,P002,27,20.0,Morning,True
2026-06-11,P007,28,25.0,Morning,True
2026-06-11,P008,27,50.0,Morning,True
2026-06-11,P009,16,40.0,Morning,True
2026-06-11,P010,15,60.0,Morning,True
2026-06-11,P011,22,20.0,Morning,True
2026-06-11,P005,15,15.0,Morning,True
2026-06-11,P006,20,20.0,Morning,True
2026-06-11,P004,18,25.0,Morning,True
2026-06-11,P012,24,80.0,Lunch,True
2026-06-11,P013,35,60.0,Lunch,True
2026-06-11,P014,27,50.0,Lunch,True
2026-06-11,P015,24,90.0,Lunch,True
2026-06-11,P016,15,75.0,Lunch,True
2026-06-11,P017,28,70.0,Lunch,True
2026-06-11,P018,24,60.0,Lunch,True
2026-06-11,P001,28,15.0,Lunch,True
2026-06-11,P002,21,20.0,Lunch,True
2026-06-11,P003,27,35.0,Lunch,True
2026-06-11,P004,22,25.0,Lunch,True
2026-06-11,P005,9,15.0,Lunch,True
2026-06-11,P019,13,45.0,Lunch,True
2026-06-11,P021,13,65.0,Lunch,True
2026-06-11,P001,29,15.0,Evening,True
2026-06-11,P002,25,20.0,Evening,True
2026-06-11,P003,10,35.0,Evening,True
2026-06-11,P004,14,25.0,Evening,True
2026-06-11,P005,53,15.0,Evening,True
2026-06-11,P006,26,20.0,Evening,True
2026-06-11,P011,27,20.0,Evening,True
2026-06-11,P019,20,45.0,Evening,True
2026-06-11,P020,26,60.0,Evening,True
2026-06-11,P021,14,65.0,Evening,True
2026-06-11,P022,21,25.0,Evening,True
2026-06-11,P007,16,25.0,Evening,True
2026-06-11,P018,19,60.0,Evening,True
2026-06-11,P017,8,70.0,Evening,True
2026-06-11,P014,16,50.0,Evening,True
2026-06-12,P001,41,15.0,Morning,True
2026-06-12,P002,13,20.0,Morning,True
2026-06-12,P007,21,25.0,Morning,True
2026-06-12,P008,13,50.0,Morning,True
2026-06-12,P009,26,40.0,Morning,True
2026-06-12,P010,21,60.0,Morning,True
2026-06-12,P011,19,20.0,Morning,True
2026-06-12,P005,32,15.0,Morning,True
2026-06-12,P006,18,20.0,Morning,True
2026-06-12,P004,7,25.0,Morning,True
2026-06-12,P012,33,80.0,Lunch,True
2026-06-12,P013,29,60.0,Lunch,True
2026-06-12,P014,18,50.0,Lunch,True
2026-06-12,P015,12,90.0,Lunch,True
2026-06-12,P016,17,75.0,Lunch,True
2026-06-12,P017,22,70.0,Lunch,True
2026-06-12,P001,31,15.0,Lunch,True
2026-06-12,P002,13,20.0,Lunch,True
2026-06-12,P003,21,35.0,Lunch,True
2026-06-12,P004,20,25.0,Lunch,True
2026-06-12,P019,10,45.0,Lunch,True
2026-06-12,P021,22,65.0,Lunch,True
2026-06-12,P001,56,15.0,Evening,True
2026-06-12,P002,33,20.0,Evening,True
2026-06-12,P003,17,35.0,Evening,True
2026-06-12,P004,11,25.0,Evening,True
2026-06-12,P005,42,15.0,Evening,True
2026-06-12,P006,32,20.0,Evening,True
2026-06-12,P011,36,20.0,Evening,True
2026-06-12,P019,30,45.0,Evening,True
2026-06-12,P020,23,60.0,Evening,True
2026-06-12,P021,14,65.0,Evening,True
2026-06-12,P022,29,25.0,Evening,True
2026-06-12,P007,17,25.0,Evening,True
2026-06-12,P018,14,60.0,Evening,True
2026-06-12,P017,18,70.0,Evening,True
2026-06-12,P014,10,50.0,Evening,True
2026-06-13,P001,14,15.0,Morning,False
2026-06-13,P002,4,20.0,Morning,False
2026-06-13,P007,8,25.0,Morning,False
2026-06-13,P008,5,50.0,Morning,False
2026-06-13,P009,7,40.0,Morning,False
2026-06-13,P010,2,60.0,Morning,False
2026-06-13,P011,5,20.0,Morning,False
2026-06-13,P005,7,15.0,Morning,False
2026-06-13,P006,6,20.0,Morning,False
2026-06-13,P004,3,25.0,Morning,False
2026-06-13,P012,6,80.0,Lunch,False
2026-06-13,P013,8,60.0,Lunch,False
2026-06-13,P014,4,50.0,Lunch,False
2026-06-13,P015,4,90.0,Lunch,False
2026-06-13,P016,9,75.0,Lunch,False
2026-06-13,P017,10,70.0,Lunch,False
2026-06-13,P018,5,60.0,Lunch,False
2026-06-13,P001,9,15.0,Lunch,False
2026-06-13,P002,4,20.0,Lunch,False
2026-06-13,P003,8,35.0,Lunch,False
2026-06-13,P004,9,25.0,Lunch,False
2026-06-13,P005,4,15.0,Lunch,False
2026-06-13,P019,6,45.0,Lunch,False
2026-06-13,P021,6,65.0,Lunch,False
2026-06-13,P001,15,15.0,Evening,False
2026-06-13,P002,11,20.0,Evening,False
2026-06-13,P003,3,35.0,Evening,False
2026-06-13,P004,3,25.0,Evening,False
2026-06-13,P005,12,15.0,Evening,False
2026-06-13,P006,7,20.0,Evening,False
2026-06-13,P011,5,20.0,Evening,False
2026-06-13,P019,9,45.0,Evening,False
2026-06-13,P020,6,60.0,Evening,False
2026-06-13,P021,4,65.0,Evening,False
2026-06-13,P022,4,25.0,Evening,False
2026-06-13,P007,2,25.0,Evening,False
2026-06-13,P018,7,60.0,Evening,False
2026-06-13,P017,2,70.0,Evening,False
2026-06-13,P014,2,50.0,Evening,False
2026-06-14,P001,16,15.0,Morning,False
2026-06-14,P002,6,20.0,Morning,False
2026-06-14,P008,8,50.0,Morning,False
2026-06-14,P009,8,40.0,Morning,False
2026-06-14,P010,3,60.0,Morning,False
2026-06-14,P011,8,20.0,Morning,False
2026-06-14,P005,5,15.0,Morning,False
2026-06-14,P006,8,20.0,Morning,False
2026-06-14,P004,4,25.0,Morning,False
2026-06-14,P012,6,80.0,Lunch,False
2026-06-14,P013,7,60.0,Lunch,False
2026-06-14,P014,7,50.0,Lunch,False
2026-06-14,P015,7,90.0,Lunch,False
2026-06-14,P016,4,75.0,Lunch,False
2026-06-14,P017,7,70.0,Lunch,False
2026-06-14,P018,4,60.0,Lunch,False
2026-06-14,P001,10,15.0,Lunch,False
2026-06-14,P002,3,20.0,Lunch,False
2026-06-14,P003,8,35.0,Lunch,False
2026-06-14,P004,4,25.0,Lunch,False
2026-06-14,P005,5,15.0,Lunch,False
2026-06-14,P019,5,45.0,Lunch,False
2026-06-14,P021,3,65.0,Lunch,False
2026-06-14,P001,12,15.0,Evening,False
2026-06-14,P002,8,20.0,Evening,False
2026-06-14,P003,6,35.0,Evening,False
2026-06-14,P004,7,25.0,Evening,False
2026-06-14,P005,13,15.0,Evening,False
2026-06-14,P006,5,20.0,Evening,False
2026-06-14,P011,7,20.0,Evening,False
2026-06-14,P019,9,45.0,Evening,False
2026-06-14,P020,5,60.0,Evening,False
2026-06-14,P021,8,65.0,Evening,False
2026-06-14,P022,6,25.0,Evening,False
2026-06-14,P007,2,25.0,Evening,False
2026-06-14,P018,4,60.0,Evening,False
2026-06-14,P017,2,70.0,Evening,False
2026-06-14,P014,3,50.0,Evening,False
2026-06-15,P001,40,15.0,Morning,True
2026-06-15,P002,21,20.0,Morning,True
2026-06-15,P007,25,25.0,Morning,True
2026-06-15,P008,14,50.0,Morning,True
2026-06-15,P009,30,40.0,Morning,True
2026-06-15,P010,18,60.0,Morning,True
2026-06-15,P011,26,20.0,Morning,True
2026-06-15,P005,29,15.0,Morning,True
2026-06-15,P006,30,20.0,Morning,True
2026-06-15,P004,8,25.0,Morning,True
2026-06-15,P012,24,80.0,Lunch,True
2026-06-15,P013,18,60.0,Lunch,True
2026-06-15,P014,26,50.0,Lunch,True
2026-06-15,P015,21,90.0,Lunch,True
2026-06-15,P016,19,75.0,Lunch,True
2026-06-15,P017,25,70.0,Lunch,True
2026-06-15,P018,29,60.0,Lunch,True
2026-06-15,P001,24,15.0,Lunch,True
2026-06-15,P002,14,20.0,Lunch,True
2026-06-15,P003,21,35.0,Lunch,True
2026-06-15,P004,23,25.0,Lunch,True
2026-06-15,P005,10,15.0,Lunch,True
2026-06-15,P019,19,45.0,Lunch,True
2026-06-15,P021,12,65.0,Lunch,True
2026-06-15,P001,62,15.0,Evening,True
2026-06-15,P002,31,20.0,Evening,True
2026-06-15,P003,15,35.0,Evening,True
2026-06-15,P004,16,25.0,Evening,True
2026-06-15,P005,57,15.0,Evening,True
2026-06-15,P006,31,20.0,Evening,True
2026-06-15,P011,30,20.0,Evening,True
2026-06-15,P019,31,45.0,Evening,True
2026-06-15,P020,27,60.0,Evening,True
2026-06-15,P021,15,65.0,Evening,True
2026-06-15,P022,14,25.0,Evening,True
2026-06-15,P007,12,25.0,Evening,True
2026-06-15,P018,12,60.0,Evening,True
2026-06-15,P017,20,70.0,Evening,True
2026-06-15,P014,7,50.0,Evening,True
2026-06-16,P001,55,15.0,Morning,True
2026-06-16,P002,35,20.0,Morning,True
2026-06-16,P007,31,25.0,Morning,True
2026-06-16,P008,18,50.0,Morning,True
2026-06-16,P009,16,40.0,Morning,True
2026-06-16,P010,13,60.0,Morning,True
2026-06-16,P011,28,20.0,Morning,True
2026-06-16,P005,32,15.0,Morning,True
2026-06-16,P006,29,20.0,Morning,True
2026-06-16,P004,20,25.0,Morning,True
2026-06-16,P012,36,80.0,Lunch,True
2026-06-16,P013,44,60.0,Lunch,True
2026-06-16,P014,37,50.0,Lunch,True
2026-06-16,P015,19,90.0,Lunch,True
2026-06-16,P016,28,75.0,Lunch,True
2026-06-16,P017,35,70.0,Lunch,True
2026-06-16,P018,23,60.0,Lunch,True
2026-06-16,P001,27,15.0,Lunch,True
2026-06-16,P002,12,20.0,Lunch,True
2026-06-16,P003,16,35.0,Lunch,True
2026-06-16,P004,16,25.0,Lunch,True
2026-06-16,P005,17,15.0,Lunch,True
2026-06-16,P019,19,45.0,Lunch,True
2026-06-16,P021,15,65.0,Lunch,True
2026-06-16,P001,34,15.0,Evening,True
2026-06-16,P002,35,20.0,Evening,True
2026-06-16,P003,25,35.0,Evening,True
2026-06-16,P004,14,25.0,Evening,True
2026-06-16,P005,32,15.0,Evening,True
2026-06-16,P006,34,20.0,Evening,True
2026-06-16,P011,24,20.0,Evening,True
2026-06-16,P019,33,45.0,Evening,True
2026-06-16,P020,15,60.0,Evening,True
2026-06-16,P021,29,65.0,Evening,True
2026-06-16,P022,18,25.0,Evening,True
2026-06-16,P007,18,25.0,Evening,True
2026-06-16,P018,24,60.0,Evening,True
2026-06-16,P017,12,70.0,Evening,True
2026-06-16,P014,15,50.0,Evening,True
2026-06-17,P001,45,15.0,Morning,True
2026-06-17,P002,30,20.0,Morning,True
2026-06-17,P007,23,25.0,Morning,True
2026-06-17,P008,28,50.0,Morning,True
2026-06-17,P009,22,40.0,Morning,True
2026-06-17,P010,18,60.0,Morning,True
2026-06-17,P011,14,20.0,Morning,True
2026-06-17,P005,19,15.0,Morning,True
2026-06-17,P006,21,20.0,Morning,True
2026-06-17,P004,15,25.0,Morning,True
2026-06-17,P012,24,80.0,Lunch,True
2026-06-17,P013,41,60.0,Lunch,True
2026-06-17,P014,23,50.0,Lunch,True
2026-06-17,P015,25,90.0,Lunch,True
2026-06-17,P016,30,75.0,Lunch,True
2026-06-17,P017,21,70.0,Lunch,True
2026-06-17,P018,21,60.0,Lunch,True
2026-06-17,P001,35,15.0,Lunch,True
2026-06-17,P002,24,20.0,Lunch,True
2026-06-17,P003,20,35.0,Lunch,True
2026-06-17,P004,20,25.0,Lunch,True
2026-06-17,P005,13,15.0,Lunch,True
2026-06-17,P019,12,45.0,Lunch,True
2026-06-17,P021,16,65.0,Lunch,True
2026-06-17,P001,39,15.0,Evening,True
2026-06-17,P002,30,20.0,Evening,True
2026-06-17,P003,22,35.0,Evening,True
2026-06-17,P004,19,25.0,Evening,True
2026-06-17,P005,40,15.0,Evening,True
2026-06-17,P006,46,20.0,Evening,True
2026-06-17,P011,25,20.0,Evening,True
2026-06-17,P019,24,45.0,Evening,True
2026-06-17,P020,21,60.0,Evening,True
2026-06-17,P021,27,65.0,Evening,True
2026-06-17,P022,24,25.0,Evening,True
2026-06-17,P018,9,60.0,Evening,True
2026-06-17,P017,12,70.0,Evening,True
2026-06-17,P014,7,50.0,Evening,True
2026-06-18,P001,29,15.0,Morning,True
2026-06-18,P002,23,20.0,Morning,True
2026-06-18,P007,39,25.0,Morning,True
2026-06-18,P008,24,50.0,Morning,True
2026-06-18,P010,23,60.0,Morning,True
2026-06-18,P011,30,20.0,Morning,True
2026-06-18,P005,23,15.0,Morning,True
2026-06-18,P006,27,20.0,Morning,True
2026-06-18,P004,10,25.0,Morning,True
2026-06-18,P012,32,80.0,Lunch,True
2026-06-18,P013,50,60.0,Lunch,True
2026-06-18,P014,35,50.0,Lunch,True
2026-06-18,P015,14,90.0,Lunch,True
2026-06-18,P016,28,75.0,Lunch,True
2026-06-18,P017,40,70.0,Lunch,True
2026-06-18,P018,25,60.0,Lunch,True
2026-06-18,P001,40,15.0,Lunch,True
2026-06-18,P002,14,20.0,Lunch,True
2026-06-18,P003,23,35.0,Lunch,True
2026-06-18,P004,28,25.0,Lunch,True
2026-06-18,P005,20,15.0,Lunch,True
2026-06-18,P019,13,45.0,Lunch,True
2026-06-18,P021,15,65.0,Lunch,True
2026-06-18,P001,80,15.0,Evening,True
2026-06-18,P002,21,20.0,Evening,True
2026-06-18,P003,20,35.0,Evening,True
2026-06-18,P004,30,25.0,Evening,True
2026-06-18,P005,43,15.0,Evening,True
2026-06-18,P006,56,20.0,Evening,True
2026-06-18,P011,25,20.0,Evening,True
2026-06-18,P019,26,45.0,Evening,True
2026-06-18,P020,17,60.0,Evening,True
2026-06-18,P021,19,65.0,Evening,True
2026-06-18,P022,35,25.0,Evening,True
2026-06-18,P007,14,25.0,Evening,True
2026-06-18,P018,22,60.0,Evening,True
2026-06-18,P017,16,70.0,Evening,True
2026-06-18,P014,9,50.0,Evening,True
2026-06-19,P001,52,15.0,Morning,True
2026-06-19,P002,20,20.0,Morning,True
2026-06-19,P007,22,25.0,Morning,True
2026-06-19,P008,11,50.0,Morning,True
2026-06-19,P009,27,40.0,Morning,True
2026-06-19,P010,21,60.0,Morning,True
2026-06-19,P011,12,20.0,Morning,True
2026-06-19,P005,15,15.0,Morning,True
2026-06-19,P006,27,20.0,Morning,True
2026-06-19,P004,16,25.0,Morning,True
2026-06-19,P012,19,80.0,Lunch,True
2026-06-19,P013,42,60.0,Lunch,True
2026-06-19,P014,31,50.0,Lunch,True
2026-06-19,P015,21,90.0,Lunch,True
2026-06-19,P016,15,75.0,Lunch,True
2026-06-19,P017,32,70.0,Lunch,True
2026-06-19,P018,31,60.0,Lunch,True
2026-06-19,P001,34,15.0,Lunch,True
2026-06-19,P002,10,20.0,Lunch,True
2026-06-19,P003,25,35.0,Lunch,True
2026-06-19,P004,20,25.0,Lunch,True
2026-06-19,P005,21,15.0,Lunch,True
2026-06-19,P019,13,45.0,Lunch,True
2026-06-19,P021,15,65.0,Lunch,True
2026-06-19,P001,32,15.0,Evening,True
2026-06-19,P002,32,20.0,Evening,True
2026-06-19,P003,17,35.0,Evening,True
2026-06-19,P004,24,25.0,Evening,True
2026-06-19,P005,48,15.0,Evening,True
2026-06-19,P006,18,20.0,Evening,True
2026-06-19,P011,26,20.0,Evening,True
2026-06-19,P020,24,60.0,Evening,True
2026-06-19,P021,21,65.0,Evening,True
2026-06-19,P022,21,25.0,Evening,True
2026-06-19,P007,17,25.0,Evening,True
2026-06-19,P018,21,60.0,Evening,True
2026-06-19,P017,12,70.0,Evening,True
2026-06-19,P014,16,50.0,Evening,True
2026-06-20,P001,21,15.0,Morning,False
2026-06-20,P002,9,20.0,Morning,False
2026-06-20,P007,5,25.0,Morning,False
2026-06-20,P008,4,50.0,Morning,False
2026-06-20,P009,13,40.0,Morning,False
2026-06-20,P010,3,60.0,Morning,False
2026-06-20,P011,9,20.0,Morning,False
2026-06-20,P005,8,15.0,Morning,False
2026-06-20,P006,6,20.0,Morning,False
2026-06-20,P004,5,25.0,Morning,False
2026-06-20,P012,10,80.0,Lunch,False
2026-06-20,P013,6,60.0,Lunch,False
2026-06-20,P014,12,50.0,Lunch,False
2026-06-20,P015,10,90.0,Lunch,False
2026-06-20,P017,9,70.0,Lunch,False
2026-06-20,P018,12,60.0,Lunch,False
2026-06-20,P001,10,15.0,Lunch,False
2026-06-20,P002,6,20.0,Lunch,False
2026-06-20,P003,5,35.0,Lunch,False
2026-06-20,P004,7,25.0,Lunch,False
2026-06-20,P005,7,15.0,Lunch,False
2026-06-20,P019,3,45.0,Lunch,False
2026-06-20,P021,5,65.0,Lunch,False
2026-06-20,P001,26,15.0,Evening,False
2026-06-20,P002,10,20.0,Evening,False
2026-06-20,P003,5,35.0,Evening,False
2026-06-20,P004,7,25.0,Evening,False
2026-06-20,P005,21,15.0,Evening,False
2026-06-20,P006,14,20.0,Evening,False
2026-06-20,P011,6,20.0,Evening,False
2026-06-20,P019,5,45.0,Evening,False
2026-06-20,P021,11,65.0,Evening,False
2026-06-20,P022,5,25.0,Evening,False
2026-06-20,P007,5,25.0,Evening,False
2026-06-20,P018,6,60.0,Evening,False
2026-06-20,P017,5,70.0,Evening,False
2026-06-20,P014,2,50.0,Evening,False
2026-06-21,P001,15,15.0,Morning,False
2026-06-21,P007,10,25.0,Morning,False
2026-06-21,P008,10,50.0,Morning,False
2026-06-21,P009,5,40.0,Morning,False
2026-06-21,P010,4,60.0,Morning,False
2026-06-21,P011,7,20.0,Morning,False
2026-06-21,P005,5,15.0,Morning,False
2026-06-21,P006,5,20.0,Morning,False
2026-06-21,P004,4,25.0,Morning,False
2026-06-21,P012,12,80.0,Lunch,False
2026-06-21,P013,12,60.0,Lunch,False
2026-06-21,P014,7,50.0,Lunch,False
2026-06-21,P015,10,90.0,Lunch,False
2026-06-21,P016,9,75.0,Lunch,False
2026-06-21,P017,6,70.0,Lunch,False
2026-06-21,P018,5,60.0,Lunch,False
2026-06-21,P001,10,15.0,Lunch,False
2026-06-21,P002,5,20.0,Lunch,False
2026-06-21,P003,6,35.0,Lunch,False
2026-06-21,P004,5,25.0,Lunch,False
2026-06-21,P005,5,15.0,Lunch,False
2026-06-21,P021,9,65.0,Lunch,False
2026-06-21,P001,24,15.0,Evening,False
2026-06-21,P002,13,20.0,Evening,False
2026-06-21,P003,7,35.0,Evening,False
2026-06-21,P004,5,25.0,Evening,False
2026-06-21,P005,8,15.0,Evening,False
2026-06-21,P006,9,20.0,Evening,False
2026-06-21,P011,6,20.0,Evening,False
2026-06-21,P019,12,45.0,Evening,False
2026-06-21,P020,7,60.0,Evening,False
2026-06-21,P021,13,65.0,Evening,False
2026-06-21,P022,4,25.0,Evening,False
2026-06-21,P007,5,25.0,Evening,False
2026-06-21,P018,5,60.0,Evening,False
2026-06-21,P017,6,70.0,Evening,False
2026-06-21,P014,6,50.0,Evening,False
2026-06-22,P001,57,15.0,Morning,True
2026-06-22,P002,34,20.0,Morning,True
2026-06-22,P007,23,25.0,Morning,True
2026-06-22,P008,16,50.0,Morning,True
2026-06-22,P009,18,40.0,Morning,True
2026-06-22,P010,22,60.0,Morning,True
2026-06-22,P011,31,20.0,Morning,True
2026-06-22,P005,23,15.0,Morning,True
2026-06-22,P006,21,20.0,Morning,True
2026-06-22,P004,15,25.0,Morning,True
2026-06-22,P012,38,80.0,Lunch,True
2026-06-22,P013,23,60.0,Lunch,True
2026-06-22,P014,27,50.0,Lunch,True
2026-06-22,P015,30,90.0,Lunch,True
2026-06-22,P016,15,75.0,Lunch,True
2026-06-22,P017,29,70.0,Lunch,True
2026-06-22,P018,22,60.0,Lunch,True
2026-06-22,P001,21,15.0,Lunch,True
2026-06-22,P002,11,20.0,Lunch,True
2026-06-22,P003,19,35.0,Lunch,True
2026-06-22,P004,26,25.0,Lunch,True
2026-06-22,P019,23,45.0,Lunch,True
2026-06-22,P021,24,65.0,Lunch,True
2026-06-22,P001,45,15.0,Evening,True
2026-06-22,P002,24,20.0,Evening,True
2026-06-22,P003,13,35.0,Evening,True
2026-06-22,P004,32,25.0,Evening,True
2026-06-22,P005,47,15.0,Evening,True
2026-06-22,P006,32,20.0,Evening,True
2026-06-22,P011,41,20.0,Evening,True
2026-06-22,P019,33,45.0,Evening,True
2026-06-22,P020,15,60.0,Evening,True
2026-06-22,P021,26,65.0,Evening,True
2026-06-22,P022,20,25.0,Evening,True
2026-06-22,P007,13,25.0,Evening,True
2026-06-22,P018,10,60.0,Evening,True
2026-06-22,P017,10,70.0,Evening,True
2026-06-22,P014,13,50.0,Evening,True
2026-06-23,P001,45,15.0,Morning,True
2026-06-23,P002,27,20.0,Morning,True
2026-06-23,P007,29,25.0,Morning,True
2026-06-23,P008,15,50.0,Morning,True
2026-06-23,P009,32,40.0,Morning,True
2026-06-23,P010,27,60.0,Morning,True
2026-06-23,P011,20,20.0,Morning,True
2026-06-23,P005,22,15.0,Morning,True
2026-06-23,P006,24,20.0,Morning,True
2026-06-23,P004,20,25.0,Morning,True
2026-06-23,P012,55,80.0,Lunch,True
2026-06-23,P013,44,60.0,Lunch,True
2026-06-23,P014,33,50.0,Lunch,True
2026-06-23,P015,29,90.0,Lunch,True
2026-06-23,P016,20,75.0,Lunch,True
2026-06-23,P017,22,70.0,Lunch,True
2026-06-23,P018,35,60.0,Lunch,True
2026-06-23,P001,46,15.0,Lunch,True
2026-06-23,P002,24,20.0,Lunch,True
2026-06-23,P003,21,35.0,Lunch,True
2026-06-23,P004,28,25.0,Lunch,True
2026-06-23,P005,27,15.0,Lunch,True
2026-06-23,P019,18,45.0,Lunch,True
2026-06-23,P021,17,65.0,Lunch,True
2026-06-23,P001,52,15.0,Evening,True
2026-06-23,P003,20,35.0,Evening,True
2026-06-23,P004,32,25.0,Evening,True
2026-06-23,P005,31,15.0,Evening,True
2026-06-23,P006,48,20.0,Evening,True
2026-06-23,P011,31,20.0,Evening,True
2026-06-23,P019,23,45.0,Evening,True
2026-06-23,P020,18,60.0,Evening,True
2026-06-23,P021,28,65.0,Evening,True
2026-06-23,P022,20,25.0,Evening,True
2026-06-23,P007,9,25.0,Evening,True
2026-06-23,P018,19,60.0,Evening,True
2026-06-23,P017,14,70.0,Evening,True
2026-06-23,P014,17,50.0,Evening,True
2026-06-24,P001,39,15.0,Morning,True
2026-06-24,P002,36,20.0,Morning,True
2026-06-24,P007,25,25.0,Morning,True
2026-06-24,P009,24,40.0,Morning,True
2026-06-24,P010,25,60.0,Morning,True
2026-06-24,P011,26,20.0,Morning,True
2026-06-24,P005,18,15.0,Morning,True
2026-06-24,P006,31,20.0,Morning,True
2026-06-24,P004,9,25.0,Morning,True
2026-06-24,P012,41,80.0,Lunch,True
2026-06-24,P013,19,60.0,Lunch,True
2026-06-24,P014,23,50.0,Lunch,True
2026-06-24,P015,26,90.0,Lunch,True
2026-06-24,P016,19,75.0,Lunch,True
2026-06-24,P017,38,70.0,Lunch,True
2026-06-24,P018,30,60.0,Lunch,True
2026-06-24,P001,27,15.0,Lunch,True
2026-06-24,P002,12,20.0,Lunch,True
2026-06-24,P003,31,35.0,Lunch,True
2026-06-24,P004,26,25.0,Lunch,True
2026-06-24,P005,25,15.0,Lunch,True
2026-06-24,P019,16,45.0,Lunch,True
2026-06-24,P021,15,65.0,Lunch,True
2026-06-24,P001,48,15.0,Evening,True
2026-06-24,P002,38,20.0,Evening,True
2026-06-24,P003,18,35.0,Evening,True
2026-06-24,P004,22,25.0,Evening,True
2026-06-24,P005,42,15.0,Evening,True
2026-06-24,P006,25,20.0,Evening,True
2026-06-24,P019,30,45.0,Evening,True
2026-06-24,P020,27,60.0,Evening,True
2026-06-24,P021,28,65.0,Evening,True
2026-06-24,P022,15,25.0,Evening,True
2026-06-24,P007,19,25.0,Evening,True
2026-06-24,P018,22,60.0,Evening,True
2026-06-24,P017,18,70.0,Evening,True
2026-06-24,P014,15,50.0,Evening,True
2026-06-25,P001,29,15.0,Morning,True
2026-06-25,P002,16,20.0,Morning,True
2026-06-25,P007,20,25.0,Morning,True
2026-06-25,P008,24,50.0,Morning,True
2026-06-25,P009,14,40.0,Morning,True
2026-06-25,P010,21,60.0,Morning,True
2026-06-25,P011,25,20.0,Morning,True
2026-06-25,P005,29,15.0,Morning,True
2026-06-25,P006,23,20.0,Morning,True
2026-06-25,P004,17,25.0,Morning,True
2026-06-25,P012,31,80.0,Lunch,True
2026-06-25,P013,16,60.0,Lunch,True
2026-06-25,P014,18,50.0,Lunch,True
2026-06-25,P016,15,75.0,Lunch,True
2026-06-25,P017,27,70.0,Lunch,True
2026-06-25,P018,27,60.0,Lunch,True
2026-06-25,P001,26,15.0,Lunch,True
2026-06-25,P002,19,20.0,Lunch,True
2026-06-25,P003,18,35.0,Lunch,True
2026-06-25,P004,14,25.0,Lunch,True
2026-06-25,P005,20,15.0,Lunch,True
2026-06-25,P019,13,45.0,Lunch,True
2026-06-25,P021,13,65.0,Lunch,True
2026-06-25,P001,62,15.0,Evening,True
2026-06-25,P002,36,20.0,Evening,True
2026-06-25,P003,14,35.0,Evening,True
2026-06-25,P004,16,25.0,Evening,True
2026-06-25,P005,28,15.0,Evening,True
2026-06-25,P006,37,20.0,Evening,True
2026-06-25,P011,20,20.0,Evening,True
2026-06-25,P019,22,45.0,Evening,True
2026-06-25,P020,13,60.0,Evening,True
2026-06-25,P021,23,65.0,Evening,True
2026-06-25,P022,16,25.0,Evening,True
2026-06-25,P007,10,25.0,Evening,True
2026-06-25,P018,20,60.0,Evening,True
2026-06-25,P017,12,70.0,Evening,True
2026-06-25,P014,10,50.0,Evening,True
2026-06-26,P001,47,15.0,Morning,True
2026-06-26,P007,25,25.0,Morning,True
2026-06-26,P008,30,50.0,Morning,True
2026-06-26,P009,33,40.0,Morning,True
2026-06-26,P010,22,60.0,Morning,True
2026-06-26,P011,15,20.0,Morning,True
2026-06-26,P005,18,15.0,Morning,True
2026-06-26,P006,25,20.0,Morning,True
2026-06-26,P004,10,25.0,Morning,True
2026-06-26,P012,43,80.0,Lunch,True
2026-06-26,P013,48,60.0,Lunch,True
2026-06-26,P014,25,50.0,Lunch,True
2026-06-26,P015,15,90.0,Lunch,True
2026-06-26,P016,22,75.0,Lunch,True
2026-06-26,P017,18,70.0,Lunch,True
2026-06-26,P018,20,60.0,Lunch,True
2026-06-26,P001,29,15.0,Lunch,True
2026-06-26,P003,20,35.0,Lunch,True
2026-06-26,P004,23,25.0,Lunch,True
2026-06-26,P005,16,15.0,Lunch,True
2026-06-26,P019,14,45.0,Lunch,True
2026-06-26,P021,13,65.0,Lunch,True
2026-06-26,P001,62,15.0,Evening,True
2026-06-26,P002,29,20.0,Evening,True
2026-06-26,P003,16,35.0,Evening,True
2026-06-26,P004,29,25.0,Evening,True
2026-06-26,P005,63,15.0,Evening,True
2026-06-26,P006,45,20.0,Evening,True
2026-06-26,P011,38,20.0,Evening,True
2026-06-26,P019,27,45.0,Evening,True
2026-06-26,P020,21,60.0,Evening,True
2026-06-26,P021,27,65.0,Evening,True
2026-06-26,P022,20,25.0,Evening,True
2026-06-26,P007,13,25.0,Evening,True
2026-06-26,P018,14,60.0,Evening,True
2026-06-26,P017,21,70.0,Evening,True
2026-06-26,P014,9,50.0,Evening,True
2026-06-27,P001,10,15.0,Morning,False
2026-06-27,P002,13,20.0,Morning,False
2026-06-27,P007,10,25.0,Morning,False
2026-06-27,P008,7,50.0,Morning,False
2026-06-27,P009,8,40.0,Morning,False
2026-06-27,P010,7,60.0,Morning,False
2026-06-27,P011,11,20.0,Morning,False
2026-06-27,P005,12,15.0,Morning,False
2026-06-27,P006,5,20.0,Morning,False
2026-06-27,P004,3,25.0,Morning,False
2026-06-27,P013,16,60.0,Lunch,False
2026-06-27,P014,10,50.0,Lunch,False
2026-06-27,P015,6,90.0,Lunch,False
2026-06-27,P016,7,75.0,Lunch,False
2026-06-27,P017,9,70.0,Lunch,False
2026-06-27,P018,5,60.0,Lunch,False
2026-06-27,P001,14,15.0,Lunch,False
2026-06-27,P002,9,20.0,Lunch,False
2026-06-27,P003,10,35.0,Lunch,False
2026-06-27,P004,12,25.0,Lunch,False
2026-06-27,P005,8,15.0,Lunch,False
2026-06-27,P019,5,45.0,Lunch,False
2026-06-27,P021,10,65.0,Lunch,False
2026-06-27,P001,17,15.0,Evening,False
2026-06-27,P002,13,20.0,Evening,False
2026-06-27,P003,7,35.0,Evening,False
2026-06-27,P004,4,25.0,Evening,False
2026-06-27,P005,9,15.0,Evening,False
2026-06-27,P006,12,20.0,Evening,False
2026-06-27,P011,6,20.0,Evening,False
2026-06-27,P019,11,45.0,Evening,False
2026-06-27,P020,7,60.0,Evening,False
2026-06-27,P021,14,65.0,Evening,False
2026-06-27,P022,6,25.0,Evening,False
2026-06-27,P007,2,25.0,Evening,False
2026-06-27,P018,6,60.0,Evening,False
2026-06-27,P017,4,70.0,Evening,False
2026-06-27,P014,5,50.0,Evening,False
2026-06-28,P001,14,15.0,Morning,False
2026-06-28,P002,11,20.0,Morning,False
2026-06-28,P007,6,25.0,Morning,False
2026-06-28,P008,5,50.0,Morning,False
2026-06-28,P009,7,40.0,Morning,False
2026-06-28,P010,6,60.0,Morning,False
2026-06-28,P011,7,20.0,Morning,False
2026-06-28,P005,7,15.0,Morning,False
2026-06-28,P006,5,20.0,Morning,False
2026-06-28,P004,2,25.0,Morning,False
2026-06-28,P012,7,80.0,Lunch,False
2026-06-28,P013,6,60.0,Lunch,False
2026-06-28,P014,5,50.0,Lunch,False
2026-06-28,P015,4,90.0,Lunch,False
2026-06-28,P016,4,75.0,Lunch,False
2026-06-28,P017,5,70.0,Lunch,False
2026-06-28,P001,6,15.0,Lunch,False
2026-06-28,P002,7,20.0,Lunch,False
2026-06-28,P003,10,35.0,Lunch,False
2026-06-28,P004,6,25.0,Lunch,False
2026-06-28,P005,7,15.0,Lunch,False
2026-06-28,P019,7,45.0,Lunch,False
2026-06-28,P021,6,65.0,Lunch,False
2026-06-28,P001,20,15.0,Evening,False
2026-06-28,P002,10,20.0,Evening,False
2026-06-28,P003,6,35.0,Evening,False
2026-06-28,P004,10,25.0,Evening,False
2026-06-28,P005,10,15.0,Evening,False
2026-06-28,P006,13,20.0,Evening,False
2026-06-28,P011,5,20.0,Evening,False
2026-06-28,P019,11,45.0,Evening,False
2026-06-28,P020,10,60.0,Evening,False
2026-06-28,P021,9,65.0,Evening,False
2026-06-28,P022,9,25.0,Evening,False
2026-06-28,P007,6,25.0,Evening,False
2026-06-28,P018,3,60.0,Evening,False
2026-06-28,P017,6,70.0,Evening,False
2026-06-28,P014,6,50.0,Evening,False
2026-06-29,P001,63,15.0,Morning,True
2026-06-29,P002,41,20.0,Morning,True
2026-06-29,P007,19,25.0,Morning,True
2026-06-29,P008,15,50.0,Morning,True
2026-06-29,P009,27,40.0,Morning,True
2026-06-29,P010,26,60.0,Morning,True
2026-06-29,P011,25,20.0,Morning,True
2026-06-29,P005,17,15.0,Morning,True
2026-06-29,P006,28,20.0,Morning,True
2026-06-29,P004,19,25.0,Morning,True
2026-06-29,P012,28,80.0,Lunch,True
2026-06-29,P013,22,60.0,Lunch,True
2026-06-29,P014,26,50.0,Lunch,True
2026-06-29,P015,31,90.0,Lunch,True
2026-06-29,P016,32,75.0,Lunch,True
2026-06-29,P017,42,70.0,Lunch,True
2026-06-29,P018,22,60.0,Lunch,True
2026-06-29,P001,26,15.0,Lunch,True
2026-06-29,P002,17,20.0,Lunch,True
2026-06-29,P003,33,35.0,Lunch,True
2026-06-29,P004,29,25.0,Lunch,True
2026-06-29,P005,26,15.0,Lunch,True
2026-06-29,P021,30,65.0,Lunch,True
2026-06-29,P001,57,15.0,Evening,True
2026-06-29,P002,41,20.0,Evening,True
2026-06-29,P003,12,35.0,Evening,True
2026-06-29,P004,14,25.0,Evening,True
2026-06-29,P005,33,15.0,Evening,True
2026-06-29,P006,56,20.0,Evening,True
2026-06-29,P011,26,20.0,Evening,True
2026-06-29,P019,33,45.0,Evening,True
2026-06-29,P021,28,65.0,Evening,True
2026-06-29,P022,30,25.0,Evening,True
2026-06-29,P007,22,25.0,Evening,True
2026-06-29,P018,24,60.0,Evening,True
2026-06-29,P017,17,70.0,Evening,True
2026-06-29,P014,14,50.0,Evening,True
